county,year,wheat_yield,maize_yield,sunflower_yield,emigration_rate_15_64,immigration_rate_15_64,net_migration_rate_15_64,aff_employment_share,change_aff_employment_share,agri_employment_number,agri_workers_per_1000ha,ha_per_agri_worker,change_agri_employment_number,change_agri_employment_pct,change_agri_employment_share,decline_agri_employment_number,decline_agri_employment_pct,decline_agri_employment_share,residual_mechanization_index,density_mechanization_index,annual_mean_temperature_c,annual_precipitation_mm,rural_population_share,selected_crop_area_ha,log_selected_crop_area,wheat_area_share,maize_area_share,sunflower_area_share,z_emigration_rate_15_64,z_aff_employment_share,z_change_aff_employment_share,z_residual_mechanization_index,z_annual_mean_temperature_c,z_annual_precipitation_mm,z_rural_population_share,z_log_selected_crop_area,z_wheat_area_share,z_maize_area_share,z_sunflower_area_share,z_agri_employment_number,z_agri_workers_per_1000ha,z_ha_per_agri_worker,z_change_agri_employment_number,z_change_agri_employment_pct,z_change_agri_employment_share,z_decline_agri_employment_number,z_decline_agri_employment_pct,z_decline_agri_employment_share,z_density_mechanization_index,z_net_migration_rate_15_64,z_immigration_rate_15_64
Alba,2012,2.554843409,1.97795903,1.494949495,0.966313948,0.287282525,-0.6790314226143581,22.03972498090145,,49500,772.1947490757063,1.295010101010101,,,,,,,0.325906016826278,0.325602291,8.933328869,763.6737988,41.89150301,64103,11.068246443685663,21.41865435,66.17631,2.625462147,-0.42670371325327244,-0.4155917851439591,,0.3590255463560394,-0.8152360983773957,-0.003416067867272819,-0.9549297772437941,-0.643046012285844,-0.6516652106693681,1.042744793406211,-1.1697247428443767,0.3097359933651814,0.562004573250681,-0.7813545544987713,,,,,,,0.3497388010472826,-0.2766167647059496,-0.335102987937038
Alba,2013,3.568460697,4.124828569,0.638381995,0.981818819,0.363798938,-0.6180198818310921,23.02561770501743,0.9858927241159812,47100,746.3396082905496,1.3398726114649682,-2400.0,-4.848484848484846,-1.45113671,2400.0,4.848484848484846,1.45113671,0.4120922476330565,0.415278761,8.863475614,960.1238063,41.84734948,63108,11.052602823377345,26.08544083,58.92596818,5.210115992,-0.4105679039968131,-0.3532544753314074,0.7927326935004504,0.4539702758369479,-0.8527582616254092,1.0882296888252017,-0.9589598773408516,-0.6602258726629748,-0.2373555249613591,0.6679584134214893,-0.8393053178952982,0.1897952953047663,0.5095989757219719,-0.7697510543906384,0.24571374519408518,0.25214468799324624,0.18125581821294678,-0.24571374519408518,-0.25214468799324624,-0.18125581821294678,0.4460628809710976,-0.2649238952796269,-0.3212681904266063
Alba,2014,4.287926267,6.114667666,2.514220705,0.623066726,0.366769775,-0.2562969509500662,20.67760559100577,-2.3480121140116594,45300,683.0518697225573,1.4640176600441501,-1800.0,-3.821656050955413,-0.4591622899999983,1800.0,3.821656050955413,0.4591622899999983,0.3636118239552521,0.339253544,9.63422579,875.3168531,41.77167844,66320,11.102246789809177,24.54010856,60.3437877,3.976176116,-0.7839186621555607,-0.5017176448167221,-0.5351052346726731,0.40056312868454047,-0.43874442751979514,0.6169690776552214,-0.9658667286310748,-0.6057067527241982,-0.374547601316681,0.7412486745656841,-0.9970508918484159,0.09983977175945499,0.38132151695831984,-0.7376414584271689,0.3362553589114982,0.32253199717137554,0.4866323652913209,-0.3362553589114982,-0.32253199717137554,-0.4866323652913209,0.36440200517465543,-0.19559965030893364,-0.3207310386349835
Alba,2015,3.999461787,4.862959608,2.160092213,0.781951662,0.393209979,-0.3887416833855379,17.910108958837775,-2.767496632167997,39800,567.347578794315,1.7625879396984925,-5500.0,-12.141280353200878,-3.383458650000001,5500.0,12.141280353200878,3.383458650000001,0.3088795463097765,0.288378161,9.352633282,889.7366828,41.69414576,70151,11.1584053405965,23.83715129,61.37189776,5.565138059,-0.6185682364073711,-0.6767045280187879,-0.7021788257120125,0.34026879574667457,-0.590003807696046,0.6970980942154938,-0.9729435005492686,-0.5440333010235547,-0.43695500025126,0.7943939823566037,-0.793919670819462,-0.17502432796232953,0.14680132799028411,-0.6604175082485497,-0.22208459234588218,-0.24776362505599417,-0.41360407936484,0.22208459234588218,0.24776362505599417,0.41360407936484,0.3097552906212537,-0.22098269985481517,-0.3159504320418006
Alba,2016,4.150194269,5.935285746,2.451675436,1.214885062,0.475981088,-0.7389039742154245,16.065330363771345,-1.8447785950664293,34400,515.2863284351173,1.9406686046511628,-5400.0,-13.567839195979904,-3.4865541,5400.0,13.567839195979904,3.4865541,0.2953028605786179,0.376423505,8.720793196,1121.871581,41.72276102,66759,11.108844398634226,24.67382675,59.99640498,5.409008523,-0.16801751830398054,-0.7933485928376407,-0.3346758326268785,0.3253124072154014,-0.9294011178647827,1.98703989582255,-0.9703316513471022,-0.59846124329586,-0.3626763186878808,0.7232916850429411,-0.813879106239599,-0.4448908985982634,0.04127875683755709,-0.6143576913973838,-0.20699432339298002,-0.34555172621664887,-0.44534172491873525,0.20699432339298002,0.34555172621664887,0.44534172491873525,0.4043273311172252,-0.2880913467129664,-0.30098473399308423
Alba,2017,4.481215731,5.982662442,2.527777778,1.216460928,0.483819687,-0.7326412407901466,16.592090069284062,0.5267597055127169,35000,491.39359222755735,2.0350285714285716,600.0,1.744186046511631,0.0781642199999979,-600.0,-1.744186046511631,-0.0781642199999979,0.2493585174069486,0.293648198,8.747192383,816.4294184,41.63378453,71226,11.173613199281588,20.74102154,62.92084351,6.570634319,-0.16637752573714526,-0.7600419437914593,0.6098677751003141,0.27469906454130594,-0.9152206103962502,0.28973967700090897,-0.9784529535620059,-0.5273319950793016,-0.7118243453843842,0.8744624515195124,-0.6653780881002298,-0.4149057240831597,-0.007149257071066861,-0.589951881878396,0.6984218137811503,0.7040606896794672,0.6520468265608687,-0.6984218137811503,-0.7040606896794672,-0.6520468265608687,0.31541598918788394,-0.2868910930682702,-0.29956745075046187
Alba,2018,4.627407184,7.41071388,2.612148717,1.592975913,0.524745007,-1.068230906543851,14.145605431912484,-2.4464846373715776,35100,475.4358161648177,2.1033333333333335,100.0,0.2857142857142891,0.0083898800000028,-100.0,-0.2857142857142891,-0.0083898800000028,0.237903539320515,0.243995961,9.483492064,1033.067861,41.4078485,73827,11.20947979733897,22.43759058,59.59743725,7.760033592,0.22545894811411535,-0.9147314622968613,-0.5743251757774249,0.26207999783604013,-0.5197121000205734,1.4935697995360593,-0.999075196368679,-0.4879432132830012,-0.5612057154649073,0.7026681510124555,-0.5133265379169162,-0.409908194997309,-0.03949395775346662,-0.5722851417848996,0.6229704690166394,0.6040850140830972,0.6305669914015397,-0.6229704690166394,-0.6040850140830972,-0.6305669914015397,0.26208309099079613,-0.351206894506899,-0.29216781591329793
Alba,2019,4.295356197,5.858560104,2.868480127,1.502215292,0.565707657,-0.9365076346764531,13.754021643755484,-0.3915837881569999,34800,483.23265986252864,2.0693965517241377,-300.0,-0.8547008547008517,-0.2895284800000013,300.0,0.8547008547008517,0.2895284800000013,0.3164795182849076,0.284875944,9.709572209,845.2239256,41.13324981,72015,11.18462970963315,21.49968757,59.90696383,10.51586475,0.13100501370512846,-0.9394910323016034,0.24410708870036865,0.34864109926298703,-0.39827157290663234,0.4497468055368084,-1.0241391087494283,-0.5152336376688742,-0.6444712136750793,0.7186682720146474,-0.16102398558689104,-0.4249007822548609,-0.023690591753190805,-0.5810627479660817,0.5626093932050308,0.5259115607547986,0.5388536586242155,-0.5626093932050308,-0.5259115607547986,-0.5388536586242155,0.3059934584458954,-0.32596211296917504,-0.2847614315047569
Alba,2020,3.278239418,6.45859199,2.417423678,1.134126096,0.299216246,-0.8349098490405775,13.904577883472058,0.1505562397165736,33500,465.1162790697674,2.15,-1300.0,-3.735632183908044,-0.7330759399999991,1300.0,3.735632183908044,0.7330759399999991,0.3293535013614467,0.289915055,9.267863746,980.2670288,41.06776562,72025,11.18476855995273,21.3870184,60.3873655,9.323151683,-0.25206280130729547,-0.9299714661968425,0.4600322954305208,0.36282337442575774,-0.6355383553452622,1.2001628144487144,-1.0301161583867893,-0.5150811519234594,-0.6544737986683578,0.7435013084849079,-0.31349916770451486,-0.4898686603709191,-0.06041055272309291,-0.5602150042419365,0.4117067036760091,0.32842878205034454,0.4023088152600264,-0.4117067036760091,-0.32842878205034454,-0.4023088152600264,0.31140611274315955,-0.306490884637737,-0.3329452729173731
Alba,2021,4.873308929,6.259047576,2.503319016,1.793549009,0.636420616,-1.157128393037944,20.810210876803552,6.905632993331494,17200,243.41574560224169,4.108197674418605,-16300.0,-48.65671641791045,-8.77231665,16300.0,48.65671641791045,8.77231665,0.3385097240913025,0.302391721,8.353868799,966.8608686,41.59254291,70661,11.16564907309151,17.78350151,62.6455895,10.87304171,0.4341939462339653,-0.4933331050170492,3.1504651531985677,0.3729100794831128,-1.126497117527403,1.1256666203171382,-0.9822172699544846,-0.5360782170710645,-0.9743881458401618,0.8602339562919347,-0.11536285925983347,-1.3044659013645714,-0.5097737577174847,-0.0537353913874386,-1.8518336392593169,-2.750832582846159,-2.07254892265593,1.8518336392593169,2.750832582846159,2.07254892265593,0.3248076591350586,-0.368244108918452,-0.27197594626346017
Alba,2022,4.508459006,3.822056911,2.372708224,2.379402133,0.895268006,-1.4841341274248836,20.727126375100617,-0.0830845017029346,17400,247.7538408964702,4.036264367816092,200.0,1.162790697674421,-0.3501743900000011,-200.0,-1.162790697674421,0.3501743900000011,0.3068548514527865,0.320052768,9.067242965,762.1736532,41.89607608,70231,11.159545087980925,18.60004841,62.39837109,10.87269155,1.0438871362750082,-0.4985864801526872,0.3669771384640296,0.3380383454336858,-0.7433032074717085,-0.011752171283613399,-0.954512371662613,-0.5427816277827252,-0.9018964449760484,0.8474546839141974,-0.11540762334538558,-1.2944708431928702,-0.5009809037964942,-0.07234063934342014,0.6380607379695415,0.6642070604554017,0.5201839850753495,-0.6380607379695415,-0.6642070604554017,-0.5201839850753495,0.3437778985163172,-0.4309147988364153,-0.22517420678890127
Arad,2012,3.751294,3.308409581,1.616868614,1.113903416,0.363377029,-0.7505263872852,21.468209925479623,,47500,213.6194784986373,4.681221052631579,,,,,,,1.124126200157947,-0.327029728,11.57309341,714.912133,44.57177659,222358,12.312043974603498,26.1528706,54.0178451,16.10825785,-0.2731084009214047,-0.4517282837719548,,1.2383632162273837,0.6027318408935732,-0.27437795907425844,-0.7102886168451135,0.7228953425568873,-0.23136922005201954,0.4142465571613577,0.5539016574603675,0.2097854116481688,-0.5701675956263405,0.0944747012632189,,,,,,,-0.35127205229023944,-0.2903187836322606,-0.32134447504782643
Arad,2013,4.470144724,4.040148331,2.025695818,0.993370701,0.296987117,-0.6963835844638188,22.19763252702008,0.729422601540449,45400,190.8003950492761,5.241079295154185,-2100.0,-4.421052631578948,-1.45794072,2100.0,4.421052631578948,1.45794072,0.9853708885125936,-0.392565577,11.66089249,889.6271763,44.64270309,237945,12.379794833510665,26.30944126,48.39269579,15.93015193,-0.3985459423497199,-0.40560740105900384,0.6905849800131455,1.0855071810476773,0.6498937292377227,0.6964895816092761,-0.7038148220084622,0.7972994941225563,-0.21746913244061986,0.12347001184691121,0.5311327842589245,0.10483730084530561,-0.6164194305383275,0.2392796868019939,0.29098455205279167,0.2814444151497456,0.17916122278972338,-0.29098455205279167,-0.2814444151497456,-0.17916122278972338,-0.42166599572881436,-0.2799423086959124,-0.33334831779533447
Arad,2014,4.221566808,5.274487528,2.832154241,0.845916048,0.388571193,-0.4573448552142471,19.029006377288624,-3.1686261497314483,44700,169.1727189121475,5.911118568232662,-700.0,-1.541850220264318,-0.5029821299999995,700.0,1.541850220264318,0.5029821299999995,0.9492691678562384,-0.453647305,12.22908401,843.0182651,44.70985209,264227,12.484563861155364,28.55120786,45.63954479,14.60448781,-0.5520009536674799,-0.6059574240831374,-0.8619419303570962,1.0457366971846866,0.9551017681412343,0.43749025255332624,-0.6976858173418524,0.9123570850963467,-0.01844875311597742,-0.01884651921580147,0.3616612795723749,0.06985459724435122,-0.6602564106012753,0.41258253362865743,0.5022483173934221,0.4788086795716433,0.4731425502689465,-0.5022483173934221,-0.4788086795716433,-0.4731425502689465,-0.4872756394821504,-0.2341305063210418,-0.3167891627466002
Arad,2015,4.303348366,3.589849687,2.164548476,1.128045288,0.413038121,-0.7150071674262172,11.33911689467245,-7.689889482616174,39300,148.79881869640118,6.720483460559796,-5400.0,-12.080536912751684,-2.431700880000001,5400.0,12.080536912751684,2.431700880000001,1.1735089143808195,-0.280664669,12.09203911,699.0032461,44.76260775,264115,12.484139893340283,28.46146565,47.58192454,13.55508017,-0.2583910550549823,-1.0921837764806162,-2.662684671422976,1.2927643473481436,0.8814871440251832,-0.3627814623323868,-0.6928705604306534,0.9118914826511367,-0.02641592002605265,0.08155943310082032,0.2275061122888544,-0.20001197339158266,-0.701552121333179,0.6219213673322456,-0.20699432339298002,-0.2435997689840494,-0.12060811535841647,0.20699432339298002,0.2435997689840494,0.12060811535841647,-0.30147000668353346,-0.28351152070128005,-0.31236534070227207
Arad,2016,4.930551524,5.403689632,2.792846735,1.687334468,0.585831302,-1.101503165944609,9.470468431771891,-1.8686484629005573,34300,118.4699076072878,8.440962099125365,-5000.0,-12.722646310432571,-2.41041946,5000.0,12.722646310432571,2.41041946,1.0606278555505837,-0.354697033,11.2958374,982.5069079,44.89412944,289525,12.575996928052579,28.55711942,41.54494431,15.17105604,0.32365722691276716,-1.2103371164061445,-0.3441827973992849,1.1684119827786474,0.45380184087119946,1.2126095155007317,-0.680865957953023,1.012769092815036,-0.017923934469112075,-0.23050557329649657,0.43409076528983936,-0.449888427684114,-0.7630255714770879,1.0669159489154558,-0.14663324758137133,-0.2876152395371641,-0.11405668981205512,0.14663324758137133,0.2876152395371641,0.11405668981205512,-0.38099030166040937,-0.3575835271848678,-0.2811229107896417
Arad,2017,5.314995785,6.030667495,3.031222236,1.642595372,0.631494549,-1.0111008227167748,8.371376711952037,-1.0990917198198566,34700,134.0456682389026,7.4601440922190205,400.0,1.1661807580174877,0.2752432399999982,-400.0,-1.1661807580174877,-0.2752432399999982,1.1101121218058625,-0.253610929,11.43174934,662.2697565,44.93911629,258867,12.464069695274942,24.74552569,43.52041782,15.21823948,0.2770975670895783,-1.2798319198212476,-0.03768135810870966,1.2229249859485132,0.5268078876192602,-0.5669044275623429,-0.6767597968249931,0.8898503442376337,-0.35631100383486486,-0.128388930529906,0.4401226465578392,-0.42989831134071155,-0.7314551751042117,0.8132314864588572,0.668241275875346,0.6644394431330926,0.7127170509293456,-0.668241275875346,-0.6644394431330926,-0.7127170509293456,-0.27241080515610816,-0.34025790679197,-0.2728666197385461
Arad,2018,5.378423739,7.487086152,3.077631547,1.721546953,0.552329648,-1.169217305850749,7.470511140235911,-0.9008655717161256,35000,129.525050144698,7.720514285714286,300.0,0.8645533141210304,0.056039290000001,-300.0,-0.8645533141210304,-0.056039290000001,1.1000566402790948,-0.291231336,12.27798462,789.9546383,44.84673606,270218,12.506984319609904,26.90087263,41.58124181,15.26878298,0.3592619173451789,-1.3367930220485558,0.04126876512144829,1.2118476367661408,0.9813690719533109,0.14262295390518018,-0.6851917743789776,0.9369792849611358,-0.1649628208549746,-0.2286292743625662,0.4465840743568541,-0.4149057240831597,-0.7406179831660379,0.8805751446211957,0.6531510069224438,0.6437634120349871,0.6452357288233385,-0.6531510069224438,-0.6437634120349871,-0.6452357288233385,-0.312819968124214,-0.37056095057187727,-0.28718028568716264
Arad,2019,5.184477977,7.11278241,3.495113703,1.703460199,0.630642712,-1.0728174869250369,6.981798424341211,-0.4887127158947004,35100,75.94739506926143,13.167008547008548,100.0,0.2857142857142891,0.2060595099999993,-100.0,-0.2857142857142891,-0.2060595099999993,0.8208545880480158,-0.659825185,12.44026375,737.7360055,44.78548956,462162,13.043670757951409,28.63519718,42.89599751,18.55410008,0.3404391607667782,-1.3676939864586324,0.20542227901475774,0.9042722494745855,1.0685384387581307,-0.14754882894090857,-0.6907820301432257,1.5263695856260295,-0.010992318389178399,-0.16066661251839973,0.8665755517677778,-0.409908194997309,-0.8492141440512745,2.2892880344950846,0.6229704690166394,0.6040850140830972,0.6914190334044561,-0.6229704690166394,-0.6040850140830972,-0.6914190334044561,-0.7087372401856874,-0.35208591321093485,-0.2730206388822153
Arad,2020,3.721642044,5.50816081,2.427037832,1.636667217,0.344947799,-1.2917194179923304,8.131644424338386,1.1498459999971755,33700,122.21214868540343,8.182492581602373,-1400.0,-3.988603988603989,-0.3391770799999989,1400.0,3.988603988603989,0.3391770799999989,0.5758069939657344,-0.585262388,11.77550125,818.9293917,45.00012061,275750,12.52724993711575,25.6275612,40.393835,14.69483228,0.27092817823605453,-1.294990025281904,0.8580325112017697,0.634322196985925,0.7114566242291211,0.3036316858611756,-0.6711916459670001,0.9592350334608393,-0.27800533107749403,-0.29000898733851327,0.37321082145105894,-0.4798736021992178,-0.755440450149583,1.000063892619045,0.39661643472310687,0.3110880094957333,0.5235694761598384,-0.39661643472310687,-0.3110880094957333,-0.5235694761598384,-0.6286471918422235,-0.39403849569417854,-0.3246766315790425
Arad,2021,5.054119989,5.206077799,2.457822963,2.40365774,0.731548008,-1.6721097322011758,11.33902480948834,3.2073803851499534,18100,77.18451363095569,12.955966850828728,-15600.0,-46.29080118694362,-6.757038121999999,15600.0,46.29080118694362,6.757038121999999,0.7403851102336094,-0.461977081,11.20501709,813.9458009,45.54051954,234503,12.365223659963611,35.13430532,38.63148872,10.44421607,1.0691297744079946,-1.0921895989626274,1.6775136685165626,0.8156252262663507,0.40501707775521884,0.27593855507872117,-0.6218668970682686,0.7812973972846373,0.5659878932415379,-0.38110860704730404,-0.1701834773655516,-1.2594881395919157,-0.8467066374018942,2.234702985205285,-1.7462017565890018,-2.588653252414462,-1.452151071790151,1.7462017565890018,2.588653252414462,1.452151071790151,-0.4962228918569537,-0.46694034701575377,-0.25477613050608194
Arad,2022,4.409641776,2.833580629,1.5714026,3.441723053,0.914266717,-2.5274563362083624,9.732578348376968,-1.6064464611113711,18300,85.8888795021261,11.642950819672132,200.0,1.104972375690605,-0.1526391920000005,-200.0,-1.104972375690605,0.1526391920000005,0.795994574999021,-0.373357638,11.94516373,562.663353,45.95536824,213066,12.269357255850059,38.61104071,37.64138811,10.32637774,2.1494369814989027,-1.1937640890607975,-0.23975217333440302,0.8768858886634219,0.802592008995699,-1.1204035549175475,-0.5840017074416617,0.6760166882755623,0.8746467857994014,-0.4322891213809805,-0.18524780534544,-1.2494930814202145,-0.8290638212835204,1.8950968975158038,0.6380607379695415,0.6602437161126765,0.5809946425635567,-0.6380607379695415,-0.6602437161126765,-0.5809946425635567,-0.4010341950858167,-0.6308676307149669,-0.2217390834037498
Arges,2012,3.131253547,2.257202613,1.282709538,0.404047126,0.144981616,-0.2590655102996366,19.34576848441646,,71800,469.4774284668096,2.1300278551532035,,,,,,,-0.1442940646694969,-0.560324228,9.367703996,809.8582885,54.01528177,152936,11.937774812208854,43.78432808,43.14419103,10.2899252,-1.0118508061267057,-0.5859287768217325,,-0.15895765260300257,-0.5819084685315056,0.25322480910501377,0.15166446238725118,0.31187207385820925,1.333922793717791,-0.1478369345244778,-0.18990785966104332,1.4241849795098713,-0.051570970608143696,-0.5653807157132683,,,,,,,-0.6018603957407169,-0.19613024505474652,-0.3608321639971518
Arges,2013,3.140412509,4.514023634,2.014954915,0.400178283,0.1677394,-0.2324388829514466,19.015572423507315,-0.3301960609091452,68000,550.7187689815752,1.8158088235294119,-3800.0,-5.292479108635096,-1.2364195999999978,3800.0,5.292479108635096,1.2364195999999978,0.0107576598633161,-0.385451687,9.250959288,875.0642952,54.04022638,123475,11.723793985408825,37.5776473,44.41060944,11.04758048,-1.015877083590813,-0.6068068436177261,0.26855678253440946,0.01185088495005682,-0.6446187028923471,0.6155656480327805,0.15394127412081018,0.0768778298562026,0.7829038057542064,-0.0823729352795557,-0.09305000675686342,1.2342788742475475,0.11309651386186205,-0.6466521499343226,0.03444997985345474,0.2217096618840232,0.24735587919077726,-0.03444997985345474,-0.2217096618840232,-0.24735587919077726,-0.4140247615351711,-0.19102724859131137,-0.3567173692612022
Arges,2014,2.832458646,3.793975618,1.804624746,0.367836564,0.169398418,-0.1984381465877109,18.635900650317325,-0.3796717731899903,65500,534.6065948416585,1.870534351145038,-2500.0,-3.676470588235292,-0.6863903899999997,2500.0,3.676470588235292,0.6863903899999997,0.4841070674257308,-0.182901093,9.284967386,1039.483178,54.05626638,122520,11.716029560946712,36.85847209,44.79023833,10.05958211,-1.049534881118442,-0.6308132252183687,0.24885144285627323,0.5333034537683591,-0.6263510157973017,1.5292188365099422,0.15540532026970894,0.06835092076873493,0.7190566045803286,-0.06274906912910186,-0.21935467765024078,1.1093406471012817,0.08043886483549542,-0.632497621817926,0.23062347624118298,0.3324842054433276,0.4166808310802071,-0.23062347624118298,-0.3324842054433276,-0.4166808310802071,-0.19645933322301531,-0.18451100321222358,-0.35641740514636366
Arges,2015,2.670234185,3.003096549,1.572015447,0.559323905,0.210973052,-0.3483508530916138,17.34701934465061,-1.2888813056667132,57000,460.3679713118064,2.1721754385964913,-8500.0,-12.97709923664122,-3.4576596100000003,8500.0,12.97709923664122,3.4576596100000003,0.4520589620535808,-0.178726588,9.598097315,854.813726,54.07272916,123814,11.726535718460907,38.10958373,43.55807905,9.830067682,-0.8502553637717583,-0.7123082918697584,-0.11327134123529968,0.4979985255164658,-0.4581510899130046,0.5030360115155241,0.15690795553524378,0.07988880750062183,0.8301282536852242,-0.12644213734306095,-0.24869556036224533,0.6845506748039785,-0.07003486331470292,-0.5544794200861825,-0.6747926609329474,-0.3050575403680526,-0.4364466370940003,0.6747926609329474,0.3050575403680526,0.4364466370940003,-0.19197537713885673,-0.21324179217432682,-0.34890036899151533
Arges,2016,2.871424359,3.016825889,1.3837256,0.794706606,0.266563031,-0.5281435753327055,14.077009752496403,-3.2700095921542065,48800,396.6705683443881,2.520983606557377,-8200.0,-14.385964912280702,-3.457683920000001,8200.0,14.385964912280702,3.457683920000001,0.7348853737198503,0.017559533,9.096265109,963.9255215,54.15945344,123024,11.720134737271962,38.58921836,43.47850826,10.11916374,-0.6052942566715307,-0.9190687192975121,-0.9023212413074649,0.8095665903261644,-0.7277137603518087,1.1093552989437623,0.1648236879635505,0.07285923500171382,0.8727094331888507,-0.13055532939344988,-0.211737824832517,0.27475328976422697,-0.1991426678814026,-0.46426165087053467,-0.6295218540742409,-0.40163280602118384,-0.436454120859418,0.6295218540742409,0.40163280602118384,0.436454120859418,0.018861200250280083,-0.24769908989175787,-0.3388492430576042
Arges,2017,4.22007558,5.430608348,2.703232435,0.789965414,0.334216137,-0.4557492771310076,13.049114215756877,-1.0278955367395284,49400,400.8633980881899,2.4946153846153845,600.0,1.2295081967213184,-0.1671998200000004,-600.0,-1.2295081967213184,0.1671998200000004,0.7453017553165802,0.029948727,8.927038805,898.8075429,54.13809166,123234,11.721840266033704,36.28949803,45.47202882,10.26745866,-0.6102283815513991,-0.9840618376777356,-0.009325122155583128,0.8210415153067989,-0.8186148501370446,0.7475036200982866,0.1628738979546585,0.07473225067317693,0.6685440163175352,-0.027505794260289047,-0.19277995846907361,0.3047384642793307,-0.19064425165207682,-0.4710816808477467,0.6984218137811503,0.6687804277434096,0.576512194012179,-0.6984218137811503,-0.6687804277434096,-0.576512194012179,0.032168790446991086,-0.23382471358171242,-0.3266170044336925
Arges,2018,3.535935988,7.558813861,2.741627925,0.909285271,0.306529596,-0.602755675305306,14.313289871435334,1.2641756556784571,49800,405.8812023211841,2.4637751004016066,400.0,0.809716599190291,0.0411002700000011,-400.0,-0.809716599190291,-0.0411002700000011,0.8622668238212214,0.073195008,9.279315301,934.8884763,53.99919369,122696,11.717465030330615,34.53005803,47.10911521,10.34345048,-0.4860530528395375,-0.9041288920561155,0.9035680800015795,0.9498929186450648,-0.6293870726862989,0.948000419995908,0.15019602775089308,0.06992735660040686,0.5123438051987916,0.057118861661155,-0.1830652442477449,0.32472858062273324,-0.18047370060780982,-0.47905839096898334,0.668241275875346,0.6400044516148765,0.6406367933544836,-0.668241275875346,-0.6400044516148765,-0.6406367933544836,0.07862086675476455,-0.26199850818874076,-0.3316229590188776
Arges,2019,4.199660031,4.897187712,2.534317984,0.954456183,0.361854267,-0.5926019157299098,13.557631938545631,-0.7556579328897026,49300,378.8635630081613,2.63947261663286,-500.0,-1.0040160642570295,-0.1912286499999993,500.0,1.0040160642570295,0.1912286499999993,0.406335266268609,-0.227873505,9.895587273,833.3631094,53.83341008,130126,11.77625849080609,37.52363094,42.00006148,15.92149148,-0.43904400516849834,-0.9519086164851561,0.09910251253052978,0.44762825306651816,-0.2983522835621669,0.3838378761332837,0.13506417888735955,0.13449447227758624,0.7781083214888339,-0.2069795491657899,0.5300256414535791,0.2997409351934801,-0.23523555797997872,-0.4336149655360925,0.5324288552992265,0.5156762655962338,0.5691149859917012,-0.5324288552992265,-0.5156762655962338,-0.5691149859917012,-0.24476549656613905,-0.26005253889543706,-0.32161980295592607
Arges,2020,3.005491103,2.826690028,2.031294875,0.782526948,0.229683678,-0.5528432702682492,12.054335980071617,-1.5032959584740144,47400,370.1187659584437,2.7018354430379747,-1900.0,-3.853955375253548,-0.3653194300000031,1900.0,3.853955375253548,0.3653194300000031,0.4244588803203494,-0.212562651,9.888934441,876.0446043,53.89100566,128067,11.760308843456132,37.82551321,42.78385533,15.76908962,-0.6179695403483126,-1.046960972193917,-0.19866907217758467,0.4675936421692929,-0.30192589868383335,0.6210130912926746,0.14032119803278367,0.11697853228823107,0.8049089366317235,-0.16646349254547063,0.5105427482066617,0.20478788256231817,-0.2529603237612131,-0.4174850821301424,0.32116508995859605,0.3203179352643785,0.5155216269264725,-0.32116508995859605,-0.3203179352643785,-0.5155216269264725,-0.2283196671930843,-0.25243278951716597,-0.3455173337464703
Arges,2021,4.485997406,3.932458812,1.907019254,1.105994273,0.351538522,-0.7544557507645964,10.30961127033464,-1.7447247097369782,23400,178.158119137532,5.612991452991453,-24000.0,-50.63291139240506,-8.563809609999998,24000.0,50.63291139240506,8.563809609999998,0.147024354080441,-0.34751621,8.742061399,953.7228314,54.31463941,131344,11.785575114588047,37.57156779,39.00292362,18.74314776,-0.28133938993318436,-1.1572786995775033,-0.29482606178694576,0.16196540206715815,-0.9179767542476844,1.0526603489345938,0.17898824044121003,0.14472601028514,0.7823640767804997,-0.36190830656119727,0.8907432080419033,-0.9946190980418325,-0.6420439679865283,0.3354732060661954,-3.013784348632784,-2.886297274721467,-2.0083606143357082,3.013784348632784,2.886297274721467,2.0083606143357082,-0.37327717280318773,-0.29107184663482194,-0.32348497459229447
Arges,2022,3.770839534,3.567916683,2.292264529,1.549553076,0.35884387,-1.1907092059763815,10.008585796639274,-0.3010254736953648,23700,175.07571840141833,5.711814345991561,300.0,1.2820512820512775,-0.1898424300000005,-300.0,-1.2820512820512775,0.1898424300000005,0.110396978240245,-0.362788571,9.49673865,617.143777,54.57521071,135370,11.815767049179831,37.22907587,38.37334712,18.43096698,0.18026910969454205,-1.1763123304748653,0.2801749342124558,0.1216158443919957,-0.5125966039370935,-0.8176633084840786,0.20277180704212147,0.1778828634035023,0.7519582032011427,-0.39445252353970806,0.850834345968439,-0.9796265107842805,-0.6482916637055826,0.3610333327284419,0.6531510069224438,0.6723821638859787,0.5695417299364599,-0.6531510069224438,-0.6723821638859787,-0.5695417299364599,-0.38968165573599445,-0.3746798759205306,-0.32216410752128793
Bacau,2012,2.394859389,2.628552528,1.492502205,0.81225458,1.734138611,0.9218840319719348,44.16267092878707,,69100,639.7022745998389,1.5632272069464543,,,,,,,-0.7722464435206815,-0.552932224,8.81048584,667.0289434,56.68424302,108019,11.590062416559132,15.3074922,74.17121062,6.297040335,-0.5870322046169661,0.9832266682088264,,-0.8507244021036608,-0.8812220884077597,-0.5404582784844844,0.3952730932864568,-0.0699864915458485,-1.194204210584612,1.4560190825496442,-0.7003540548192112,1.2892516941919043,0.2934565366856976,-0.7119813253553289,,,,,,,-0.5939204312874644,0.030198882509991178,-0.07349949410172431
Bacau,2013,3.280994505,4.923087971,1.926282051,0.910997542,2.154859571,1.243862028921669,45.44008100094018,1.27741007215311,65400,580.5747157048123,1.7224311926605504,-3700.0,-5.354558610709114,-0.9986633100000012,3700.0,5.354558610709114,0.9986633100000012,-0.7611429941735494,-0.544918395,8.823332013,732.0258935,56.80845609,112647,11.63201431434732,13.24669099,74.16975152,8.032171296,-0.4842711045568741,1.063996416760206,0.9088391243191349,-0.8384925875237672,-0.8743216769606738,-0.17927913841946005,0.40661060368398994,-0.023914819365622408,-1.3771587779900154,1.4559436584081888,-0.47853674049913375,1.104343118015431,0.17361131595935372,-0.6708038823919626,0.04954024880635692,0.21745422113613844,0.32054848720819307,-0.04954024880635692,-0.21745422113613844,-0.32054848720819307,-0.5853125466875043,0.09190600591892448,0.0025703197040332693
Bacau,2014,3.114090131,5.171285824,2.180037606,0.945701597,5.767518807,4.82181720975157,45.865467009425885,0.4253860084857024,63000,592.7124591922176,1.68715873015873,-2400.0,-3.669724770642202,-0.5449177400000025,2400.0,3.669724770642202,0.5449177400000025,-0.6588838204249521,-0.488532604,8.765987756,916.1625989,56.85630102,106291,11.573935894706157,13.1939675,75.69972999,6.004271293,-0.44815484071271344,1.0908932775973477,0.5694923455762974,-0.7258415352893519,-0.9051245446651216,0.8439432867628973,0.4109776351996283,-0.0876966755277209,-1.3818394833672472,1.5350316664582504,-0.7377813407544899,0.9844024199550161,0.1982132202921602,-0.6799269568321623,0.24571374519408518,0.33294661938197684,0.4602327901751064,-0.24571374519408518,-0.33294661938197684,-0.4602327901751064,-0.5247469441515044,0.7776215640835121,0.6557688563925088
Bacau,2015,3.166548748,3.30617747,1.745076414,1.28025299,2.841039504,1.5607865139884216,44.93024543912486,-0.9352215703010244,54600,490.87035089138817,2.0371978021978023,-8400.0,-13.33333333333333,-3.714928839999999,8400.0,13.33333333333333,3.714928839999999,-0.7307268263830136,-0.512693307,9.503111641,639.1886278,56.87194276,111231,11.619364398925955,12.70688927,76.69624475,5.706143072,-0.09998957936156887,1.0317598695244652,0.027585351767961255,-0.8049854391581235,-0.5091733073608615,-0.6951630951270562,0.4124053302874768,-0.03780698604049484,-1.425081493528062,1.586543742547064,-0.7758937384879325,0.5646099767435634,-0.00820981114429813,-0.5893908194409593,-0.6597023919800453,-0.3294767615312967,-0.515646249042574,0.6597023919800453,0.3294767615312967,0.515646249042574,-0.5506986512914883,0.15264462314306915,0.12663730163086015
Bacau,2016,3.585501373,4.184191117,1.568706118,1.897224211,2.558926388,0.6617021771552493,41.60457208999494,-3.325673349129921,46600,390.1344540629239,2.5632188841201717,-8000.0,-14.652014652014657,-3.4583151500000007,8000.0,14.652014652014657,3.4583151500000007,-0.8131119167685713,-0.551856636,9.12637617,901.1112847,56.94395683,119446,11.690619665378692,12.80746111,72.6470539,8.346868041,0.5420879934722104,0.8214798615388602,-0.9244911745616113,-0.8957427451302716,-0.7115393938686309,0.7603051974180792,0.4189783927469555,0.04044571408048838,-1.4161528897446989,1.3772320137741496,-0.43830624011031005,0.16480764987551313,-0.2123906705622738,-0.45333767352735976,-0.5993413161684366,-0.4198700480351116,-0.43664844324709834,0.5993413161684366,0.4198700480351116,0.43664844324709834,-0.5927651112299611,-0.019665002525745674,0.07562892732433146
Bacau,2017,4.295433849,5.322094918,2.829222211,1.971202617,5.352653915,3.3814512979268296,41.44360477434847,-0.1609673156464666,47000,416.8773227606149,2.3987872340425533,400.0,0.8583690987124415,0.0945322399999994,-400.0,-0.8583690987124415,-0.0945322399999994,-0.6341098125961697,-0.4868019,8.816443677,697.7115737,56.93882469,112743,11.632866171180412,13.63632332,70.21544575,8.45019203,0.6190767957855553,0.8113020103592138,0.3359577304940193,-0.6985499198022449,-0.8780217946989115,-0.36995910875979504,0.4185099582206081,-0.022979308200981614,-1.3425678557620973,1.2515367515775535,-0.42509741019489644,0.18479776621891567,-0.15818574375952038,-0.4958672299456437,0.668241275875346,0.6433394949389377,0.6570856756776737,-0.668241275875346,-0.6433394949389377,-0.6570856756776737,-0.5228879451251102,0.5015752568295861,0.5807578679003127
Bacau,2018,4.468024362,7.30831195,2.758784991,2.307498039,4.471442053,2.1639440139300574,42.66480153873055,1.2211967643820785,47600,420.8516056019239,2.376134453781513,600.0,1.2765957446808418,0.0982208100000008,-600.0,-1.2765957446808418,-0.0982208100000008,-0.431698051551827,-0.432659426,8.914294549,749.1565528,56.84881569,113104,11.636063028410735,13.93584665,69.25749752,8.906846796,0.9690570557446684,0.8885174306389721,0.8864503142748853,-0.4755684793074841,-0.8254605161565669,-0.08408641345003286,0.4102944139677249,-0.01946851212052626,-1.3159766634617123,1.202018265656779,-0.36671914593569316,0.21478294073401943,-0.15013029866341546,-0.5017262765202426,0.6984218137811503,0.6720081963886222,0.6582211916219833,-0.6984218137811503,-0.6720081963886222,-0.6582211916219833,-0.4647319540067146,0.26823983348824276,0.42142750730747447
Bacau,2019,3.845488257,5.912915166,2.804622222,2.654912531,3.505776993,0.8508644621378778,41.029630397953184,-1.6351711407773664,47000,389.7730194140136,2.5655957446808513,-600.0,-1.2605042016806678,-0.6273022799999985,600.0,1.2605042016806678,0.6273022799999985,-0.3940844124953896,-0.471460232,9.59778523,682.8555662,56.69426949,120583,11.700093591481785,12.74723634,66.31780599,13.99451001,1.33060885297289,0.7851266990656343,-0.25119272757546307,-0.43413243144257263,-0.4583187285479872,-0.4525119055509411,0.39618825630332477,0.05085000186468182,-1.4214995465153633,1.0500590375054573,0.2836823601524308,0.18479776621891567,-0.213123259833441,-0.45272290851547736,0.5173385863463242,0.498094454613919,0.4348709402618405,-0.5173385863463242,-0.498094454613919,-0.4348709402618405,-0.5064090175469323,0.016587973063642663,0.24682731312431386
Bacau,2020,3.368283928,4.123339895,1.900098169,1.779874317,1.474129035,-0.3057452814221523,39.50890576575964,-1.5207246321935486,45200,364.3486461868335,2.7446238938053096,-1800.0,-3.829787234042559,-1.0330103500000014,1800.0,3.829787234042559,1.0330103500000014,-0.355519190606084,-0.475006782,9.895081718,668.2190169,56.70173695,124057,11.72849641638723,13.92263234,64.70090362,13.95890599,0.4199627912793171,0.6889723404647735,-0.20561061824029372,-0.3916480980940101,-0.2986238459573746,-0.5338452032142927,0.3968698464563826,0.08204205054488414,-1.3171498083326876,0.9664777387080147,0.2791307797398221,0.09484224267360436,-0.26465573771993534,-0.4064180288584558,0.3362553589114982,0.3219746188632136,0.3099748471363424,-0.3362553589114982,-0.3219746188632136,-0.3099748471363424,-0.5102184690747836,-0.20507642903205578,-0.12051136637458183
Bacau,2021,4.375514035,5.259833028,2.442808906,3.063409071,2.095167398,-0.9682416731216112,34.32332694627777,-5.185578819481869,22300,177.06422746798157,5.647668161434978,-22900.0,-50.66371681415929,-9.72529997,22900.0,50.66371681415929,9.72529997,-0.2116436458695794,-0.44397484,8.487097398,736.4337268,57.48115302,125943,11.743584702626102,17.76359147,61.91451688,15.04966532,1.7557283042320226,0.36109180587892353,-1.6652600765729157,-0.23315149665252546,-1.0549324461175726,-0.15478541312320226,0.4680108125208171,0.09861204174929683,-0.9761557266905361,0.8224431779316744,0.4185723035143306,-1.0495919179861894,-0.6442611690859467,0.3444421912187077,-2.8477913901508605,-2.888408932234963,-2.365922168797584,2.8477913901508605,2.888408932234963,2.365922168797584,-0.47688616617080903,-0.3320439454085044,-0.00822251668275158
Bacau,2022,2.534315351,3.184629839,1.668580901,4.916713926,2.745868668,-2.1708452580351607,35.052117602244,0.728790655966236,22700,186.18002870617184,5.371145374449339,400.0,1.7937219730941756,-0.1824791999999995,-400.0,-1.7937219730941756,0.1824791999999995,-0.2079433059110831,-0.411200488,9.407925588,491.9825326,58.16195265,121925,11.711161380578254,17.31638302,63.72442075,13.85359852,3.6844495192843842,0.40717273111366087,0.6903332867757187,-0.22907511724646382,-0.5603031597864944,-1.513167182932186,0.5301505928495823,0.06300467371258955,-1.015858162865732,0.9160011558033492,0.265668383702707,-1.0296018016427868,-0.6257844176031406,0.27292073251841836,0.668241275875346,0.7074562903756881,0.5718084796705349,-0.668241275875346,-0.7074562903756881,-0.5718084796705349,-0.44168229048860114,-0.5625230729554442,0.10942963084056179
Bihor,2012,2.945424316,2.807801919,1.08575287,0.492076054,0.314522838,-0.1775532152350804,26.924975320829223,,88700,494.5885213085686,2.021882750845547,,,,,,,1.941914946054494,0.167293051,10.68743795,732.2885444,50.70922725,179341,12.097044300491385,32.53076541,45.78317284,12.38701691,-0.9202397252438919,-0.1067008110016999,,2.139258063639278,0.12699583186128774,-0.17781962337985702,-0.15009466405017188,0.4867821980560039,0.33484987000796596,-0.011422064168002998,0.07818213553275381,2.2687673950186276,-0.0006734784650433465,-0.5933519932188008,,,,,,,0.17969428561934042,-0.18050840350487443,-0.33017771504851695
Bihor,2013,3.983747688,4.780903644,1.822480683,0.516197935,0.284798861,-0.2313990744037024,27.70759059914852,0.782615278319291,84300,450.9275306502343,2.2176512455516013,-4400.0,-4.960541149943632,-1.4158633099999989,4400.0,4.960541149943632,1.4158633099999989,1.936061471828885,0.168662106,10.70379028,905.1544377,50.75047949,186948,12.13858578230043,32.68235017,40.97449558,13.29139654,-0.8951362548104383,-0.057216592409488,0.7117707238053012,2.1328097421188734,0.13577960000130346,0.7827724442880414,-0.14632937832040524,0.5324031504489136,0.34830731755626765,-0.2599933436377272,0.19379707478596747,2.0488761152411996,-0.08916962409264576,-0.5427172934113521,-0.056091633863958296,0.24446342549348554,0.1921146356164386,0.056091633863958296,-0.24446342549348554,-0.1921146356164386,0.18116482703605877,-0.1908279691530107,-0.3355520548388536
Bihor,2014,3.76230835,4.276321519,2.002769759,0.390862503,0.240137747,-0.1507247561580004,26.099123398516515,-1.6084672006320029,81800,419.5861587861753,2.3833007334963323,-2500.0,-2.965599051008305,-0.7529054700000017,2500.0,2.965599051008305,0.7529054700000017,1.8933568240461929,0.13879028,11.53424479,844.003561,50.80946929,194954,12.18051891228181,33.58946213,41.23075187,13.14874278,-1.025571949749657,-0.1589188524591621,-0.24055699971929773,2.0857653222231343,0.5818640336367743,0.44296540677708707,-0.14094510216614506,0.5784542117798491,0.4288392366102495,-0.2467468830346582,0.175560368374698,1.923937888094934,-0.15269522364569127,-0.4998727483381879,0.23062347624118298,0.3812131997967351,0.39620434998400866,-0.23062347624118298,-0.3812131997967351,-0.39620434998400866,0.14907863814956163,-0.17536672596533953,-0.3436271519919351
Bihor,2015,3.78271445,3.10648813,1.56669597,0.489371621,0.285896052,-0.2034755687657275,21.89814167947464,-4.200981719041874,71200,309.1861283122432,3.2342977528089887,-10600.0,-12.95843520782396,-3.798392400000001,10600.0,12.95843520782396,3.798392400000001,1.7299730069363135,-0.059573801,11.12762655,765.6841462,50.89744488,230282,12.347059923831065,38.20576511,41.12175507,9.385449145,-0.9230542094814501,-0.4245439986144874,-1.2731116987962572,1.9057779602994744,0.3634462092862848,0.0077551569986144975,-0.1329151567960316,0.7613499398205693,0.8386670795967034,-0.252381171336657,-0.3055351257846859,1.3941998049947675,-0.3764642455299411,-0.27976593965771346,-0.991688308943893,-0.30377815399903885,-0.5413402722409436,0.991688308943893,0.30377815399903885,0.5413402722409436,-0.06398993593969607,-0.1854764258030421,-0.33535367367172714
Bihor,2016,2.935107747,4.217435748,1.977806595,0.840885246,0.328023347,-0.512861899567582,20.335102508065354,-1.5630391714092866,61300,261.3314689130657,3.826557911908646,-9900.0,-13.90449438202247,-3.479595109999998,9900.0,13.90449438202247,3.479595109999998,1.5127699319314798,-0.189226474,10.39111633,1002.477093,51.15115415,234568,12.36550080351082,34.91738003,40.87173016,11.50625831,-0.5572364736198234,-0.5233738760381821,-0.22246378376597234,1.6665020689452203,-0.03217539358204846,1.323581096017359,-0.10975791990803355,0.7816017569757845,0.5467296201006545,-0.26530551797455193,-0.03441311612693426,0.8994444254955554,-0.4734605079438937,-0.12658033433878205,-0.8860564262735778,-0.3686288474693955,-0.44319941933654744,0.8860564262735778,0.3686288474693955,0.44319941933654744,-0.20325360718353785,-0.2447703548189666,-0.32773671185744
Bihor,2017,4.107808595,6.117387246,2.504680889,0.67079667,0.410369727,-0.260426942350945,20.16920233186407,-0.1659001762012835,61900,271.2366463056605,3.686817447495961,600.0,0.978792822185981,0.1578701900000005,-600.0,-0.978792822185981,-0.1578701900000005,1.5797031270028865,-0.125357688,10.48769938,775.097449,51.22272179,228214,12.33803906422155,35.94214202,38.49281814,9.735599043,-0.7342464480361728,-0.5338636285526754,0.33399305553864367,1.7402372124810224,0.019704865528154834,0.060063590013468865,-0.10322560521178731,0.7514432107183053,0.6377063167680398,-0.3882767993862113,-0.26077233166161506,0.9294296000106592,-0.4533837756530065,-0.16272361917689623,0.6984218137811503,0.6515943295101025,0.6765840862012263,-0.6984218137811503,-0.6515943295101025,-0.6765840862012263,-0.13465030413981824,-0.19639116367775444,-0.3128478083091638
Bihor,2018,4.171714659,7.5032572,2.069465418,0.889826232,0.406398249,-0.4834279825115943,18.877713075701426,-1.2914892561626452,62700,271.18321518626004,3.687543859649123,800.0,1.292407108239102,0.2059341000000003,-800.0,-1.292407108239102,-0.2059341000000003,1.7500728838912516,-0.061058246,11.34330241,912.9926133,51.07966828,231209,12.35107734235835,34.77157031,38.30862985,10.02426376,-0.5063039366822992,-0.6155235940962711,-0.11431004382323594,1.9279204459636237,0.47929800212794527,0.8263281114159772,-0.11628277107226065,0.7657618782347584,0.5337848711764717,-0.3977979039297587,-0.22386973831096532,0.9694098326974642,-0.4534920748017938,-0.16253573572114893,0.7286023516869546,0.67309203756836,0.691380426287179,-0.7286023516869546,-0.67309203756836,-0.691380426287179,-0.06558442107969441,-0.23912934093171734,-0.3135658842329154
Bihor,2019,4.359517296,7.518834852,2.887191499,0.857862849,0.364591711,-0.4932711382767679,20.14694508894045,1.2692320132390265,62200,255.7008546657184,3.9108199356913182,-500.0,-0.797448165869219,-0.099896140000002,500.0,0.797448165869219,0.099896140000002,1.8359738349560155,-0.091073971,11.61537476,742.3194145,50.8762927,243253,12.401857332962951,34.71324095,36.82092307,12.10961427,-0.5395680026186851,-0.5352709385102037,0.9055819417262889,2.0225509047347168,0.6254435630179952,-0.12207945355268897,-0.13484581562831474,0.8215285825746245,0.5286064858115707,-0.47470079380687735,0.04271927424265474,0.944422187268211,-0.4848731591662494,-0.10478631540938302,0.5324288552992265,0.5298361319391744,0.5972314434098271,-0.5324288552992265,-0.5298361319391744,-0.5972314434098271,-0.0978251760276897,-0.2410157829659218,-0.32112485054047313
Bihor,2020,4.072627854,6.581595643,2.368744886,0.644192121,0.276082337,-0.3681097833294988,17.667818542754212,-2.47912654618624,59800,241.8614433223188,4.134598662207358,-2400.0,-3.858520900321538,-0.7883562200000007,2400.0,3.858520900321538,0.7883562200000007,1.879149140556436,-0.084676416,10.86171061,863.4926381,51.13776138,247249,12.418151204987396,36.68730713,36.91056384,12.35798729,-0.7619336134449097,-0.6920243821596693,-0.5873258961568403,2.070113812082152,0.22060760697735854,0.5512635361017577,-0.11098034093930505,0.8394225509058532,0.7038608588384272,-0.47006706197444575,0.07447101949087237,0.824481489207796,-0.5129241617472455,-0.04690688666143136,0.24571374519408518,0.32000497654594917,0.3852909358797031,-0.24571374519408518,-0.32000497654594917,-0.3852909358797031,-0.09095337789450045,-0.21702859362712304,-0.337128074150355
Bihor,2021,4.172390564,6.299937924,2.132094488,1.207589937,0.385108408,-0.8224815285502869,17.935224102002614,0.2674055592484023,29600,120.84444135982656,8.275101351351351,-30200.0,-50.50167224080268,-10.2471545,30200.0,50.50167224080268,10.2471545,2.0823566923592134,0.019189836,10.1961792,880.1536178,51.96396559,244943,12.408780809397717,34.5451799,40.11831324,12.96219937,-0.17560950313907062,-0.6751165150208656,0.5065714037401391,2.293971913936572,-0.13688723292238014,0.6438463159310964,-0.03556880154686906,0.8291319605734112,0.513686300132697,-0.30425132316226355,0.15171285533945061,-0.6847722947190935,-0.7582126462183201,1.02401676237379,-3.949381023712719,-2.8773010615627217,-2.5265736243548838,3.949381023712719,2.8773010615627217,2.5265736243548838,0.02061235567011357,-0.30410899546044684,-0.3174152627873478
Bihor,2022,3.834028467,2.934406273,1.619903806,1.606934841,0.656118724,-0.9508161171672352,17.879105520614953,-0.0561185813876612,30000,124.59765341086076,8.025833333333333,400.0,1.3513513513513598,-0.0811211499999995,-400.0,-1.3513513513513598,0.0811211499999995,1.6324351917441564,-0.210708165,10.88133545,631.7185082,52.38979395,240775,12.391618166429065,34.75319281,40.25750182,12.86636902,0.23998590545756235,-0.6786648538092873,0.37771720859237295,1.798328064986848,0.2311492266942374,-0.7366735255266339,0.0032985532255741567,0.8102839059611926,0.532153346725604,-0.2970563542451408,0.13946200434022563,-0.664782178375691,-0.7506052879052948,0.9595446353193763,0.668241275875346,0.6771325618253693,0.6030112715001843,-0.668241275875346,-0.6771325618253693,-0.6030112715001843,-0.2263277103544443,-0.3287043354291498,-0.2684143661418382
Bistrita-Nasaud,2012,2.188823795,2.149265402,0.427038627,1.38181054,0.225923396,-1.155887143382546,40.50708874052959,,44700,1415.5872945498306,0.7064205816554809,,,,,,,-0.9494052367591986,0.207188562,7.269302029,847.1228339,62.95204196,31577,10.36018428646371,14.05453336,76.95157868,1.475757672,0.0057006424631299004,0.7520867542602937,,-1.0458865938104167,-1.7090797244125189,0.4602987786032546,0.967364545916163,-1.4206415278798628,-1.3054398510901684,1.599742524299394,-1.3167017518646627,0.06985459724435122,1.8660922620883882,-0.933590764247847,,,,,,,0.2225472033375048,-0.3680062232666604,-0.3461972236944233
Bistrita-Nasaud,2013,2.735376045,2.915713718,1.211498973,1.443974831,0.316198868,-1.127775962562054,39.56807081807082,-0.9390179224587668,42300,1524.4341934553845,0.6559810874704491,-2400.0,-5.369127516778526,-1.4522952300000045,2400.0,5.369127516778526,1.4522952300000045,-0.9321326422652404,0.398635303,7.520638021,916.6995652,62.68084058,27748,10.230919044505193,9.056508577,81.62390082,1.755081447,0.07039457910659085,0.692713305486404,0.0260733288913325,-1.0268587073799391,-1.5740728428874504,0.846927134869301,0.9426107219781888,-1.5626009186535326,-1.7491563326304962,1.8412653027348347,-1.2809932946998288,-0.050086100816063836,2.0867132528496253,-0.9466367277995076,0.24571374519408518,0.21645554823335064,0.1808991710754908,-0.24571374519408518,-0.21645554823335064,-0.1808991710754908,0.42818566325054436,-0.36261871194447604,-0.32987467502400075
Bistrita-Nasaud,2014,3.304873137,3.483263415,1.369387755,1.000460529,0.280552424,-0.7199081058476653,33.625994912611795,-5.942075905459028,40700,1453.623343690846,0.687936117936118,-1600.0,-3.78250591016549,-0.8891003799999986,1600.0,3.78250591016549,0.8891003799999986,-0.9350553601649496,0.398776548,8.444218614,875.2054417,62.43675762,27999,10.239924074233857,8.868173863,81.73149041,1.750062502,-0.39116760864613065,0.3169999874066547,-1.9665600752486603,-1.0300784404827712,-1.0779650840830373,0.6163499797808824,0.9203321236240817,-1.5527115739634094,-1.7658763811048903,1.8468268492055004,-1.2816349113418248,-0.1300465661896739,1.9431872545090287,-0.9383716932371461,0.36643589681730254,0.3252156705069674,0.35427712836729713,-0.36643589681730254,-0.3252156705069674,-0.35427712836729713,0.42833737857418325,-0.2844507861630722,-0.33631984561383155
Bistrita-Nasaud,2015,3.241821248,2.521332944,0.892514395,1.183823216,0.453265646,-0.7305575700695363,27.21540558963872,-6.410589322973074,35300,1175.0998668442076,0.8509915014164305,-5400.0,-13.267813267813269,-4.256234029999998,5400.0,13.267813267813269,4.256234029999998,-0.9067767547015386,0.387341371,8.106655545,874.4829,62.15230536,30040,10.310285105878071,9.870173103,79.81691079,1.734354194,-0.20034336108006795,-0.0883371075247783,-2.153161047933455,-0.998926079825067,-1.259289441573872,0.6123349146206611,0.8943688296216733,-1.4754409245987103,-1.6769205242249619,1.7478579477679226,-1.2836430448898912,-0.39991313682560775,1.378650037279826,-0.8961981024001179,-0.20699432339298002,-0.3249854762067831,-0.6822855358074512,0.20699432339298002,0.3249854762067831,0.6822855358074512,0.4160545255215266,-0.286491757313907,-0.30509187294678763
Bistrita-Nasaud,2016,3.142164782,3.060874308,1.114551084,1.771007159,0.516768047,-1.2542391128815202,24.946502057613166,-2.268903532025554,30400,1004.9586776859504,0.9950657894736842,-4900.0,-13.881019830028327,-3.443773780000001,4900.0,13.881019830028327,3.443773780000001,-0.9340023901906244,0.396112768,7.49047309,1011.612316,61.96903941,30250,10.317251463458987,10.23140496,78.79669421,2.13553719,0.4107348028533001,-0.23179829650707065,-0.5035976240162942,-1.0289184645976677,-1.5902761460169474,1.3743442777107446,0.8776412854619586,-1.4677904544250207,-1.6448509496295134,1.6951206716075289,-1.232356233275213,-0.6447920620322886,1.033792093702029,-0.8589338922589276,-0.13154297862846917,-0.36701970819222945,-0.43217192321708686,0.13154297862846917,0.36701970819222945,0.43217192321708686,0.42547613573512566,-0.38685539052926776,-0.29361011596399184
Bistrita-Nasaud,2017,3.149079144,4.535605504,2.313672922,1.664907451,0.745399741,-0.9195077097184892,26.40134529147982,1.4548432338666544,31000,1183.74828165572,0.8447741935483871,600.0,1.9736842105263053,0.4525535199999986,-600.0,-1.9736842105263053,-0.4525535199999986,-1.0420874050215607,0.49671111,7.39784885,927.6894665,61.75274545,26188,10.173056569560982,15.34290515,72.71269284,1.424316481,0.300317589420564,-0.13980957280535147,0.9795077526328443,-1.1479873970477932,-1.6400299027173788,0.9079965095834457,0.8578991196784097,-1.6261456238448386,-1.1910603066911358,1.3806250373472968,-1.3232779395355172,-0.6148068875171847,1.3961794466007622,-0.8978061829954228,0.6984218137811503,0.7197923854258078,0.7673015240530575,-0.6984218137811503,-0.7197923854258078,-0.7673015240530575,0.5335317130232512,-0.32270407522354777,-0.25227162312380874
Bistrita-Nasaud,2018,3.17974618,5.648525597,2.131506849,1.972332407,0.87353998,-1.0987924271225922,25.073769838105115,-1.3275754533747062,31200,1207.3368934293012,0.8282692307692308,200.0,0.6451612903225712,0.6080754100000014,-200.0,-0.6451612903225712,-0.6080754100000014,-1.3788559417930264,0.321249085,8.14209866,928.5586732,61.43514279,25842,10.159756354282166,14.94079406,73.09418776,1.412429379,0.620252560223702,-0.22375124344782818,-0.1286825660361436,-1.5189793446261923,-1.2402509250860132,0.9128265720396344,0.8289100329419329,-1.6407519513427233,-1.226759072861729,1.4003453627607763,-1.3247975741336857,-0.6048118293454835,1.443991032897633,-0.9020751223715493,0.6380607379695415,0.6287244744365555,0.8151785023357269,-0.6380607379695415,-0.6287244744365555,-0.8151785023357269,0.3450628970708122,-0.3570640137503964,-0.2291028127993712
Bistrita-Nasaud,2019,3.274117937,5.185479207,3.115311909,1.730833241,0.715632975,-1.015200266282037,26.45828205759292,1.3845122194877997,31100,1182.779341294592,0.8454662379421222,-100.0,-0.3205128205128194,-0.1197444099999991,100.0,0.3205128205128194,0.1197444099999991,-1.405748356700335,0.258703009,8.317428928,848.3149728,61.07006433,26294,10.17709605525655,15.41416293,72.33969727,2.011865825,0.3689260913888422,-0.1362095007669868,0.9514960987454524,-1.5486046459598475,-1.1460710484544383,0.4669233310180614,0.7955876069189284,-1.6217094512148769,-1.1847341573027776,1.3613440623393298,-1.2481662503051598,-0.6098093584313341,1.3942155084030734,-0.8976271886164611,0.5927899311108351,0.5625292115375936,0.5911212090772943,-0.5927899311108351,-0.5625292115375936,-0.5911212090772943,0.277880354944154,-0.34104356566427196,-0.25765369951767214
Bistrita-Nasaud,2020,3.784009547,4.471403721,2.150390625,1.346076188,0.43186611,-0.9142100776237267,24.300265342805787,-2.158016714787127,30100,1187.4235670046155,0.8421594684385382,-1000.0,-3.215434083601288,-0.7795041900000008,1000.0,3.215434083601288,0.7795041900000008,-1.40594856255754,0.294506728,7.93921441,1013.791611,60.82589447,25349,10.140494560509492,13.22340132,74.83924415,2.019803543,-0.03148784415989184,-0.27265939357958957,-0.45943327955759744,-1.5488251973260563,-1.349231615376692,1.3864543212256637,0.7733010767936032,-1.6619052982730174,-1.3792263968749365,1.490551229396359,-1.2471515007973906,-0.6597846492898404,1.4036288558458263,-0.8984824706749853,0.4569775105347156,0.36408744745616906,0.3880160085242519,-0.4569775105347156,-0.36408744745616906,-0.3880160085242519,0.3163381609943454,-0.32168878336962126,-0.3089610852604541
Bistrita-Nasaud,2021,4.07523598,5.263906289,2.279176201,1.974232213,0.751830898,-1.222401315433628,25.04062398440039,0.7403586415946037,15200,699.6547756041427,1.4292763157894737,-14900.0,-49.501661129568106,-10.05153481,14900.0,49.501661129568106,10.05153481,-1.3034870818296018,0.536276212,6.864635552,1020.931869,61.50320422,21725,9.986218950133592,16.57997699,73.48216341,2.01150748,0.6222296748504719,-0.22584703267605846,0.6949406198628068,-1.435951279081075,-1.9264491456512647,1.426131755940903,0.8351223193808395,-1.8313311340845264,-1.0812350881118988,1.4204006915984613,-1.24821206075249,-1.404416483081584,0.4149738265963673,-0.7466271613610557,-1.6405698739186865,-2.80875205764173,-2.466352650639914,1.6405698739186865,2.80875205764173,2.466352650639914,0.5760297289157355,-0.3807536726640796,-0.2511088169837353
Bistrita-Nasaud,2022,3.904134843,5.023228804,2.11786372,2.515370264,0.810739176,-1.7046310876897572,26.32123527539,1.2806112909896117,15500,686.5089910532377,1.4566451612903226,300.0,1.9736842105263053,-0.1822763599999994,-300.0,-1.9736842105263053,0.1822763599999994,-1.3929283024279646,0.463851904,7.409889052,770.6998685,62.02778529,22578,10.024731259821491,16.81725574,72.45548764,2.404996014,1.1853882056340037,-0.1448748732887865,0.9101141156562831,-1.5344817800051962,-1.633562424215725,0.03562683812106399,0.8830032978919886,-1.7890368255933424,-1.0601698680168732,1.3673295254646243,-1.1979089010547799,-1.3894238958240321,0.38832873113553135,-0.7395483242984695,0.6531510069224438,0.7197923854258078,0.5718709233964623,-0.6531510069224438,-0.7197923854258078,-0.5718709233964623,0.4982366932150774,-0.473173068864983,-0.24045771526758164
Botosani,2012,2.409212341,1.484165259,0.903236901,0.635201725,2.267477672,1.632275947028026,51.049328564680486,,77600,401.67710544024015,2.489561855670103,,,,,,,-0.7542961163001287,-0.737087074,10.22012437,561.9203092,59.35990915,193190,12.1714294395866,12.01304415,54.52559656,13.54469693,-0.771289854783263,1.418665230762981,,-0.8309499097503518,-0.12402491780561892,-1.1245325474364543,0.6394937100798546,0.5684721316265464,-1.4866799306601666,0.4404933654291306,0.22617872982464357,1.7140416664892077,-0.18899495411577497,-0.472388754907323,,,,,,,-0.7917264610047151,0.16634558193156124,0.022932599667998047
Botosani,2013,3.043915943,4.976127193,1.992183063,0.781059689,2.710509119,1.9294494302517564,47.52837788355914,-3.5209506811213487,73800,382.9807108495633,2.61109756097561,-3800.0,-4.89690721649485,-1.7953596999999988,3800.0,4.89690721649485,1.7953596999999988,-0.820368025835599,-0.733985883,9.999977022,680.5255267,59.38585354,192699,12.168884664975396,12.37214516,53.69254641,15.53459022,-0.6194965063807177,1.1960379731771387,-1.002266834192105,-0.9037362413767593,-0.24227860162140227,-0.4654596155839929,0.6418617764305425,0.565677454202133,-1.4547995291830182,0.3974311405278184,0.48056459192519485,1.5241355612268839,-0.22689054085028765,-0.44095405463406917,0.03444997985345474,0.2488254197798325,0.07528773477064078,-0.03444997985345474,-0.2488254197798325,-0.07528773477064078,-0.7883953824091481,0.22329891718077738,0.10303633322903905
Botosani,2014,3.197815721,5.37977222,2.172478966,0.592006356,2.336867196,1.744860839558488,50.541368743615934,3.012990860056796,72300,354.7038737784057,2.819253112033195,-1500.0,-2.032520325203257,0.164178789999994,1500.0,2.032520325203257,-0.164178789999994,-0.6475021329730742,-0.720083437,9.931383559,744.6924556,59.37695465,203832,12.225051404127955,12.75756505,51.86428039,16.09364575,-0.816242968868919,1.3865472853075846,1.6000916073628264,-0.7133032072288352,-0.2791240588077931,-0.10889278952432609,0.6410495329371527,0.6273598983846119,-1.4205825805019816,0.3029239820660295,0.5520336619883089,1.4491726249391244,-0.2842046570351314,-0.38711549467129025,0.3815261657702047,0.4451741063459033,0.6785261710433905,-0.3815261657702047,-0.4451741063459033,-0.6785261710433905,-0.7734623646438356,0.18792249067431388,0.03547879696406371
Botosani,2015,2.889107688,3.460612331,1.631794931,0.909885851,1.65827681,0.7483909594372099,49.3862134088763,-1.1551553347396322,62600,304.550253224292,3.2835303514376997,-9700.0,-13.41632088520055,-4.920961839999997,9700.0,13.41632088520055,4.920961839999997,-0.6495327282540778,-0.710636761,11.13825109,489.2011107,59.33026405,205549,12.233439727317839,12.59991535,51.72246034,16.83442877,-0.48542803349411734,1.3135076185955143,-0.06001054802127441,-0.7155401575843082,0.36915325506840413,-1.52862316307363,0.6367878625431507,0.6365719745127849,-1.434578463523174,0.2955929865808053,0.6467345829468141,0.9644123036116136,-0.3858606671573187,-0.26703213457815544,-0.8558758883677735,-0.33516541234170266,-0.8869201304825526,0.8558758883677735,0.33516541234170266,0.8869201304825526,-0.763315417802168,-0.003051086552853258,-0.08721593237244761
Botosani,2016,3.020526794,3.128032963,1.41444612,1.303962931,5.467073939,4.163111008318247,49.813762007449526,0.4275485985732246,53500,266.61616740505224,3.750710280373832,-9100.0,-14.536741214057503,-4.25324775,9100.0,14.536741214057503,4.25324775,-0.3443892718176909,-0.648745752,10.77735811,731.6798945,59.26871268,200663,12.209382163030657,13.71702805,53.21608867,17.84185425,-0.07531481196376802,1.340541218496639,0.5703536686436096,-0.3793871241702571,0.17529707312495543,-0.18120180742302242,0.6311697798618566,0.6101519011971549,-1.3354030215737867,0.37280197461763764,0.7755227951186648,0.5096371567992064,-0.462748990859809,-0.14619800601592206,-0.7653342746503605,-0.41196825648325996,-0.6813662178728126,0.7653342746503605,0.41196825648325996,0.6813662178728126,-0.696836502012089,0.6513804381458869,0.6014459503798028
Botosani,2017,4.364376338,5.19839933,3.036850242,1.263773312,7.49784997,6.2340766581473,47.1573438011122,-2.656418206337328,53600,267.12516508434874,3.743563432835821,100.0,0.1869158878504695,0.0450618899999994,-100.0,-0.1869158878504695,-0.0450618899999994,-0.3683314415036235,-0.648161558,10.55296846,550.405002,59.20824343,200655,12.209342294397796,13.04128978,51.18586629,19.66410007,-0.11713986334754124,1.172577746742006,-0.6579381667906973,-0.4057623676718919,0.05476460719384619,-1.1885215306992336,0.6256504673562888,0.6101081173713858,-1.395393962120219,0.2678552403457126,1.0084767812491602,0.5146346858850571,-0.4617173071514931,-0.1480465081469731,0.6229704690166394,0.5973125575708955,0.6418563669765899,-0.6229704690166394,-0.5973125575708955,-0.6418563669765899,-0.6962090024065959,1.0482812641039216,0.9686269782976074
Botosani,2018,4.313718279,7.316513153,3.070743758,1.434643996,21.71176326,20.277119267554973,43.94729425028185,-3.210049550830348,54500,270.5439671177388,3.696256880733945,900.0,1.679104477611948,0.5268587099999991,-900.0,-1.679104477611948,-0.5268587099999991,-0.3413296894647264,-0.645180091,10.32890769,637.7730035,59.09434061,201446,12.213276634378676,13.4974137,52.38525461,18.58810798,0.060684045316048714,0.9696085509370744,-0.8784401706379851,-0.3760166180452355,-0.06559119855086334,-0.7030295252678936,0.6152540219092976,0.6144288187317829,-1.3549000250718917,0.32985430436346347,0.8709230858808905,0.5596124476577127,-0.4547877620803238,-0.16028214937310878,0.7436926206398567,0.6995994625275198,0.7901761686958121,-0.7436926206398567,-0.6995994625275198,-0.7901761686958121,-0.6930065228085674,3.7396321375951636,3.538619539213717
Botosani,2019,4.203061368,6.042514425,2.07102596,1.638194273,18.94858463,17.310390360650327,45.17056856187291,1.2232743115910625,54400,222.2158680103101,4.500128676470588,-100.0,-0.1834862385321045,-0.5373083399999956,100.0,0.1834862385321045,0.5373083399999956,-0.2534550856817815,-0.717262941,11.29502097,556.9807466,58.89726758,244807,12.408225423982728,11.63528821,44.38966206,31.23480946,0.27251737458215325,1.046955333078878,0.8872777662015601,-0.2792119381524755,0.4533632898009509,-1.1519810195481537,0.597266240698364,0.8285220350128979,-1.5202164863707104,-0.08345575218878183,2.4876640814335307,0.5546149185718621,-0.5527436360087093,0.04763591794367913,0.5927899311108351,0.5719221428760063,0.46257532265426066,-0.5927899311108351,-0.5719221428760063,-0.46257532265426066,-0.7704327886343338,3.1710581713194665,3.0390140907565053
Botosani,2020,2.869761479,4.333314851,1.87232623,1.230412459,8.633741663,7.403329204152538,43.66485013623978,-1.505718425633134,52300,209.55540596852265,4.772007648183556,-2100.0,-3.860294117647056,-1.2758997100000045,2100.0,3.860294117647056,1.2758997100000045,-0.1248632810406962,-0.698706593,11.31271614,643.5610824,58.92981718,249576,12.427518757008178,15.00104177,43.35753438,30.02732635,-0.151858266399123,0.9517498064600222,-0.19963389988857572,-0.13755225549990227,0.46286837381516527,-0.670865964415974,0.6002371955941376,0.8497100184242882,-1.2214103795153113,-0.13680873974064736,2.333300712577101,0.4496668077689989,-0.5784050347921307,0.11795627330685607,0.29098455205279167,0.3198834256151304,0.2352020378950749,-0.29098455205279167,-0.3198834256151304,-0.2352020378950749,-0.750500880656175,1.272368660870411,1.174005549381912
Botosani,2021,4.862916613,6.364434621,2.706175555,2.104315672,13.71251561,11.608199938370715,44.44155844155844,0.7767083053186568,25400,115.71806705269728,8.641692913385826,-26900.0,-51.434034416826,-15.19867129,26900.0,51.434034416826,15.19867129,-0.1431357924958292,-0.667737907,9.591180779,625.0511514,60.32228951,219499,12.299102955678329,14.27068005,52.97336207,19.46842582,0.7576066078055703,1.000860531266361,0.7094180763328131,-0.15768167339884534,-0.46186635547797755,-0.7737231131122934,0.7273346863787366,0.7086834853339146,-1.2862507007863118,0.36025489394220567,0.9834619912464617,-0.8946685163248199,-0.7686032571592266,1.118834131856201,-3.4514021482669475,-2.9412128498838572,-4.050884200963091,3.4514021482669475,2.9412128498838572,4.050884200963091,-0.7172365228441477,2.0782326632963914,2.092289697882198
Botosani,2022,2.996562679,3.113533661,1.775606013,3.349096098,15.1298954,11.78079930187856,43.008894861457726,-1.4326635801007086,26000,111.31947833979842,8.983153846153845,600.0,2.3622047244094446,-0.1839618399999985,-600.0,-2.3622047244094446,0.1839618399999985,-0.2264503360998788,-0.692206449,10.76804056,441.2453752,61.59573542,233562,12.361202845470933,16.44188695,51.92111731,18.96969541,2.053040766536092,0.9102742116138066,-0.17053739010659213,-0.2494628863636627,0.17029208613943064,-1.7951066101034892,0.8435680766759144,0.7768817294133179,-1.093494496447162,0.30586200954461285,0.9197048209795017,-0.8646833418097162,-0.7775187247522259,1.2071515695145973,0.6984218137811503,0.7464247837365441,0.5713520530988095,-0.6984218137811503,-0.7464247837365441,-0.5713520530988095,-0.7435188887225906,2.1113113529123924,2.3485636346913927
Braila,2012,3.355703512,3.172085772,1.565932397,0.794608017,0.539198297,-0.2554097197587797,44.90120673650709,,39900,127.8551103591479,7.821353383458646,,,,,,,-0.6625506115195634,-0.855112126,12.6093278,676.6279077,37.63562707,312072,12.650989209399265,21.75395422,32.47295496,30.59197877,-0.6053968575444295,1.0299237725969201,,-0.7298809564971476,1.159352372675317,-0.48711814996991765,-1.3433835665298965,1.095125791424857,-0.6218978355488255,-0.6994569871963789,2.4054852831622213,-0.1700267988764789,-0.7440027720181241,0.9066567541815401,,,,,,,-0.9185005695513653,-0.1954296123400922,-0.28955454207217385
Braila,2013,4.406190181,5.238370523,2.237817152,0.899646362,0.325404003,-0.5742423589876107,44.57324927123585,-0.3279574652712398,38100,115.62412750822418,8.648713910761154,-1800.0,-4.511278195488721,-1.076499560000002,1800.0,4.511278195488721,1.076499560000002,-0.8595764832511281,-0.882783992,12.77582845,604.4032585,37.7739906,329516,12.705380190167629,23.46350405,30.34238095,25.931366,-0.496084197056369,1.009187250642887,0.26944837732735594,-0.9469291777406541,1.2487893583991798,-0.8884606229539546,-1.3307544771754964,1.1548580936003887,-0.4701267922827791,-0.8095911216029459,1.8096774559931128,-0.2599823224217902,-0.7687936625412972,1.1206500833706794,0.3362553589114982,0.2752596113363268,0.2965868156335074,-0.3362553589114982,-0.2752596113363268,-0.2965868156335074,-0.9482237180230335,-0.25653392754819265,-0.32821031082045155
Braila,2014,4.066919325,5.804568777,2.375168792,0.720229695,0.291985011,-0.4282446834395834,43.6433298502264,-0.9299194210094512,37000,118.7515044531814,8.420945945945945,-1100.0,-2.887139107611547,-0.2422928399999975,1100.0,2.887139107611547,0.2422928399999975,-0.8929368224896217,-0.870552471,12.19168945,745.5610301,37.89148626,311575,12.649395358694578,21.25619835,29.46224825,25.66958196,-0.6828018496019267,0.9503890937742951,0.029697108183342636,-0.9836796929301523,0.9350150193575505,-0.10406624011685756,-1.3200300963441152,1.09337542085661,-0.6660877891588346,-0.8550871487873828,1.7762112600748554,-0.3149551423661471,-0.762454804870405,1.0617388548735285,0.4418872415818134,0.386591491004825,0.5533950181103182,-0.4418872415818134,-0.386591491004825,-0.5533950181103182,-0.9350854889380369,-0.22855345475872443,-0.3342527397477294
Braila,2015,4.381069607,4.814638001,1.91178576,0.944653263,0.323170853,-0.6214824095618797,38.24440123856844,-5.398928611657958,32300,103.7341066823392,9.640030959752321,-4700.0,-12.702702702702704,-3.44462347,4700.0,12.702702702702704,3.44462347,-1.0204921490399892,-0.874156719,12.81806315,607.8858072,38.02209797,311373,12.64874682942061,21.78673167,29.26361631,25.12420794,-0.4492458344695181,0.6090186005266148,-1.750233691530194,-1.1241975675350258,1.2714760221506525,-0.8691085773154226,-1.3081085520157727,1.0926632044925157,-0.6189879070432021,-0.8653548778945247,1.7064912198384554,-0.5498390094011266,-0.7928934596062979,1.3770500790137032,-0.10136244072266481,-0.28624814028285117,-0.43243349790394897,0.10136244072266481,0.28624814028285117,0.43243349790394897,-0.9389569155499147,-0.2655874891525459,-0.32861408272832215
Braila,2016,4.97244608,5.760063796,2.272166966,1.479244823,0.442248452,-1.0369963705127032,34.3354546119523,-3.9089466266161423,28300,82.82215770743585,12.074063604240283,-4000.0,-12.383900928792569,-3.027299000000003,4000.0,12.383900928792569,3.027299000000003,-1.190077788470425,-0.903804673,12.55676107,664.2829973,38.17228201,341696,12.741676731859858,21.31690157,27.52446619,29.01233845,0.10709980957183285,0.3618586297269587,-1.1567990591414887,-1.311016999233659,1.1311157869288937,-0.5557171244693654,-1.2944005491860902,1.1947190405011299,-0.6606986563781841,-0.9552554362277584,2.2035457285984736,-0.7497401728351517,-0.8352797374698024,2.006602410507249,0.0042694419476504,-0.2643948390502224,-0.3039613285712847,-0.0042694419476504,0.2643948390502224,0.3039613285712847,-0.9708026370716648,-0.34522079176772424,-0.3070838723381227
Braila,2017,5.24556793,6.885332628,3.193750721,1.650328244,0.525814361,-1.1245138820197518,32.815336576864425,-1.5201180350878758,28500,87.05426688089143,11.487087719298245,200.0,0.7067137809187329,-0.54933282,-200.0,-0.7067137809187329,0.54933282,-1.2902807904950664,-0.896993199,12.11771159,660.555307,38.3502083,327382,12.698882963788366,21.50270937,27.71441313,26.49198795,0.28514511212214366,0.2657426258383119,-0.20536902086930076,-1.4214029255161698,0.8952772957588625,-0.5764313883680764,-1.2781603808779614,1.147722824408576,-0.6442029432038163,-0.945436654189731,1.8813467755390074,-0.7397451146634505,-0.8267017060491035,1.8547835605289718,0.6380607379695415,0.6329437894739796,0.4588736201619582,-0.6380607379695415,-0.6329437894739796,-0.4588736201619582,-0.963486236615949,-0.36199353380031496,-0.29197446790498277
Braila,2018,5.27367277,8.979988331,2.953033863,1.88050033,0.617954783,-1.2625455475292462,33.612474732890554,0.7971381560261293,28700,85.9770528144753,11.631010452961673,200.0,0.7017543859649145,0.4120848900000027,-200.0,-0.7017543859649145,-0.4120848900000027,-1.354095772332711,-0.905069905,12.45958984,539.2444529,38.45510882,333810,12.718327247819856,21.77556095,29.26604955,25.62865103,0.5246835691565406,0.3161451158659807,0.7175549404466465,-1.491702973803323,1.0789195828283074,-1.2505391718406975,-1.268585617640835,1.1690765825675271,-0.6199796253299005,-0.8652290982783527,1.770978693099052,-0.7297500564917492,-0.8288851034355635,1.892008571762047,0.6380607379695415,0.6326038316671954,0.7548433696438026,-0.6380607379695415,-0.6326038316671954,-0.7548433696438026,-0.9721616592130378,-0.3884473197690024,-0.2753147209184672
Braila,2019,5.118180573,7.611730374,2.820731814,1.880220192,0.510811266,-1.369408926155167,31.93555672664308,-1.676918006247476,28300,88.62694008443046,11.283250883392226,-400.0,-1.393728222996515,-0.298046750000001,400.0,1.393728222996515,0.298046750000001,-1.2802123589966323,-0.893427615,13.31123047,443.2826514,38.39682088,319316,12.67393648706221,20.57930076,39.27707976,25.15407934,0.5243920315272699,0.21011475908509664,-0.2678197982463477,-1.4103113103478604,1.5363842886247818,-1.7837857455881718,-1.2739058317358636,1.120326545375338,-0.7261816522424117,-0.34773656268868763,1.710309948148831,-0.7497401728351517,-0.8235140661273682,1.8020620181209417,0.5475191242521287,0.4889621821251905,0.5362313330609402,-0.5475191242521287,-0.4889621821251905,-0.5362313330609402,-0.9596563401203457,-0.4089276996559384,-0.29468715101722914
Braila,2020,2.091066193,3.802564905,1.571696909,1.682847177,0.283251505,-1.399595672361318,31.63112754740735,-0.3044291792357292,27100,87.37763906264107,11.444575645756457,-1200.0,-4.240282685512364,-0.7615402200000005,1200.0,4.240282685512364,0.7615402200000005,-1.376560088683355,-0.890229235,13.81882487,455.0460775,38.41766459,310148,12.644804881887808,20.89647523,38.1143841,26.26294543,0.31898733500239734,0.19086591425868304,0.2788192958447551,-1.5164501801600685,1.8090421617700991,-1.7184179996173272,-1.2720033284095373,1.0883341485008216,-0.6980234205462608,-0.4078389010685553,1.8520662210486294,-0.8097105218653592,-0.8260462653168497,1.84378799106713,0.42679697262891125,0.29383587720701976,0.3935461663789469,-0.42679697262891125,-0.29383587720701976,-0.3935461663789469,-0.9562208680199527,-0.4147129933440282,-0.3358318295446615
Braila,2021,5.371186745,7.600704571,2.476877142,2.366317165,0.467629345,-1.8986878207909128,37.66885918381781,6.037731636410459,15000,53.102608400124616,18.831466666666667,-12100.0,-44.64944649446494,-8.81877557,12100.0,44.64944649446494,8.81877557,-1.390895558070385,-0.860071747,12.21652669,600.9708555,38.63611255,282472,12.551334709612163,23.67385086,39.69419978,20.86790903,1.0302697029035934,0.5726274775377386,2.8047947170022276,-1.5322424621776545,0.9483565160982549,-0.907534015812993,-1.2520645569274396,0.9856849868954257,-0.4514525458576925,-0.3261746962007219,1.162370450639828,-1.4144115412532852,-0.8955180766331966,3.754376361865689,-1.2180423432374257,-2.476141273310995,-2.0868511710653097,1.2180423432374257,2.476141273310995,2.0868511710653097,-0.9238278413495954,-0.5103640660487964,-0.30249479789616035
Braila,2022,3.746910902,4.952262169,1.988642942,3.173790632,0.511901715,-2.661888917327873,34.88995076744859,-2.7789084163692195,15300,53.31790715017529,18.755424836601307,300.0,2.0000000000000018,-0.0703564700000001,-300.0,-2.0000000000000018,0.0703564700000001,-1.4680837788980114,-0.867105411,13.43127767,251.7747607,38.89524766,286958,12.567091142569387,24.90294747,38.55825591,20.46640972,1.8706016117059276,0.39691903517425015,-0.7067239464116843,-1.6172747773977236,1.6008684796029538,-2.84796883682975,-1.22841207813442,1.0029887383871952,-0.34233535517921965,-0.3848941747401675,1.1110432017765857,-1.3994189539957334,-0.8950816891566269,3.7347084615533848,0.6531510069224438,0.7215962865380559,0.6063251480906748,-0.6531510069224438,-0.7215962865380559,-0.6063251480906748,-0.9313829024854013,-0.6566316517099111,-0.29448998885921673
Brasov,2012,2.815600882,1.809580579,,0.987620951,0.582176561,-0.405444390442948,12.577086771475724,,32300,1084.0017451421284,0.9225077399380804,,,,,,,0.5485311039462606,1.488664025,7.901924827,809.9734041,27.93040709,29797,10.302162996284876,48.70288955,30.96620465,0.0,-0.4045296663853683,-1.0139078039927478,,0.6042744506695112,-1.3692619750324637,0.25386449071087575,-2.2292245849798347,-1.484360644332937,1.7705846520445991,-0.7773442797193344,-1.5053610581349113,-0.5498390094011266,1.1940039144367716,-0.8777007273534391,,,,,,,1.5990169162780314,-0.2241837757526063,-0.28178371805576474
Brasov,2013,3.410497238,4.439127604,,1.139115452,0.607354463,-0.5317609890754397,13.113571761910825,0.536484990435099,30400,1015.6015100390874,0.9846381578947369,-1900.0,-5.882352941176472,-1.0167005799999984,1900.0,5.882352941176472,1.0167005799999984,0.5791754754156198,1.602362988,7.92098999,833.1713599,28.17560809,29933,10.306716829702717,48.3747035,30.78876157,0.0,-0.24687041391312936,-0.9799862319591129,0.6137411916521439,0.638032993444095,-1.3590209897206702,0.38277235045228863,-2.206843937862865,-1.4793596138324956,1.7414488302511726,-0.7865167092761164,-1.5053610581349113,-0.6447920620322886,1.0553639734878943,-0.8616309554176113,0.32116508995859605,0.18127484750496134,0.3149957641537826,-0.32116508995859605,-0.18127484750496134,-0.3149957641537826,1.721144247999127,-0.24839236768824943,-0.27723134605804056
Brasov,2014,3.713032494,4.761997406,,1.003910521,0.654381465,-0.34952905558826,12.487196995561629,-0.6263747663491959,29300,976.7643431009768,1.023788395904437,-1100.0,-3.618421052631582,-0.3946233300000017,1100.0,3.618421052631582,0.3946233300000017,0.5802098960731116,1.624550244,8.333515514,931.7050619,28.36062212,29997,10.308852655643959,47.50141681,30.84308431,0.0,-0.38757722644634907,-1.0195914718737156,0.1505938118752398,0.6391725349761432,-1.1374300265579609,0.9303106226485922,-2.189956838229836,-1.4770140447930273,1.66391986345197,-0.7837086453832818,-1.5053610581349113,-0.6997648819766454,0.9766452012086748,-0.8515049106115364,0.4418872415818134,0.33646339907328415,0.5065005033798295,-0.4418872415818134,-0.33646339907328415,-0.5065005033798295,1.7449762188632134,-0.21346759483025368,-0.2687284768737171
Brasov,2015,3.774923858,3.425274725,1.852941176,1.456195874,0.674952102,-0.7812437719724811,10.677762596778868,-1.8094343987827592,25800,930.6352126393248,1.0745348837209303,-3500.0,-11.945392491467576,-1.59181918,3500.0,11.945392491467576,1.59181918,0.5640104727483095,1.854611001,8.266625144,830.460957,28.61847298,27723,10.23001767255615,35.53006529,36.10720341,0.490567399,0.08311293185928313,-1.1340007477952403,-0.3205988368381775,0.6213268785305306,-1.1733606554579314,0.3677110131565293,-2.1664215789671606,-1.5635908074342126,0.6011228173459959,-0.5115945588646091,-1.442647438595524,-0.8746783999814174,0.8831464008961862,-0.8383795444450926,0.07972078671216126,-0.23433585645305005,0.13794711381807256,-0.07972078671216126,0.23433585645305005,-0.13794711381807256,1.9920911057962225,-0.29620577425166505,-0.26500913632444706
Brasov,2016,3.85673745,3.84158123,1.907894737,2.197453429,0.825726074,-1.3717273543951758,10.288132178118074,-0.3896304186607935,23100,805.9451538622566,1.2407792207792208,-2700.0,-10.465116279069765,-1.4679102509999993,2700.0,10.465116279069765,1.4679102509999993,0.4632474646225816,1.734916659,7.710083701,1035.584887,28.97931255,28662,10.263327482618017,35.65347847,35.39180797,0.795478334,0.854534410786096,-1.1586368076081688,0.24488508274361076,0.5103240366771961,-1.4723107742252106,1.5075565679121543,-2.133486056346906,-1.5270098961890473,0.612079238008727,-0.5485749487374793,-1.4036679458490258,-1.0096116852993844,0.6304130241801136,-0.7953811441444004,0.20044293833537866,-0.13286552402590718,0.17609213059199255,-0.20044293833537866,0.13286552402590718,-0.17609213059199255,1.8635239647698592,-0.4093720267182727,-0.2377479607063022
Brasov,2017,4.149382716,5.094718652,1.978571429,2.254815993,1.040265349,-1.2145506434939843,9.676898222940226,-0.6112339551778483,23000,846.2727205828244,1.1816521739130434,-100.0,-0.4329004329004293,-0.0716682429999995,100.0,0.4329004329004293,0.0716682429999995,0.4821637161608964,1.915467774,7.499950756,909.2477561,29.25537803,27178,10.210163101480443,32.78386931,34.06799617,0.515122526,0.9142312242046303,-1.1972847045850314,0.15662414096763033,0.5311626134229942,-1.5851851516049886,0.8055184534076957,-2.1082882631525193,-1.5853951437838425,0.35732002108727373,-0.6170057406395166,-1.4395083370254673,-1.014609214385235,0.7121526769799746,-0.810674106748343,0.5927899311108351,0.5548252382560187,0.60592132244637,-0.5927899311108351,-0.5548252382560187,-0.60592132244637,2.0574591189033113,-0.37924909040438476,-0.19895749325901302
Brasov,2018,3.856461504,5.946145723,2.738636364,2.527713988,1.261103493,-1.2666104952447037,8.494610230157738,-1.182287992782488,23300,851.6393143024234,1.174206008583691,300.0,1.304347826086949,0.0110670419999987,-300.0,-1.304347826086949,-0.0110670419999987,0.5194800852122422,1.931909719,8.354261919,866.9030813,29.40076501,27359,10.216800821360927,32.18684893,34.61383823,0.321649183,1.1982342316330836,-1.2720399503546225,-0.07081702696735293,0.5722711818291567,-1.1262859503768377,0.5702149013630735,-2.095018110523525,-1.5781055843006975,0.30431752631723713,-0.5887899440895545,-1.4642417653956545,-0.9996166271276831,0.72303018690755,-0.8126000261703343,0.6531510069224438,0.673910552788217,0.6313911482255918,-0.6531510069224438,-0.673910552788217,-0.6313911482255918,2.07511988570516,-0.38922636750737244,-0.15902813843131655
Brasov,2019,3.731862334,5.304334585,2.120253165,2.387503822,1.292420579,-1.0950832430028627,8.779240067659558,0.2846298375018197,23200,850.2840388491845,1.1760775862068966,-100.0,-0.4291845493562207,-0.0529128099999987,100.0,0.4291845493562207,0.0529128099999987,0.3862868167834503,1.715850129,8.704570423,819.568375,29.51178472,27285,10.214092379620332,30.56258017,36.10408649,0.579072751,1.0523185065430456,-1.2540430041065844,0.5134315425445628,0.4255424210831296,-0.9381152935584064,0.3071824284491712,-2.0848848200698225,-1.5810800013490496,0.16011759723435864,-0.5117556794286463,-1.4313330076246888,-1.0046141562135338,0.7202831889107822,-0.8121159504703109,0.5927899311108351,0.5550799555414371,0.6116951299690478,-0.5927899311108351,-0.5550799555414371,-0.6116951299690478,1.8430440556076249,-0.35635314814966923,-0.15336575141603948
Brasov,2020,3.799140049,4.279484029,1.496240602,1.707131486,0.890066909,-0.8170645761793387,8.720618003056966,-0.0586220646025914,22400,978.6360260387086,1.021830357142857,-800.0,-3.4482758620689613,-0.2184999469999997,800.0,3.4482758620689613,0.2184999469999997,0.5004474330078843,2.259363662,8.385911421,883.8504249,29.8509591,22889,10.038411724792649,28.45034733,35.56293416,0.58106514,0.34425984310316904,-1.2577496363938445,0.37672011355615226,0.5513043754387228,-1.109285199577719,0.6643889661217594,-2.0539267811144475,-1.774012906994797,-0.027402986326287928,-0.539729053348967,-1.4310783027136509,-1.0445943889003386,0.9804389017942247,-0.8520113491222518,0.4871580484405199,0.3481265528162621,0.5607195935861098,-0.4871580484405199,-0.3481265528162621,-0.5607195935861098,2.4268475995290912,-0.30307083586065714,-0.2261146079525982
Brasov,2021,4.346113261,5.937952979,2.651741294,2.697882979,1.548200647,-1.1496823321635818,14.60062646828504,5.880008465228075,12600,419.3849021435228,2.3844444444444446,-9800.0,-43.75,-3.681719740000001,9800.0,43.75,3.681719740000001,0.3010594801990728,1.414881411,7.295982361,952.9684473,30.73213216,30044,10.310418252805903,28.38836373,37.65810145,0.669018772,1.3753278933694604,-0.8859607993010287,2.7419762446653473,0.33165403148034833,-1.694748197945854,1.0484683399234396,-1.973497976562915,-1.4752947023314404,-0.03290578915326696,-0.4314251714664023,-1.4198344030464507,-1.5343522393137001,-0.15310314927651514,-0.499576932299907,-0.8709661573206757,-2.414485797103654,-0.5054229206128149,0.8709661573206757,2.414485797103654,0.5054229206128149,1.519764884971224,-0.36681707042005285,-0.10711860901556572
Brasov,2022,4.485998991,5.057224352,2.44,4.006365961,1.44892538,-2.557440580966707,14.14695284349052,-0.4536736247945203,12800,438.2511041873524,2.281796875,200.0,1.5873015873015817,-0.0661478369999999,-200.0,-1.5873015873015817,0.0661478369999999,0.2680989276173698,1.484463736,8.080502597,665.7886948,31.53807597,29207,10.282163685554078,27.14417777,38.41202451,1.711918376,2.737056850216324,-0.9146462664018815,0.219377756567519,0.29534393044545165,-1.2733376800456915,-0.547350169905938,-1.8999356990529697,-1.5063239341100023,-0.14336258769313015,-0.39245320277039314,-1.2865112162298031,-1.524357181141999,-0.11486338104551626,-0.5261262954780209,0.6380607379695415,0.6933065357618616,0.6076207639730483,-0.6380607379695415,-0.6933065357618616,-0.6076207639730483,1.5945052648566593,-0.6366141149752428,-0.1250683947267575
Buzau,2012,1.975484886,1.471941216,1.135557829,0.402676248,0.278775864,-0.1239003840911906,35.35270755846939,,76300,338.470274058893,2.9544692005242466,,,,,,,-0.9960513563394024,-0.848263995,10.70307666,755.2532923,61.50336795,225426,12.325747224423479,25.38748858,43.58769618,21.24466566,-1.0132774691361484,0.42617882454493666,,-1.0972730294790738,0.13539627403980012,-0.05020766796393552,0.8351372637870711,0.7379442835296524,-0.2993185863904515,-0.12491116167131858,1.2105346213550567,1.6490737883731494,-0.31710842268901435,-0.35214242068325147,,,,,,,-0.911144794755895,-0.17022583170183436,-0.33664106229011687
Buzau,2013,3.131500663,4.102106014,1.733808926,0.720735705,0.148998247,-0.5717374581592133,33.53220425968694,-1.820503298782448,72400,232.40361188596813,4.302859116022099,-3900.0,-5.111402359108785,-1.9768872900000003,3900.0,5.111402359108785,1.9768872900000003,-1.2286689012214014,-0.935471059,10.80817073,745.3137223,61.55304569,311527,12.649241290820955,29.9980419,31.04803115,25.82793787,-0.6822752485846166,0.31106966979107387,-0.3250073925577813,-1.3535298545495285,0.19184828691934533,-0.10544049565343218,0.8396715844811489,1.0932062231577857,0.10999881116685399,-0.77311448497542,1.796455312801958,1.454170154024975,-0.5320941717605854,-0.003387026220317023,0.019359710900552572,0.23412215477918252,0.019404974574405924,-0.019359710900552572,-0.23412215477918252,-0.019404974574405924,-1.004816414553789,-0.2560538629909578,-0.36010592403920805
Buzau,2014,3.362518039,4.573985962,1.92252452,0.399739118,0.227921427,-0.1718176909104935,36.35131805863513,2.819113798948188,70600,222.58654391827983,4.492634560906516,-1800.0,-2.4861878453038666,-0.1827852699999965,1800.0,2.4861878453038666,0.1827852699999965,-1.2584534442575404,-0.939759961,10.4905885,912.3452581,61.56896438,317180,12.667224715052592,31.67759632,30.67942493,23.88328394,-1.0163341194908286,0.48932027047326226,1.5228736519495192,-1.3863411905925043,0.021256776491832365,0.8227308473275409,0.8411245580964866,1.1129556616709395,0.25910691089711996,-0.7921685646675761,1.5478528028300411,1.3642146304796638,-0.5519923156965103,0.04569759639465309,0.3362553589114982,0.41407599527010686,0.571714256878214,-0.3362553589114982,-0.41407599527010686,-0.571714256878214,-1.00942324775132,-0.17940918955030263,-0.3458359632377345
Buzau,2015,3.606266714,3.592534945,1.525776926,0.552346403,0.217375036,-0.3349713670751654,32.93158241890028,-3.419735639734853,61200,192.82696300684032,5.185996732026144,-9400.0,-13.31444759206799,-4.2933335700000015,9400.0,13.31444759206799,4.2933335700000015,-1.3037762869751242,-0.937576791,11.20860124,701.8377381,61.6192768,317383,12.667864525463616,29.92535832,31.17400743,23.51134119,-0.8575168006040004,0.27309276941088717,-0.961954594527196,-1.4362698741054665,0.40694232893220933,-0.34703057892160943,0.8457168090156135,1.1136583029593738,0.10354608158194854,-0.7666024893871703,1.5003040334632176,0.8944468964097048,-0.6123117946282706,0.22503281294825664,-0.810605081509067,-0.32818217716367865,-0.693706525295665,0.810605081509067,0.32818217716367865,0.693706525295665,-1.0070782419591957,-0.21067761200491614,-0.3477428375700538
Buzau,2016,4.408046309,4.089902274,2.019297753,0.982938224,0.355453675,-0.6274845486463744,28.03158856546143,-4.899993853438847,52600,235.0901029748284,4.253688212927757,-8600.0,-14.05228758169934,-3.425327600000003,8600.0,14.05228758169934,3.425327600000003,-1.1292062468650812,-0.834469817,10.81685586,814.6457883,61.73595473,223744,12.318257820135099,23.24039974,46.32839316,15.91104119,-0.4094029471544939,-0.03673042681495574,-1.5515164131992105,-1.2439595122464142,0.1965135650898503,0.2798282890862307,0.8563665517885571,0.7297194022396196,-0.48993362873273005,0.016761593251187618,0.5286896873879967,0.4646593950265508,-0.5266489424370576,-0.016104874008754804,-0.6898829298858496,-0.37875981152602306,-0.42649331836436744,0.6898829298858496,0.37875981152602306,0.42649331836436744,-0.8963280707684841,-0.26673779985921914,-0.32277708269232575
Buzau,2017,5.185926035,6.06084889,3.077792696,0.913491943,0.2699794,-0.6435125429470655,27.04318044456384,-0.9884081208975956,53000,233.20998138720336,4.287981132075472,400.0,0.7604562737642651,0.1474521300000049,-400.0,-0.7604562737642651,-0.1474521300000049,-1.190500468077201,-0.843235806,10.49571424,773.6386003,61.73697986,227263,12.333863216124113,23.86750153,39.97483092,16.38630133,-0.481675199131726,-0.09922678341286348,0.006402047930624123,-1.3114826327872648,0.02401010349208295,0.051956967808268355,0.8564601202192687,0.7468572845799732,-0.4342605554872987,-0.3116682451005189,0.5894464430610249,0.4846495113699533,-0.5304597472609354,-0.007235154347412584,0.668241275875346,0.6366277428935012,0.6733769156069946,-0.668241275875346,-0.6366277428935012,-0.6733769156069946,-0.9057438720934837,-0.26980956697274905,-0.3382315354118483
Buzau,2018,5.155995881,8.533858828,2.906008099,1.108827245,0.795790982,-0.3130362631767523,28.12228242691819,1.0791019823543555,53700,224.76895258505223,4.449013035381751,700.0,1.3207547169811429,0.2080691299999983,-700.0,-1.3207547169811429,-0.2080691299999983,-1.2227256377083255,-0.860333489,10.87766379,636.3287565,61.61292721,238912,12.383850562274256,23.57437048,42.32144053,15.19429748,-0.2783911360701958,-0.030995917165545245,0.8298563650972993,-1.3469826190897505,0.2291769689102414,-0.7110550078282124,0.8451372521087192,0.8017535049277764,-0.4602842516039375,-0.1903667474879198,0.43706192649761355,0.5196322149709077,-0.5475688073820748,0.034415071832128954,0.7135120827340524,0.6750352163200539,0.692037689293324,-0.7135120827340524,-0.6750352163200539,-0.692037689293324,-0.9241089859723423,-0.2064737465977453,-0.24316047182697043
Buzau,2019,5.235454789,7.375986752,2.985862499,1.136245859,0.533574914,-0.6026709455024241,26.31473303894018,-1.8075493879780105,53100,229.57893234987657,4.355800376647834,-600.0,-1.1173184357541888,-0.6264176299999988,600.0,1.1173184357541888,0.6264176299999988,-1.1514916213043545,-0.851420469,11.48489712,629.1988413,61.45285049,231293,12.351440584034814,24.21819943,45.95167169,19.41952415,-0.24985677899102463,-0.1452860051676735,-0.31984806890595086,-1.2685095920876033,0.5553565884268246,-0.7506749690219385,0.8305262979039567,0.7661607910926399,-0.40312616839885,-0.002711981858657727,0.9772104532651932,0.48964704045580393,-0.5378194942465869,0.010306008725050452,0.5173385863463242,0.507909587185603,0.43514327728679403,-0.5173385863463242,-0.507909587185603,-0.43514327728679403,-0.9145352544144145,-0.26198226971141503,-0.29057129602179516
Buzau,2020,1.593200543,1.969872212,1.522463911,0.92989818,0.253963789,-0.6759343913855483,28.86736615550175,2.552633116561569,51100,203.1276086593577,4.923013698630137,-2000.0,-3.766478342749524,-0.7014407500000033,2000.0,3.766478342749524,0.7014407500000033,-1.196680029914002,-0.877603163,11.95163115,609.8351187,61.54816283,251566,12.435460659541713,25.18543841,45.22948252,18.14672889,-0.46460134467345504,0.016115207695074477,1.416738901745572,-1.3182901799025457,0.8060660287680556,-0.8582765205772891,0.8392259029114103,0.8584318343445049,-0.3172562706596383,-0.04004355482558176,0.8144976479505946,0.3896964587387914,-0.5914334905866396,0.15701335470778188,0.30607482100569383,0.326314332081122,0.4120476199041693,-0.30607482100569383,-0.326314332081122,-0.4120476199041693,-0.9426588403392038,-0.2760232182833742,-0.34112728975400286
Buzau,2021,5.025365667,6.009557772,2.500445434,1.401856278,0.45678463,-0.9450716482443324,31.625497504580203,2.758131349078454,25700,101.57620982403996,9.844824902723735,-25400.0,-49.706457925636,-13.1955246,25400.0,49.706457925636,13.1955246,-1.144630512201143,-0.868820902,10.45716903,722.7630969,61.65455783,253012,12.44119219741489,24.80593806,43.66828451,19.52081324,0.02656209979308496,0.19050993057466867,1.4985853732428527,-1.2609512368649014,0.0033052750334952355,-0.23075122911660845,0.8489370743585495,0.8647262226297461,-0.3509476922424358,-0.1207453707031745,0.9901591438359473,-0.879675929067268,-0.797267285113735,1.4300191731486471,-3.225048113973415,-2.8227905180337682,-3.434221102449247,3.225048113973415,2.8227905180337682,3.434221102449247,-0.9332255607902229,-0.32760340724119136,-0.30445561166409457
Buzau,2022,1.801382975,0.252296157,1.181811486,1.924946837,0.458508897,-1.4664379392396658,30.894208111124893,-0.7312893934553095,26300,114.36721878927295,8.743764258555133,600.0,2.334630350194544,-0.1082811499999998,-600.0,-2.334630350194544,0.1082811499999998,-0.9878325842788864,-0.811380085,11.58931921,383.5693165,61.61991168,229961,12.345665008310135,26.34968538,44.07921343,17.71126408,0.5709387336830876,0.14427101191003128,0.1088080897699035,-1.088219041589751,0.6114476425613636,-2.115604560415866,0.8457747574956019,0.7598180403359773,-0.21389632516086712,-0.0995035360171193,0.7588282853455764,-0.8496907545521643,-0.7713412817170358,1.1452344570431041,0.6984218137811503,0.7445346088525445,0.5946501415643451,-0.6984218137811503,-0.7445346088525445,-0.5946501415643451,-0.871526724433292,-0.42752332215615196,-0.30414384999279254
Calarasi,2012,2.878411694,3.258040082,1.749024545,0.446469341,0.11669085,-0.3297784903248064,57.28685426291474,,50700,130.26821892255077,7.67646942800789,,,,,,,-0.5954315282280721,-0.878745499,12.68142034,685.422064,63.88283915,389197,12.871840921145061,35.33043677,31.8853948,18.57003009,-0.9677023079240114,1.8130596333215692,,-0.6559410342327201,1.1980773834832448,-0.4382502291652553,1.052322777925237,1.3376656573295416,0.5834001232107466,-0.7298292856143926,0.8686120274659898,0.36970634239538885,-0.7391116597547025,0.8691831269659861,,,,,,,-0.9438858563464558,-0.20968239652585402,-0.3659473674375562
Calarasi,2013,4.592084507,6.273708551,2.386879589,0.617113947,0.132602997,-0.4845109499474688,56.3034188034188,-0.9834354594959436,48200,126.03943308404372,7.93402489626556,-2500.0,-4.930966469428011,-1.4623449700000035,2500.0,4.930966469428011,1.4623449700000035,0.1914045938217039,-0.759835438,13.09308773,601.9171146,63.95103335,382420,12.85427476004695,31.66126249,27.59296062,15.45787354,-0.7901136770311993,1.750877694638314,0.008382574890351109,0.210855692512493,1.4192073939811616,-0.902275783734551,1.058547182905739,1.3183744581646473,0.2576568201327985,-0.951714805991815,0.47075721236501133,0.2447681152491232,-0.747682955131873,0.9357987682548229,0.23062347624118298,0.2464907178583919,0.17780538676174296,-0.23062347624118298,-0.2464907178583919,-0.17780538676174296,-0.8161611341366085,-0.23933689177632925,-0.3630703202385294
Calarasi,2014,4.235271894,6.478510781,2.424598338,0.587595549,0.154630408,-0.4329651411517903,55.46903967371153,-0.8343791297072727,46200,123.88383879012146,8.072077922077922,-2000.0,-4.149377593360992,-0.5599553699999973,2000.0,4.149377593360992,0.5599553699999973,0.2233279502404163,-0.741974958,12.37410622,866.1314655,63.93396736,372930,12.82914601345387,31.93870163,25.51792562,12.10012603,-0.8208332644230746,1.6981204838004635,0.0677491908369641,0.2460231944547973,1.0330014599767503,0.5659271381576334,1.0569894898298875,1.2907780099376425,0.28228741409485636,-1.058978004789744,0.04150630763567812,0.14481753353211063,-0.7520521135882572,0.9715056041786253,0.30607482100569383,0.3000672614869698,0.45560349789391974,-0.30607482100569383,-0.3000672614869698,-0.45560349789391974,-0.7969766780245682,-0.22945813107000446,-0.3590875829549082
Calarasi,2015,5.119053335,5.33823301,2.428036532,0.779439536,0.198783237,-0.5806562985514979,53.68952847519902,-1.779511198512509,40900,110.30115721825337,9.066088019559903,-5300.0,-11.471861471861466,-3.672092820000003,5300.0,11.471861471861466,3.672092820000003,0.1990513082663189,-0.73162362,12.94092358,640.1474824,63.89935541,370803,12.823426203255995,32.57875476,29.52052707,10.65983824,-0.6211825881142762,1.5856032309765857,-0.3086809321047379,0.21927948860573884,1.3374713592495624,-0.6898348715820658,1.0538302945615967,1.284496501012822,0.33911028616393124,-0.8520745862738016,-0.14261856628258515,-0.12005150801797262,-0.779582752455425,1.2286021455150917,-0.19190405444007785,-0.20187613740091206,-0.5024593002519199,0.19190405444007785,0.20187613740091206,0.5024593002519199,-0.7858580076662187,-0.25776315986827575,-0.35110438791507126
Calarasi,2016,5.049040178,5.193108107,2.680710688,0.961140199,0.339850678,-0.6212895209167472,50.72832922072753,-2.961199254471488,35600,96.48324010233728,10.364494382022471,-5300.0,-12.95843520782396,-3.539552029999996,5300.0,12.95843520782396,3.539552029999996,0.154886256114711,-0.728506932,12.64776962,662.0693624,63.93920035,368976,12.818486880257023,32.93791466,27.28334634,9.899830883,-0.4320879971344345,1.398368665970332,-0.7793273050986101,0.17062625374684964,1.1800016644741131,-0.5680179901002885,1.0574671294094842,1.279072124953607,0.37099591579914815,-0.9677194604030984,-0.23977710623283863,-0.3849205495680559,-0.8075901885424673,1.5644295036918432,-0.19190405444007785,-0.30377815399903885,-0.4616569892434948,0.19190405444007785,0.30377815399903885,0.4616569892434948,-0.7825102832964973,-0.2655505220195674,-0.3255982330257957
Calarasi,2017,5.548939819,7.717737823,2.890301092,1.097944194,0.405644407,-0.6922997874423309,48.9358372456964,-1.7924919750311332,35800,95.7767278603265,10.44094972067039,200.0,0.561797752808979,0.3734583600000007,-200.0,-0.561797752808979,-0.3734583600000007,0.1420583093592635,-0.729424193,12.17805428,656.8533901,63.92827643,373786,12.83143872011869,34.31910237,24.65555157,10.04050446,-0.2897170500403487,1.2850306476943363,-0.3138509559162899,0.15649469325174015,0.9276907926675496,-0.5970024330167419,1.0564700519152894,1.293295865754328,0.4936155060645822,-1.1035560476484547,-0.22179354433042467,-0.3749254913963546,-0.8090222130868928,1.584204356264148,0.6380607379695415,0.6230100504709736,0.7429523005605698,-0.6380607379695415,-0.6230100504709736,-0.7429523005605698,-0.783495539762045,-0.2791596484856828,-0.31370218507368874
Calarasi,2018,5.653721352,9.0363727,3.747470349,1.189329075,0.3523938,-0.8369352751700024,51.60785541037477,2.67201816467837,36100,95.71052471107885,10.448171745152354,300.0,0.8379888268156499,0.1069696299999947,-300.0,-0.8379888268156499,-0.1069696299999947,0.1640885983511286,-0.729927707,12.56417812,610.466852,63.81543792,377179,12.840475154808798,33.7449858,27.12293102,10.34972785,-0.1946134526779302,1.4539804939422394,1.464287947877102,0.18076376511088868,1.1350999070807555,-0.8547660652452556,1.046170751041661,1.303219699446493,0.4426463741585387,-0.9760116869724784,-0.18226275187933533,-0.35993290413880275,-0.8091563997704401,1.5860723025963468,0.6531510069224438,0.6419424631235219,0.6609144913570797,-0.6531510069224438,-0.6419424631235219,-0.6609144913570797,-0.7840363786552212,-0.3068790578089106,-0.323330333287492
Calarasi,2019,5.791667347,7.850699136,2.795939007,1.455693722,0.487097515,-0.968596207357972,51.74737501958941,0.1395196092146449,35800,94.59662992899968,10.571201117318436,-300.0,-0.8310249307479256,-0.8586115499999991,300.0,0.8310249307479256,0.8586115499999991,0.1882899641982226,-0.717815108,13.5857579,468.4803855,63.66368067,378449,12.84383660037684,32.38322733,33.63729327,10.18948392,0.08259034583520387,1.462802221592515,0.45563659210627006,0.20742454505115865,1.6838486128644703,-1.6437653920204567,1.0323191539450267,1.3069112468240247,0.32175168010432914,-0.639269736565149,-0.20274816709445492,-0.3749254913963546,-0.811414145033714,1.6178933335363972,0.5626093932050308,0.5275345037257807,0.3636630292959313,-0.5626093932050308,-0.5275345037257807,-0.3636630292959313,-0.7710258871164585,-0.3321118919392707,-0.29897479245825964
Calarasi,2020,1.808716294,3.01723151,1.737608677,1.017548447,0.244439012,-0.7731094347774184,48.138639281129656,-3.6087357384597567,34500,95.35865911905184,10.48672463768116,-1300.0,-3.631284916201116,-0.7050857599999958,1300.0,3.631284916201116,0.7050857599999958,0.2369873308921736,-0.693865233,13.86304272,507.2345697,63.70856329,361792,12.798824740034963,35.63041748,33.31610428,9.88717274,-0.37338433360707873,1.234624376014329,-1.0372301382815687,0.2610706816081148,1.8327940883793334,-1.4284137039529032,1.0364158015113298,1.2574791166171058,0.6100319209609117,-0.6558727136166572,-0.24139530990025584,-0.4398933695124128,-0.8098695935895414,1.596043846499956,0.4117067036760091,0.3355816038368508,0.41092551378386855,-0.4117067036760091,-0.3355816038368508,-0.41092551378386855,-0.7453006364050357,-0.29464682751027027,-0.34284944786310056
Calarasi,2021,5.326593181,7.562777657,2.717389674,1.316436243,0.497194804,-0.8192414389269632,40.38570084666039,-7.752938434469264,18400,48.08973963587704,20.794456521739132,-16100.0,-46.66666666666666,-13.83126478,16100.0,46.66666666666666,13.83126478,0.2850360795437012,-0.702416183,12.39136724,734.4817382,64.17768195,382618,12.85479238140542,32.64953557,32.53349294,10.45298444,-0.06233392465239946,0.7444114823341291,-2.6877960029296997,0.314002285646386,1.0422733372896573,-0.1656323461389831,1.0792344653236532,1.3189429111500486,0.3453940909342871,-0.696327643651058,-0.16906253818108574,-1.244495552334364,-0.9056786240116201,4.2620954521406755,-1.8216531013535127,-2.614418170377715,-3.6299319364114604,1.8216531013535127,2.614418170377715,3.6299319364114604,-0.754485458145059,-0.3034880318786601,-0.297149119465469
Calarasi,2022,5.036941886,3.757330581,2.550963542,1.955171119,0.588231999,-1.3669391207892392,38.93704162301172,-1.4486592236486686,18700,48.38755585916375,20.666470588235295,300.0,1.6304347826086918,-0.3771449800000006,-300.0,-1.6304347826086918,0.3771449800000006,0.2385675023401705,-0.704992189,13.45870937,289.9939559,64.52963654,386463,12.864791411508618,31.3238266,32.58914825,11.05073448,0.6023929295461451,0.6528137692884508,-0.17690818448128925,0.26281143473374885,1.6156036086326675,-2.635590009283605,1.1113590140815615,1.32992386937417,0.22769981264346045,-0.6934506962353806,-0.09264680271919125,-1.229502965076812,-0.9050749824664137,4.228992427405908,0.6531510069224438,0.6962632404834539,0.5118811644775498,-0.6531510069224438,-0.6962632404834539,-0.5118811644775498,-0.7572524204020282,-0.4084543611484777,-0.28068884500458063
Caras-Severin,2012,2.743220899,2.988514038,1.653695955,1.16910942,0.140493836,-1.0286155837769762,26.67864361104873,,43200,772.4493080141616,1.2945833333333334,,,,,,,0.2317675865112575,0.282366178,9.829625802,917.5442355,45.93845367,55926,10.931784667289213,21.62858062,64.44945106,12.82051282,-0.21565590419599928,-0.12227619332639554,,0.2553204914261514,-0.33378394788390964,0.8516208519148405,-0.5855455797028076,-0.7929086539954344,-0.6330282990989988,0.9534795936494839,0.1335997960357514,-0.00510833904340819,0.5625205369186754,-0.7814649361678601,,,,,,,0.30329764648123997,-0.3436146129410195,-0.36164359157376025
Caras-Severin,2013,2.976287688,3.629816019,1.712310437,1.538438105,0.238635614,-1.2998024909496173,30.32332563510393,3.6446820240552,41200,807.0044855346405,1.239150485436893,-2000.0,-4.629629629629628,-0.8124377599999946,2000.0,4.629629629629628,0.8124377599999946,0.1396366039977672,0.366919679,9.938747199,1066.960893,46.12543204,51053,10.840619587781932,24.9466241,59.93967054,13.1745441,0.16870183822565474,0.1081745108366662,1.8516835175026432,0.15382688705720765,-0.275168628210041,1.6819087313339733,-0.5684791855303688,-0.8930263573362902,-0.3384578152648405,0.7203589549846967,0.17885878194517266,-0.10505892076042074,0.6325601758716733,-0.7958024097073214,0.30607482100569383,0.2671468285563792,0.3778775012333461,-0.30607482100569383,-0.2671468285563792,-0.3778775012333461,0.3941189978141187,-0.39558761763798816,-0.3438987500069745
Caras-Severin,2014,3.308649971,3.853778792,1.469608516,1.308428546,0.345136664,-0.9632918825917188,28.28447973840944,-2.0388458966944967,40300,825.7858284496538,1.2109677419354838,-900.0,-2.1844660194174748,-0.7700980000000044,900.0,2.1844660194174748,0.7700980000000044,0.1420444482582529,0.433056709,10.22641488,1188.065857,46.12507257,48802,10.79552657460799,28.47424286,55.69034056,11.93393713,-0.07066747811282637,-0.020740294205897934,-0.4119695576225455,0.1564794235448109,-0.12064592647395883,2.3548724117501987,-0.5685119960459015,-0.9425476097730132,-0.02528158017956261,0.5007015870835583,0.02026089371800906,-0.1500366825330764,0.6706279437493059,-0.803091758073037,0.47206777948761774,0.4347584960877239,0.3909116777728218,-0.47206777948761774,-0.4347584960877239,-0.3909116777728218,0.46515868708426666,-0.3310953174340155,-0.32464248323191847
Caras-Severin,2015,2.797373645,2.594716176,1.294304234,1.56296712,0.965053524,-0.5979135962404871,15.280221161095753,-13.00425857731368,34900,673.836232695538,1.4840401146131805,-5400.0,-13.399503722084372,-4.900222539999998,5400.0,13.399503722084372,4.900222539999998,0.0375722865161629,0.340403428,10.38477698,865.4865677,46.22367223,51793,10.855010283980864,25.28913174,50.64584017,13.99996138,0.1942290101246554,-0.8429905005287216,-4.77930802777933,0.041390492957672144,-0.03558061966043619,0.5623435295040665,-0.5595123418996576,-0.8772224611438014,-0.30805054608954474,0.2399400827384269,0.2843792575509234,-0.4199032531690103,0.3626424090384782,-0.7324627345572562,-0.20699432339298002,-0.3340126253701983,-0.8805355950599333,0.20699432339298002,0.3340126253701983,0.8805355950599333,0.36563712870615833,-0.2610705231300126,-0.2125564105170009
Caras-Severin,2016,3.976187246,4.235124555,2.376142664,2.341069195,0.454317081,-1.886752113910655,12.76794035414725,-2.512280806948503,30000,547.006053533659,1.8281333333333334,-4900.0,-14.04011461318052,-3.4509260200000007,4900.0,14.04011461318052,3.4509260200000007,1.5527474395943903,2.03918281,9.706586498,1162.242463,46.55649344,54844,10.912248070476545,26.87623076,51.23623368,12.16723798,1.003994319636438,-1.0018402649788065,-0.6005306776542627,1.710542208708212,-0.39987536839981813,2.211375351901535,-0.5291341866145942,-0.8143637902663826,-0.16715048584858655,0.270458843353133,0.050085828629991794,-0.664782178375691,0.10557123782028606,-0.6434644671811168,-0.13154297862846917,-0.3779253759309061,-0.43437372027055904,0.13154297862846917,0.3779253759309061,0.43437372027055904,2.1903450031875793,-0.5080765863315165,-0.3049017648412184
Caras-Severin,2017,4.68488483,3.205578048,1.478539398,2.273074156,0.697730196,-1.5753439591827834,12.84864507600793,0.0807047218606804,30200,587.5715008366085,1.7019205298013245,200.0,0.6666666666666599,1.0538553800000017,-200.0,-0.6666666666666599,-1.0538553800000017,1.4819034467689025,2.128955993,9.806025542,776.7440804,46.62445659,51398,10.847354540180387,28.54974902,43.25071014,12.14833262,0.9332323649133369,-0.9967373616639696,0.43221161690101384,1.6324988406295797,-0.34646099218793774,0.06921369493594712,-0.5229308706529637,-0.8856300168747053,-0.018578266549790855,-0.14233072355853818,0.04766898732192285,-0.6547871202039898,0.1877930490490559,-0.6761088792878528,0.6380607379695415,0.6301986301841986,0.9524106176510603,-0.6380607379695415,-0.6301986301841986,-0.9524106176510603,2.2867729653309072,-0.4483951745071523,-0.26089066937326394
Caras-Severin,2018,4.232960712,5.867574559,2.179179811,3.079865242,0.822779884,-2.257085357853656,11.150587592238317,-1.6980574837696132,30500,553.1876303618392,1.8077049180327869,300.0,0.9933774834437026,0.872902019999998,-300.0,-0.9933774834437026,-0.872902019999998,1.3917168367043795,1.834345002,10.31237036,1037.417729,46.37607982,55135,10.917540002192778,33.42341525,37.15788519,11.49904779,1.7728541246498561,-1.1041043528750902,-0.2762392947222643,1.5331472015658738,-0.0744743407315145,1.5177414196077583,-0.5456013852162107,-0.8085521784899288,0.414097865656077,-0.45728246839794123,-0.03533490140839178,-0.6397945329464378,0.11810063110583256,-0.6487481910910249,0.6531510069224438,0.6525940824033555,0.8967046325521391,-0.6531510069224438,-0.6525940824033555,-0.8967046325521391,1.970322812425487,-0.5790509988780637,-0.23828065611738028
Caras-Severin,2019,4.350673454,5.049093734,1.70004363,2.870921346,0.829126597,-2.0417947488648864,10.880538418395965,-0.270049173842354,30300,619.8600711918497,1.6132673267326734,-200.0,-0.6557377049180357,-0.1367106699999993,200.0,0.6557377049180357,0.1367106699999993,0.1452907558028884,0.538320889,10.67171697,901.291744,46.28413948,48882,10.797164509538696,38.5786179,39.50329365,9.377685037,1.5554076943533715,-1.1211793739221612,0.29251227070415703,0.1600556304255625,0.11855119777832725,0.7613079850056573,-0.5539932119434844,-0.9407488258047402,0.8717683416540694,-0.3360430609145377,-0.30652768117293094,-0.6497895911181392,0.253238518361124,-0.6990386583163427,0.577699662157933,0.5395501349479966,0.5858981934519175,-0.577699662157933,-0.5395501349479966,-0.5858981934519175,0.5782259753867036,-0.5377905267231033,-0.237133118147823
Caras-Severin,2020,4.411655422,5.35677946,2.2,2.232066207,0.446413241,-1.7856529652141069,12.109704641350213,1.2291662229542482,29200,576.8129111273532,1.7336643835616439,-1100.0,-3.63036303630363,-0.8454432599999997,1100.0,3.63036303630363,0.8454432599999997,0.0091549481153458,0.399539849,10.12308378,1037.270787,46.84174627,50623,10.832161297455611,40.40455919,33.39193647,12.18813583,0.8905556833038858,-1.043460050331323,0.889624414878511,0.010085300912763637,-0.17615094771880727,1.5169248830607693,-0.5030978208275582,-0.9023152715371904,1.0338724287433887,-0.6519527781595433,0.052757387760832525,-0.704762411062496,0.1659865415167735,-0.6678984646943363,0.4418872415818134,0.33564479708340333,0.36771685049338365,-0.4418872415818134,-0.33564479708340333,-0.36771685049338365,0.42915726216828465,-0.4887009218319019,-0.3063308441938385
Caras-Severin,2021,4.633953907,4.374387684,2.184099313,3.559866611,0.827592922,-2.732273689847382,16.176470588235293,4.0667659468850825,14900,340.56364425955974,2.9363087248322146,-14300.0,-48.97260273972602,-11.669207320000002,14300.0,48.97260273972602,11.669207320000002,0.506177909459342,0.935614012,9.525744534,931.5078463,47.48279115,43751,10.686269748667398,33.02553085,42.46074375,8.653516491,2.2723881441862575,-0.7863212739056971,2.0197924074733526,0.5576171997888228,-0.4970158909896304,0.9292147225993462,-0.44458664328170777,-1.0625337113220186,0.3787743381241043,-0.18316585257286927,-0.39910462527645757,-1.4194090703391358,-0.3128653857964163,-0.3568395515285757,-1.5500282602012734,-2.7724860349622964,-2.96434860239783,1.5500282602012734,2.7724860349622964,2.96434860239783,1.004969964451327,-0.6701209021714857,-0.2374104192161809
Caras-Severin,2022,4.311050568,3.493775712,1.558785249,5.151036678,1.21010535,-3.9409313281391554,14.501633986928104,-1.674836601307188,15300,350.5154639175257,2.8529411764705883,400.0,2.684563758389258,-0.024071929999998,-400.0,-2.684563758389258,0.024071929999998,0.4440350179937002,0.923891133,10.23352335,699.0743035,47.62813678,43650,10.683958561267747,34.47651775,42.87972509,5.280641466,3.928307544979705,-0.8922200249028748,-0.2669908098505201,0.48915916462315484,-0.11682756222187608,-0.36238660610316675,-0.431320264861458,-1.0650718627248792,0.5075905865386744,-0.16150777029230878,-0.8302894155885269,-1.3994189539957334,-0.2926941146357864,-0.3784022181431,0.668241275875346,0.7685219288942303,0.620573714105423,-0.668241275875346,-0.7685219288942303,-0.620573714105423,0.9923780823920398,-0.9017602898059888,-0.16824902260701674
Cluj,2012,2.879641485,2.634730378,1.426754593,0.758626581,0.575579953,-0.1830466280777256,17.7133968500875,,74700,1229.7915774916862,0.8131459170013386,,,,,,,0.7432143326057068,0.595504191,8.573215181,769.6369899,33.58170976,60742,11.01439066528847,15.42919232,61.12080603,3.495110467,-0.6428424827334106,-0.6891424975534974,,0.8187419625506226,-1.0086736781863856,0.029720567470658384,-1.713403642942655,-0.7021905539667445,-1.1833998725923096,0.781414489407566,-1.0585498176766577,1.5691133229995395,1.4895042693323475,-0.9059867040276319,,,,,,,0.6396482074633637,-0.18156121676363338,-0.2829764390989701
Cluj,2013,3.576172313,3.447361719,2.331027326,0.793341612,0.56203485,-0.2313067614618587,16.94837375693328,-0.7650230931542197,71100,1114.1231960136013,0.8975668073136428,-3600.0,-4.81927710843374,-1.397956090000001,3600.0,4.81927710843374,1.397956090000001,0.6451855778860507,0.50984693,8.787399967,912.4049419,33.68197661,63817,11.06377489151959,13.96806494,61.53219362,4.530140872,-0.6067147962439149,-0.737514374538869,0.09537252754102735,0.7107512369894339,-0.8936228261461641,0.8230625020209787,-1.7042518165333822,-0.6479566813233273,-1.3131163762681253,0.8026800337714785,-0.9262326209709952,1.3892022759089169,1.2550568649686602,-0.8841515949368692,0.06463051775925908,0.2541468272342941,0.19762732314256667,-0.06463051775925908,-0.2541468272342941,-0.19762732314256667,0.5476412757161722,-0.19081027736615397,-0.2854255052524363
Cluj,2014,4.085726441,5.052374899,2.4873502,0.602176788,4.603804293,4.001627504831655,13.640106409931594,-3.308267347001685,69100,998.6703665163604,1.0013314037626628,-2000.0,-2.812939521800284,-0.9432148599999975,2000.0,2.812939521800284,0.9432148599999975,0.5744828310642238,0.37856099,9.605052847,818.4206587,33.88135811,69192,11.144640527986347,13.5882761,62.52890508,3.256156781,-0.8056586724366694,-0.9466938131412901,-0.9175586582103904,0.6328634687494571,-0.4544148773745803,0.30080472633184374,-1.6860533304213676,-0.5591498503963412,-1.3468334095221963,0.8542022777231004,-1.089097405188355,1.2892516941919043,1.0210463613532033,-0.8573133174105176,0.30607482100569383,0.39167774218900725,0.33761813725204093,-0.30607482100569383,-0.39167774218900725,-0.33761813725204093,0.4066232653347067,0.6204321044940388,0.44535969017688276
Cluj,2015,4.292635025,3.250658008,2.160982265,0.906367899,0.478758665,-0.4276092347226882,11.487868151991457,-2.152238257940139,59900,895.660755405365,1.1164941569282136,-9200.0,-13.314037626628073,-2.752482950000001,9200.0,13.314037626628073,2.752482950000001,0.5399079357915538,0.441823995,9.260444033,844.0434516,34.12519698,66878,11.110625343005221,13.70405814,60.78680583,3.288076797,-0.4890891411837833,-1.0827783381548428,-0.45713181789618673,0.5947749707635792,-0.6395239059461522,0.443187073371943,-1.6637970113081886,-0.5965054060260897,-1.3365544690117164,0.7641492722660971,-1.0850167839664886,0.8294790182936466,0.8122569269297487,-0.8275269544704922,-0.7804245436032626,-0.32815407475338276,-0.21935997722724682,0.7804245436032626,0.32815407475338276,0.21935997722724682,0.4745758815543316,-0.22843167093260908,-0.3004825252007741
Cluj,2016,3.910811051,4.671553841,2.306966839,1.242777897,0.662540534,-0.5802373623479449,10.159264931087291,-1.3286032209041636,51400,704.0517217762924,1.4203501945525292,-8500.0,-14.19031719532554,-2.7748347199999994,8500.0,14.19031719532554,2.7748347199999994,0.4230838393234936,0.308746561,8.634456668,1050.652271,34.47615304,73006,11.198296908533791,15.41928061,58.5773772,4.502369668,-0.13898964279428458,-1.1667849938218886,-0.12909190846588275,0.466078865455547,-0.9757773861987739,1.5912839549322644,-1.6317636030740377,-0.5002242878999682,-1.1842798180263954,0.6499389662377529,-0.9297828624370139,0.40468904599634326,0.42388596493542285,-0.7489358651693788,-0.6747926609329474,-0.38822149892067037,-0.22624090702349045,0.6747926609329474,0.38822149892067037,0.22624090702349045,0.3316335758561679,-0.25768287069243756,-0.26725325001632844
Cluj,2017,4.450349,5.093961154,2.598382749,1.294693824,0.982395473,-0.3122983504028855,10.76518691588785,0.6059219848005597,51900,775.0664556016845,1.2902119460500963,500.0,0.9727626459143934,-0.0963980500000012,-500.0,-0.9727626459143934,0.0963980500000012,0.5588398525405378,0.524238502,8.652639744,781.9669157,34.78687127,66962,11.111880573295556,16.04641438,56.35883038,3.878319047,-0.08496110586261513,-1.1284729690297213,0.6413967724840741,0.6156308046649034,-0.9660102200728284,0.09823627460242329,-1.6034028906036994,-0.5951269091881403,-1.1286039056487671,0.5352573205806084,-1.0095608364697166,0.4296766914255964,0.5678252144017583,-0.7825955771484794,0.6833315448282481,0.6511809715261347,0.5983083206195939,-0.6833315448282481,-0.6511809715261347,-0.5983083206195939,0.563099677809356,-0.20633232552228858,-0.20942084334331185
Cluj,2018,4.13223369,8.014931069,3.14144385,1.3874177,1.121565207,-0.2658524934056119,9.637020968908171,-1.1281659469796796,52400,711.8791435713509,1.4047328244274808,500.0,0.9633911368015502,0.0221561599999997,-500.0,-0.9633911368015502,-0.0221561599999997,0.5104008900695741,0.370187814,9.454943091,935.2921548,34.93957299,73608,11.206508994462197,14.74296272,56.95848277,5.08096946,0.011535974097327291,-1.1998061155644044,-0.04926113120649718,0.5622693321293182,-0.535047380036789,0.9502436060726154,-1.5894650872934586,-0.49120575594416477,-1.2443222162902654,0.566254693404789,-0.8558152745071507,0.4546643368548495,0.4397513094596644,-0.7529752324294223,0.6833315448282481,0.6505385710490753,0.6348049021457635,-0.6833315448282481,-0.6505385710490753,-0.6348049021457635,0.3976293957695893,-0.1974309712163549,-0.18425780950545215
Cluj,2019,4.148435434,6.09720131,3.049784398,1.450302146,1.106480517,-0.3438216295061471,8.714659610572637,-0.922361358335534,51900,696.0836909871244,1.4366088631984586,-500.0,-0.9541984732824416,-0.4381422999999991,500.0,0.9541984732824416,0.4381422999999991,-0.0416427332974493,-0.026027302,9.581030922,780.377653,34.86584522,74560,11.219359449359473,15.21593348,56.11722103,6.842811159,0.07697937094043036,-1.258126381397834,0.032707356756476215,-0.04587459053216864,-0.46731842197506485,0.08940495968010356,-1.5961945672021507,-0.4770933563482456,-1.2023326442872457,0.5227679930557773,-0.630583287577432,0.4296766914255964,0.4077356210597777,-0.7447306287374825,0.5324288552992265,0.5190911738914381,0.49310331034434124,-0.5324288552992265,-0.5190911738914381,-0.49310331034434124,-0.02795667491994164,-0.21237376590736834,-0.1869852456655559
Cluj,2020,3.111436193,5.554747982,2.494051911,0.92720693,0.655114603,-0.2720923272056746,8.782910792730195,0.0682511821575584,50100,653.7653491315751,1.5296007984031936,-1800.0,-3.4682080924855474,-0.4804419499999994,1800.0,3.4682080924855474,0.4804419499999994,0.2538397410550199,0.089814837,8.991720824,963.4063598,35.0851039,76633,11.246783072356434,15.16448527,55.11855206,7.239700912,-0.46740210945643496,-1.253810906718737,0.42725158259868434,0.2796356833379144,-0.7838704523830804,1.1064703885583953,-1.5761817974972447,-0.44697666949204684,-1.206900132387824,0.47114456103538566,-0.5798453196255023,0.3397211678802851,0.32196088056262223,-0.7206786548451795,0.3362553589114982,0.34676023345677637,0.48008148155603053,-0.3362553589114982,-0.34676023345677637,-0.48008148155603053,0.09647270388568793,-0.19862683614501275,-0.2685959194866216
Cluj,2021,4.608365019,5.803760422,2.71035285,1.638218156,1.066141975,-0.5720761814781669,9.11825321673258,0.3353424240023841,24700,350.7376851312781,2.8511336032388663,-25400.0,-50.69860279441119,-6.4479329960000005,25400.0,50.69860279441119,6.4479329960000005,0.4623298384601622,0.284367543,8.103779751,930.4652784,37.37290981,70423,11.16227519333528,16.80558908,59.43654772,7.32431166,0.27254222945082457,-1.2326074389711958,0.5336295083116444,0.5093131586408791,-1.2608341943836832,0.9234213157240689,-1.367363004980788,-0.5397834197031207,-1.0612056150472071,0.6943514114678718,-0.5690287707275699,-0.9296512199257743,-0.29224369606769507,-0.37886973937579704,-3.225048113973415,-2.890800304860936,-1.3569939244293296,3.225048113973415,2.890800304860936,1.3569939244293296,0.30544737028522917,-0.2561187793574243,-0.19427878620875996
Cluj,2022,4.356918239,4.170704049,2.133722766,2.22583262,1.276054645,-0.9497779754309198,8.740475123263112,-0.3777780934694679,25000,348.52434791094504,2.86924,300.0,1.2145748987854257,-0.1338645840000003,-300.0,-1.2145748987854257,0.1338645840000003,0.765210029609718,0.4916494,8.841350724,701.7090923,39.55466348,71731,11.180678290191572,16.84627288,57.77976049,8.830212879,0.8840684335347295,-1.2564940845229395,0.24960566347108062,0.8429729270822055,-0.8646428006411554,-0.3477454459937646,-1.1682240985961345,-0.5195730957329187,-1.057593773694781,0.6087083750769869,-0.3765159451611367,-0.9146586326682224,-0.29672989324325544,-0.37418659581906105,0.6531510069224438,0.6677567764186786,0.586774353056283,-0.6531510069224438,-0.6677567764186786,-0.586774353056283,0.5280947844890306,-0.32850537543546804,-0.15632484704117144
Constanta,2012,3.03889905,1.429579999,1.125631665,0.781319993,0.581302075,-0.2000179182718451,26.10595670297163,,65700,153.33271097834205,6.521765601217656,,,,,,,-0.2830370287822611,-0.867155827,12.87330914,630.7322332,31.29364446,428480,12.967999341484944,41.85399552,13.61953883,25.9554705,-0.6192256098545426,-0.15848678738104333,,-0.3118000854574829,1.3011517910976844,-0.7421541204748516,-1.9222461112029123,1.4432670592407286,1.162551020084484,-1.6740322220103785,1.812758949882166,1.119335705272983,-0.6923624079164059,0.5705238267357561,,,,,,,-0.93143705576344,-0.18481376665318638,-0.2819418323251269
Constanta,2013,2.921029574,3.27277748,1.494653636,0.936073298,0.380279777,-0.5557935206176412,24.21468195895586,-1.891274744015768,62700,154.52750811454257,6.4713397129186605,-3000.0,-4.5662100456621,-1.024151540000002,3000.0,4.5662100456621,1.024151540000002,-0.321668049236429,-0.84910507,12.98702671,547.9684819,31.50735966,405753,12.913499879064846,43.31748625,14.72620042,24.66229455,-0.45817494317781343,-0.27807077129174695,-0.35319446260780873,-0.35435690401490777,1.3622359771632788,-1.2020609388270793,-1.9027393209584493,1.3834156222617726,1.292477338115406,-1.616826409997472,1.647440698626366,0.9694098326974642,-0.6899406822577266,0.5574813822894351,0.15517213147667214,0.2714941295625558,0.31270200698490297,-0.15517213147667214,-0.2714941295625558,-0.31270200698490297,-0.9120482176439939,-0.25299820536583223,-0.31828831903134075
Constanta,2014,3.278592211,3.57487253,1.833763517,0.802627393,0.444499685,-0.3581277083407943,18.307567127746136,-5.907114831209725,61400,142.96225237727134,6.994853420195439,-1300.0,-2.0733652312599715,-0.1907934699999991,1300.0,2.0733652312599715,0.1907934699999991,-0.3652118678938155,-0.866503853,12.63768806,831.4127086,31.68170759,429484,12.970339767093225,41.53332837,14.6128843,20.92836986,-0.5970511498315548,-0.6515735250133784,-1.9526356704885135,-0.4023257738017756,1.1745862841870438,0.372999766304402,-1.886825766377089,1.445837320112629,1.1340827139593275,-1.622683973607999,1.1700996994594293,0.9044419545814061,-0.7133822153176425,0.6928860062706629,0.4117067036760091,0.4423742598302204,0.5692489549359383,-0.4117067036760091,-0.4423742598302204,-0.5692489549359383,-0.9307367517072673,-0.2151155277063441,-0.30667683087495584
Constanta,2015,3.785319381,2.894299704,1.597273033,0.951137953,0.405193299,-0.5459446548606135,19.162087912087912,0.8545207843417764,53600,124.48701363550852,8.032966417910448,-7800.0,-12.703583061889246,-2.52235485,7800.0,12.703583061889246,2.52235485,-0.5792681599651477,-0.875861175,12.79519019,617.0104709,31.86747474,430567,12.972858223725268,41.12646812,13.89772091,22.09272889,-0.44249726358961394,-0.5975427713910285,0.7404094710932289,-0.6381350968705891,1.259189652115565,-0.8184040722043664,-1.8698699259438316,1.4486030950708302,1.097962325116386,-1.6596523682975204,1.3189501313542529,0.5146346858850571,-0.7508295428643359,0.9613895777183341,-0.5691607782626321,-0.28630848735765085,-0.14851568613785873,0.5691607782626321,0.28630848735765085,0.14851568613785873,-0.9407877208433281,-0.2511106690109744,-0.31378374911453494
Constanta,2016,4.007839524,3.191121731,1.501730554,1.587466145,0.412525216,-1.1749409289808683,15.753854740807924,-3.4082331712799885,46400,107.2626524851878,9.32290948275862,-7200.0,-13.432835820895528,-2.321447729999999,7200.0,13.432835820895528,2.321447729999999,-0.6269705271300551,-0.874919556,12.61768303,597.8181359,32.11529579,432583,12.97752949445663,42.90459866,14.2217794,17.7663015,0.21972497164340857,-0.8130429793898273,-0.9573733558225659,-0.6906851191151504,1.1638404427593048,-0.9250532463652298,-1.847250134555514,1.4537330955033978,1.2558218518661959,-1.6429010603749903,0.765864211143633,0.1548125917038119,-0.7857414756839416,1.2950279394749542,-0.47861916454521913,-0.33629748215471944,-0.08666699190533936,0.47861916454521913,0.33629748215471944,0.08666699190533936,-0.9397763007482487,-0.37165788366104,-0.3124580781495579
Constanta,2017,5.412765885,5.786096994,3.180230699,1.641568902,0.512169497,-1.129399404657678,15.745550245861905,-0.0083044949460209,46600,109.40353941579448,9.140472103004292,200.0,0.4310344827586299,0.1786972699999971,-200.0,-0.4310344827586299,-0.1786972699999971,-0.6334302445924977,-0.867795522,12.13515963,564.4900601,32.33604458,425946,12.962067856653327,41.31251379,13.62731426,19.0911524,0.2760293270424681,-0.8135680668173169,0.3967607507931199,-0.6978012920960727,0.9046496321694973,-1.1102527940200961,-1.8271013555110236,1.4367530887385127,1.1144791560010583,-1.6736302926483055,0.9352317546420036,0.16480764987551313,-0.7814021274757021,1.247841276618971,0.6380607379695415,0.6140464581561473,0.6829956444510086,-0.6380607379695415,-0.6140464581561473,-0.6829956444510086,-0.932124170591966,-0.3629298448252659,-0.2944415716686861
Constanta,2018,5.677037962,8.124402424,3.714740297,1.915466729,0.605234279,-1.3102324498686442,16.266822703335286,0.5212724574733834,47400,111.55854823259722,8.963902953586498,800.0,1.716738197424883,0.2755305500000027,-800.0,-1.716738197424883,-0.2755305500000027,-0.6375821424877928,-0.867182628,12.47508194,615.5507978,32.48714872,424889,12.959583237323452,42.20137495,13.24322352,18.78655366,0.5610728525404044,-0.7806083726402395,0.6076822969833043,-0.7023751180867335,1.087241272422509,-0.8265152754873342,-1.8133093708321144,1.4340244739846195,1.1933907988233496,-1.6934848018016757,0.8962921725754488,0.20478788256231817,-0.7770341557186495,1.2021724069193254,0.7286023516869546,0.7021791878706048,0.7128054985082081,-0.7286023516869546,-0.7021791878706048,-0.7128054985082081,-0.9314658434896522,-0.3975865205700633,-0.2776146927829434
Constanta,2019,4.748220214,5.628435093,2.66015571,1.768776719,0.726341771,-1.042434948696508,14.75432242192305,-1.5125002814122368,47200,110.56375804339628,9.044555084745763,-200.0,-0.421940928270037,-0.2321262800000028,200.0,0.421940928270037,0.2321262800000028,-0.6054444167491526,-0.870787193,13.54300138,402.2710505,32.55740028,426903,12.964312100128248,42.54432506,14.87433914,20.33904657,0.40841359976828406,-0.8762427112732879,-0.20233499837942234,-0.666971461982691,1.6608816498595682,-2.0116815887463875,-1.8068971809398355,1.4392177221668077,1.2238373497629644,-1.6091687883317984,1.0947612308410526,0.1947928243906169,-0.7790504887455694,1.2230327422670135,0.577699662157933,0.5555764930345316,0.5565247651338993,-0.577699662157933,-0.5555764930345316,-0.5565247651338993,-0.9353376106003624,-0.3462630959572542,-0.25571746102410187
Constanta,2020,0.983082544,1.457585163,1.114652929,1.421215616,0.415467185,-1.0057484312140723,14.555036785512163,-0.1992856364108846,45500,109.40261364046214,9.14054945054945,-1700.0,-3.601694915254239,-0.569826299999999,1700.0,3.601694915254239,0.569826299999999,-0.5833322613873031,-0.862701193,13.58406173,462.2598898,32.78755518,415895,12.938188103538035,41.65787038,12.62746607,17.92231212,0.0467092255124365,-0.8888434031683176,0.3206961912104106,-0.6426122042518667,1.6829375033157972,-1.678331833741915,-1.7858898620498582,1.4105282880673442,1.1451393503067746,-1.7253146811871585,0.7858084444675926,0.10983482993115624,-0.7814040039230157,1.2478612822370139,0.3513456278644004,0.33760994639039055,0.45256475973789667,-0.3513456278644004,-0.33760994639039055,-0.45256475973789667,-0.926652205050122,-0.33923212029065897,-0.3119261459300357
Constanta,2021,5.086016537,5.238916403,3.411264097,2.431732948,0.84947293,-1.5822600180629682,16.68492400383404,2.129887218321876,23300,56.87282455343848,17.583090128755366,-22200.0,-48.7912087912088,-7.111896658999999,22200.0,48.7912087912088,7.111896658999999,-0.5449319115795888,-0.863418572,12.35763943,753.3705976,33.50144049,409686,12.923146291606223,40.14782053,12.27208155,17.63911874,1.098347444205017,-0.7541721188119218,1.2483663581616546,-0.6003094977715302,1.0241562088492155,-0.06066954427820552,-1.7207301962854504,1.39400933505554,1.0110795896046036,-1.743685301643424,0.7496053010756828,-0.9996166271276831,-0.8878762528284609,3.4314890079085973,-2.742159507480545,-2.760051798633862,-1.5613932785905473,2.742159507480545,2.760051798633862,1.5613932785905473,-0.9274227625010527,-0.4497206380570409,-0.23345433360868348
Constanta,2022,4.988978904,3.788143648,2.381352611,3.009979202,0.908717968,-2.101261233757561,16.407750043637634,-0.2771739601964071,23900,57.71427329519523,17.32673640167364,600.0,2.5751072961373467,-0.0174373140000003,-600.0,-2.5751072961373467,0.0174373140000003,-0.5870063463977929,-0.865980467,13.1747225,315.453109,34.12672185,414109,12.933884503178186,39.28627487,14.22862097,17.87089872,1.7001242186010221,-0.7716976351344287,0.28967458876349456,-0.64665966060476,1.4630580802040727,-2.4941169861756824,-1.6636578292601165,1.4058020640959104,0.9345929722829348,-1.6425474043243695,0.7792358095689037,-0.9696314526125793,-0.8861707264703582,3.3651841919330034,0.6984218137811503,0.7610188808022734,0.6226161620601497,-0.6984218137811503,-0.7610188808022734,-0.6226161620601497,-0.9301745677263968,-0.5491872859946402,-0.22274234291163092
Covasna,2012,2.575264772,2.841671149,,0.397061743,0.226892425,-0.1701693184718795,18.14233678901653,,24400,800.4461503132893,1.2493032786885245,,,,,,,0.1685328793696604,1.083652063,7.596679688,693.2394229,52.15238113,30483,10.324924430153992,56.68405341,18.29544336,0.0,-1.0191204446597393,-0.6620209241713914,,0.18565968705911307,-1.5332265309607536,-0.3948102375850707,-0.018371230117334488,-1.459363984471102,2.4791393512132482,-1.4323242618258392,-1.5053610581349113,-0.9446438071833262,0.619267133728743,-0.7931764323289116,,,,,,,1.1639818998708389,-0.17909327876615883,-0.3460220152721893
Covasna,2013,3.009142686,5.020478285,,0.619168606,0.13522073,-0.4839478759670061,18.52470424495477,0.3823674559382404,23200,679.097268975207,1.4725431034482759,-1200.0,-4.918032786885251,-1.0253372300000017,1200.0,4.918032786885251,1.0253372300000017,-0.1798765905690157,0.655485401,7.597218175,703.7135766,52.33664997,34163,10.438898466060431,58.58970231,21.29789538,0.0,-0.7879754079858736,-0.637844096429375,0.5523587834438795,-0.19815617960844997,-1.5329372789119988,-0.33660680157069556,-0.0015521474761814166,-1.3341974319148722,2.6483197498049607,-1.2771208036179038,-1.5053610581349113,-1.0046141562135338,0.37330596535585686,-0.7354363882592573,0.42679697262891125,0.24737729906271666,0.3123369956390406,-0.42679697262891125,-0.24737729906271666,-0.3123369956390406,0.704075753127986,-0.2392289785775084,-0.362597012557583
Covasna,2014,3.288815956,5.49722972,2.45,0.408435263,0.171972742,-0.2364625206904705,21.76006419687041,3.235359951915637,23100,674.2950551695955,1.483030303030303,-100.0,-0.4310344827586188,-0.05329008,100.0,0.4310344827586188,0.05329008,-0.2565324622224963,0.60397699,7.84055353,902.0988905,52.51711465,34258,10.441675393057931,57.81131415,20.54702551,0.116761049,-1.007284103080727,-0.4332745416042992,1.6886574568876165,-0.2826020467630273,-1.402227995367183,0.7657931874394329,0.01491971161149299,-1.3311478041973568,2.5792157195883405,-1.3159349460960716,-1.4904344486232879,-1.0096116852993844,0.36357239298683036,-0.732723918086495,0.5927899311108351,0.5549531458583946,0.6115789884561279,-0.5927899311108351,-0.5549531458583946,-0.6115789884561279,0.6487490849628285,-0.1917983792675282,-0.3559519461700491
Covasna,2015,3.199508272,3.971945047,1.428571429,0.47814653,0.202850043,-0.275296487071932,18.094988878712545,-3.665075318157861,20200,594.6948508846822,1.6815346534653466,-2900.0,-12.554112554112551,-3.55247915,2900.0,12.554112554112551,3.55247915,-0.3134497882535622,0.622863824,7.999987202,722.151824,52.60142691,33967,10.433144744037243,57.47637413,20.35799452,0.020608237,-0.9347360820531341,-0.6650146995400481,-1.0596692402993964,-0.34530347914045056,-1.3165870861781377,-0.2341479888111385,0.022615287643785415,-1.3405161828854926,2.549480291363385,-1.3257063806305927,-1.5027265228249214,-1.1545400287890526,0.20223131565055788,-0.6813816006730475,0.1702624004295743,-0.27606254677904274,-0.46563656693186806,-0.1702624004295743,0.27606254677904274,0.46563656693186806,0.6690359774745857,-0.1992409137843614,-0.3503690759039841
Covasna,2016,3.399006139,4.128666667,1.833333333,0.682488662,0.278866335,-0.4036223269194076,17.08562978895013,-1.009359089762416,17500,472.8196260672215,2.1149714285714287,-2700.0,-13.366336633663368,-2.88520312,2700.0,13.366336633663368,2.88520312,-0.3489117735489796,0.540104447,7.499413767,938.0629307,52.73717216,37012,10.51899746336892,55.4576894,20.26369826,0.016210959,-0.7220786749060353,-0.7288357712971746,-0.001942368734341823,-0.3843692158505024,-1.5854735989925925,0.9656404278517173,0.03500539428305202,-1.2462325259029063,2.3702647563021237,-1.330580765150507,-1.5032886662124822,-1.2894733141070194,-0.044796694507154296,-0.5692749972792872,0.20044293833537866,-0.3317390797578776,-0.26021750986629855,-0.20044293833537866,0.3317390797578776,0.26021750986629855,0.5801417464171731,-0.22383457705030005,-0.33662470438837405
Covasna,2017,4.535774741,5.603479197,2.517948718,0.543130515,0.297605762,-0.245524753359225,17.851021753460778,0.7653919645106484,17700,395.3540317176681,2.5293785310734465,200.0,1.1428571428571344,0.0869394899999989,-200.0,-1.1428571428571344,-0.0869394899999989,-0.5221666317455307,0.229980001,7.217642507,802.2388694,52.85278671,44770,10.709293551235012,54.10096046,24.90953764,0.871119053,-0.8671077098670891,-0.6804405708330266,0.7049109691229247,-0.5752307431355654,-1.7368289970526896,0.21088474185418124,0.045558077368101295,-1.037248917542414,2.249816575711192,-1.0904269397932547,-1.393998116009698,-1.2794782559353182,-0.20181114643137443,-0.46209033886542566,0.6380607379695415,0.6628406503105759,0.6547482688543914,-0.6380607379695415,-0.6628406503105759,-0.6547482688543914,0.24702814456784933,-0.19353515729257628,-0.3332364616853802
Covasna,2018,4.112760503,6.838544474,2.321243523,0.693617214,0.294033384,-0.3995838296717381,15.730954015099522,-2.1200677383612554,18100,405.3751399776036,2.4668508287292816,400.0,2.259887005649719,0.5121270800000026,-400.0,-2.259887005649719,-0.5121270800000026,-0.488155455666163,0.245927679,7.837973318,788.9605995,52.89226462,44650,10.706609586304646,54.16349384,24.92721165,0.86450168,-0.7104972697867931,-0.8144909763153517,-0.4443188438792474,-0.5377632511480965,-1.403613974243593,0.1370992165848454,0.04916141166374257,-1.0401964541005781,2.2553681871091187,-1.0895133306983784,-1.3948440740034784,-1.2594881395919157,-0.1814994347054303,-0.4782628667412728,0.668241275875346,0.7394110839629602,0.7856410776576429,-0.668241275875346,-0.7394110839629602,-0.7856410776576429,0.26415800494561914,-0.22306059854739171,-0.33388237704292206
Covasna,2019,4.035845896,6.244729524,2.338942308,0.784606478,0.342789238,-0.4418172400134069,15.024766097963674,-0.706187917135848,17900,404.9865381569719,2.469217877094972,-200.0,-1.104972375690605,-0.4004297399999998,200.0,1.104972375690605,0.4004297399999998,-0.3176359833156903,0.320254348,8.332831598,725.8486089,52.79035214,44199,10.696457443375463,54.02837168,25.2200276,0.941197765,-0.6158053882297244,-0.8591427461271748,0.11880558337828116,-0.3499150876770756,-1.1377973968086375,-0.21360546198283165,0.039859380873920616,-1.051345561187977,2.2433722623155363,-1.0743770195248057,-1.3850393272864008,-1.269483197763617,-0.18228708892012485,-0.47765063961245713,0.577699662157933,0.5087558879018647,0.504713016322733,-0.577699662157933,-0.5087558879018647,-0.504713016322733,0.34399442140165204,-0.23115463692461763,-0.3250669171815434
Covasna,2020,3.314161949,4.284587674,2.068136273,0.415426158,0.215406156,-0.2000200020002,16.296704811802012,1.2719387138383382,17200,398.8683270720282,2.507093023255814,-700.0,-3.910614525139666,-0.3314640400000002,700.0,3.910614525139666,0.3314640400000002,-0.1450619619005684,0.445397063,8.299509356,790.8621427,52.80794847,43122,10.671788586696497,54.06984834,23.81846853,1.157181949,-1.000008728248396,-0.7787189477486898,0.9066599748107587,-0.1598035858128754,-1.1556966715684727,0.14766583142932455,0.04146548057287644,-1.0784369572366752,2.247054492484511,-1.1468267416511555,-1.357428136715009,-1.3044659013645714,-0.19468804663981043,-0.46785439196343154,0.5022483173934221,0.3164340501314337,0.5259439139227366,-0.5022483173934221,-0.3164340501314337,-0.5259439139227366,0.47841381682994205,-0.18481416599998635,-0.34809882728591174
Covasna,2021,3.930932512,4.457561156,2.085173502,0.837975823,0.232771062,-0.6052047609441193,24.86447415973979,8.567769347937777,9100,212.17066915364887,4.713186813186813,-8100.0,-47.09302325581395,-9.046050720000002,8100.0,47.09302325581395,9.046050720000002,0.6200349541677477,1.058925002,7.158283849,855.3660908,53.45087809,42890,10.666393977510927,57.55653999,25.16204243,1.478200047,-0.5602642894961605,-0.23698486331898228,3.8124659602405395,0.683044732796625,-1.7687139143075692,0.5061054269751615,0.10014868719221111,-1.0843613296498826,2.5565972855527375,-1.0773744026133039,-1.3163895212173864,-1.7092657573184722,-0.5731041767906127,0.10274251111822832,-0.6144315851213387,-2.64364416514203,-2.1568171894871555,0.6144315851213387,2.64364416514203,2.1568171894871555,1.1374218512868008,-0.262467875757907,-0.3449591092975936
Covasna,2022,3.761154632,4.288994307,1.747048904,1.020821645,0.350663924,-0.6701577208403466,24.33855952964233,-0.5259146300974535,9200,224.43403590944573,4.455652173913044,100.0,1.098901098901095,-0.2822099799999993,-100.0,-1.098901098901095,0.2822099799999993,0.7736233192795333,1.343201454,7.956347066,561.743894,54.02261486,40992,10.62113220469646,57.29898517,25.71233411,1.446623731,-0.36997793966890113,-0.2702380788356455,0.19060538558872925,0.8522412000333218,-1.340028689681904,-1.125512862514814,0.15233378795919783,-1.1340679143181718,2.5337319890614394,-1.0489285952564709,-1.3204262041932957,-1.7042682282326216,-0.5482476475652839,0.03613225715868951,0.6229704690166394,0.659827540760449,0.5411066383530614,-0.6229704690166394,-0.659827540760449,-0.5411066383530614,1.442771378123735,-0.27491611865047244,-0.3236431091121788
Dambovita,2012,2.010143251,2.184758474,1.035176759,0.465816457,0.159059278,-0.3067571789700912,24.60495035659348,,72500,647.9636067888711,1.543296551724138,,,,,,,0.6900678374439477,-0.079971215,10.41187054,788.3639469,71.16635184,111889,11.625262587412646,30.13432956,57.55972437,5.106846964,-0.9475679015533557,-0.25339437251276337,,0.76019456398409,-0.021027124890723864,0.13378369989284677,1.7171231958960465,-0.031329581662079845,0.12209820714789324,0.5973342160472428,-0.8525071216543662,1.4591676831108258,0.3102013710436654,-0.7171363057093588,,,,,,,-0.08589938594787705,-0.2052703593237509,-0.3582868067913677
Dambovita,2013,3.045135641,4.269711106,2.068446657,0.62205558,0.168354492,-0.4537010880265715,23.375419074113704,-1.2295312824797762,68500,605.0916029185732,1.6526423357664233,-4000.0,-5.517241379310345,-1.4202043800000013,4000.0,5.517241379310345,1.4202043800000013,0.6402078341412326,-0.078461627,10.42698249,777.4772123,71.28850152,113206,11.636964446880151,30.21747964,53.96798756,7.807890041,-0.784970954624581,-0.33113677856296686,-0.08963323047571711,0.7052676402611284,-0.01290963552110458,0.0732876083855604,1.7282723709953756,-0.018478572251063648,0.12948013551745421,0.41166930944042956,-0.5072086198872835,1.2592665196768007,0.2233044170202737,-0.688854477427926,0.0042694419476504,0.20630260330165648,0.1907782493745169,-0.0042694419476504,-0.20630260330165648,-0.1907782493745169,-0.08427789398723196,-0.23343217788352927,-0.3566061555629034
Dambovita,2014,3.003492054,4.316554922,1.708168727,0.517832125,0.149595947,-0.3682361774783302,22.90318137997521,-0.4722376941384958,65900,579.3610324758672,1.7260394537177541,-2600.0,-3.795620437956204,-0.4217482199999978,2600.0,3.795620437956204,0.4217482199999978,0.6548140366595603,-0.06969774,10.30304486,1028.512561,71.41311747,113746,11.641723171359734,29.70741828,52.71218329,6.89870413,-0.8934355648705599,-0.36099603882992193,0.21198400162458836,0.7213581681083784,-0.07948359811500107,1.468256622006854,1.7396466541430629,-0.013252529907847248,0.08419772059252703,0.3467539788246579,-0.6234379890407471,1.1293307634446843,0.1711513102161262,-0.6698706208080049,0.21553320728828082,0.32431669267877333,0.4981501819591628,-0.21553320728828082,-0.32431669267877333,-0.4981501819591628,-0.07486435048098908,-0.21705281708156401,-0.3599978549577159
Dambovita,2015,2.773077393,2.982521504,1.371541502,0.666858862,0.195107178,-0.4717516838914272,20.690651639936423,-2.2125297400387822,57100,489.813424833798,2.0415936952714535,-8800.0,-13.3535660091047,-4.047024270000001,8800.0,13.3535660091047,4.047024270000001,0.5504662697662824,-0.11349036,10.78793998,769.3952469,71.51887635,116575,11.666290121676521,28.06433626,52.95560798,7.595968261,-0.7383444968865347,-0.500892752235484,-0.48114489582234327,0.6064062737410479,0.18098119841889196,0.028377234764701855,1.7492997639295884,0.013726952335780916,-0.061672419002691777,0.3593371453330757,-0.5343004770105282,0.6895482038898291,-0.010352086912661873,-0.5882538401404637,-0.720063467791654,-0.33086367589174964,-0.6178808971032654,0.720063467791654,0.33086367589174964,0.6178808971032654,-0.12190326524818784,-0.23689157683994716,-0.3517690496511278
Dambovita,2016,3.071344849,2.889358258,1.670826342,0.958331736,0.318461008,-0.6398707284205809,17.587610876835832,-3.1030407631005943,48900,418.4422652359193,2.3898159509202452,-8200.0,-14.360770577933446,-3.8102800799999983,8200.0,14.360770577933446,3.8102800799999983,0.5083026919540139,-0.110291541,10.30896704,874.4625489,71.62942331,116862,11.668749030457954,27.74212319,52.87005186,8.160052027,-0.4350107446549927,-0.6970958569737055,-0.835820379763812,0.559957908940087,-0.07630245781246046,0.612221826348272,1.759389904270019,0.016427331705296845,-0.09027796938191392,0.3549145581921647,-0.4621886025537648,0.2797508188500776,-0.15501377319483226,-0.4981876146861392,-0.6295218540742409,-0.3999057786866328,-0.5449998612363653,0.6295218540742409,0.3999057786866328,0.5449998612363653,-0.11846732160524764,-0.2691116127629981,-0.3294656614854251
Dambovita,2017,3.904815928,4.816962772,2.577738811,1.046253367,0.304908124,-0.7413452426859417,16.96804894629504,-0.6195619305407938,49300,406.02197295383047,2.462920892494929,400.0,0.8179959100204526,0.0710343899999976,-400.0,-0.8179959100204526,-0.0710343899999976,0.5348484308762647,-0.105714748,10.01233972,913.3207659,71.74917108,121422,11.707027360299714,29.03757145,48.58098203,9.863122004,-0.3435113269989021,-0.7362703260284549,0.1533072491879535,0.5892013040537957,-0.23563789214348452,0.8281516104216341,1.770319845760526,0.05846468298270794,0.024729812472204134,0.13320294858871792,-0.24446993065618244,0.2997409351934801,-0.18018837363242693,-0.4792793282602094,0.668241275875346,0.6405719838194529,0.649851928363135,-0.668241275875346,-0.6405719838194529,-0.649851928363135,-0.1135512563907409,-0.2885592161208504,-0.3319161345077605
Dambovita,2018,3.317602402,5.715075792,2.163283649,1.270459245,2.004232843,0.7337735974918285,18.69002080397289,1.7219718576778504,49700,400.4963898916967,2.496901408450704,400.0,0.8113590263691739,-0.1963008999999971,-400.0,-0.8113590263691739,0.1963008999999971,0.6044246595868862,-0.099996901,10.43604223,835.3830029,71.8058677,124096,11.728810738602323,28.4473311,47.79122615,10.75860624,-0.11018186030517689,-0.6273912456226121,1.0859005669509645,0.6658480740934507,-0.008043132975667793,0.3950621473680184,1.7754948126038295,0.08238723993597799,-0.02767076230204311,0.09237870130697409,-0.12999216920179113,0.3197310515368826,-0.19138813790645767,-0.4704904103737724,0.668241275875346,0.6401170371110378,0.56755350803452,-0.668241275875346,-0.6401170371110378,-0.56755350803452,-0.10740955220211544,-0.005852505798956317,-0.02466423298649701
Dambovita,2019,4.204671713,4.525005819,2.287765861,1.268131517,1.866886108,0.5987545904518601,18.53813559322034,-0.1518852107525496,49200,394.1549701980389,2.5370731707317074,-500.0,-1.0060362173038184,-0.5303558700000011,500.0,1.0060362173038184,0.5303558700000011,0.7068849017866646,-0.09184814,11.09026127,774.6874662,71.6824555,124824,11.734660024121018,24.65952061,51.6286932,13.22101519,-0.11260431032162141,-0.6369948416397306,0.33957497931524316,0.778720627947392,0.34337518845886905,0.057785371806035796,1.7642304013733343,0.088810938960667,-0.36394639444397026,0.29074595345676985,0.1847995971395402,0.29474340610762945,-0.20424151553792846,-0.4601001526007382,0.5324288552992265,0.5155377876557694,0.4647156210727061,-0.5324288552992265,-0.5155377876557694,-0.4647156210727061,-0.0986567332536882,-0.03172891539494389,-0.04949765359449033
Dambovita,2020,2.997291645,3.537706685,2.140076856,1.034485972,0.667911364,-0.3665746088058677,16.184850590687976,-2.353285002532364,47500,392.9939520299172,2.5445684210526314,-1700.0,-3.455284552845528,-1.1054574399999986,1700.0,3.455284552845528,1.1054574399999986,0.7128622268661419,-0.05692019,11.25608848,766.305005,71.68340653,120867,11.702446046490875,24.13313808,52.18876947,13.34855668,-0.35575757149622267,-0.7857914121911873,-0.5372053370177516,0.7853053864102923,0.43245043118854115,0.011205184225135485,1.7643172063489565,0.05343347345265956,-0.41067777619908497,0.3196975481484315,0.2011043668728152,0.2097854116481688,-0.20659477485094813,-0.4581615375516134,0.3513456278644004,0.34764611938294676,0.28767221337480314,-0.3513456278644004,-0.34764611938294676,-0.28767221337480314,-0.06113961591649807,-0.21673437723755173,-0.2662821597286414
Dambovita,2021,3.587369276,3.678738526,2.118867449,1.448578622,0.648381261,-0.8001973609301266,13.940520446096654,-2.2443301445913217,23000,194.2091886277854,5.149086956521739,-24500.0,-51.578947368421055,-10.96739317,24500.0,51.578947368421055,10.96739317,0.6059656778475211,-0.115745459,10.01565861,862.2385935,72.28221443,118429,11.682068903873423,24.94912564,52.15698858,13.39030136,0.07518571174049703,-0.9276988430128186,-0.49381045928210465,0.66754569516948,-0.23385512722605625,0.5442949821998538,1.8189732163193628,0.031055247814788786,-0.338235732627114,0.31805472288425757,0.20644096279143945,-1.014609214385235,-0.6095101715318415,0.2154862543692981,-3.089235693397295,-2.9511463779971883,-2.748297081817546,3.089235693397295,2.9511463779971883,2.748297081817546,-0.12432553205142079,-0.29983823194732,-0.26981336316290166
Dambovita,2022,3.958710026,3.347516223,2.256194739,2.086818052,0.478362907,-1.6084551446485955,13.076374018558171,-0.8641464275384809,23400,192.43262802115112,5.1966239316239315,400.0,1.7391304347825989,-0.2454700800000004,-400.0,-1.7391304347825989,0.2454700800000004,0.6922998785783275,-0.076833258,10.91671266,527.0309149,72.81725028,121601,11.7085004721646,24.378089,50.30961916,15.0673103,0.7393969588015892,-0.9823382193457542,0.05589337940903438,0.7626534317140068,0.25015234185156626,-1.3184081279256312,1.8678084517130924,0.06008245787495471,-0.388931433375385,0.22256006696246616,0.42082801917084556,-0.9946190980418325,-0.6131110693536814,0.2277814935377242,0.668241275875346,0.7037141363818658,0.5524169136744799,-0.668241275875346,-0.7037141363818658,-0.5524169136744799,-0.08252881593251522,-0.45474093734533133,-0.3005540815058656
Dolj,2012,2.326275,1.405710152,1.206205367,0.51958685,0.200187141,-0.3193997084915336,49.9848049974675,,112300,313.9642813209425,3.1850756901157613,,,,,,,1.4927475481781245,-0.428163502,12.9725801,589.1845246,48.14544137,357684,12.787405194025828,45.66964136,31.68774673,16.01217835,-0.8916094350112697,1.3513561475443974,,1.6444449515700892,1.354475879816342,-0.9730290406169921,-0.3841034448616264,1.2449381445057557,1.5012978291614387,-0.740046156281363,0.5416189553875893,3.4481842592793757,-0.36677944181584804,-0.29249701966176234,,,,,,,-0.4599027525148695,-0.20769330168866817,-0.3508505505120544
Dolj,2013,2.831294769,4.651515759,1.776392084,0.514251798,0.18349954,-0.3307522574974287,45.11636430273043,-4.868440694737068,105900,281.58977236165805,3.551265344664778,-6400.0,-5.699020480854856,-1.8741829399999967,6400.0,5.699020480854856,1.8741829399999967,1.4154058453748934,-0.448037147,12.8129502,661.9316707,48.210406,376079,12.837554506685755,46.58728618,26.52421433,19.76473028,-0.8971615857802309,1.0435280355518022,-1.5389493235814344,1.5592435570839056,1.2687295653881299,-0.5687831239984728,-0.3781738179061308,1.3000122368530722,1.5827648383325508,-1.0069606913714924,1.0213412412947585,3.128342397784935,-0.43239909946179894,-0.19778360186425922,-0.35789701292200177,0.1938419654101979,0.051022221088615274,0.35789701292200177,-0.1938419654101979,-0.051022221088615274,-0.48124960715084625,-0.20986901912634795,-0.35386780617940883
Dolj,2014,3.128041807,4.653018456,2.213435678,0.530274806,0.258280401,-0.2719944046865322,46.47790765433791,1.3615433516074802,102000,274.98968788670425,3.6365,-3900.0,-3.682719546742208,-0.6697024000000056,3900.0,3.682719546742208,0.6697024000000056,1.144886309968098,-0.551646483,12.21788991,998.7731859,48.11080522,370923,12.823749772878866,47.61689084,25.34353491,18.12343802,-0.8804865550235916,1.1296174727250812,0.9423479870207596,1.2612330295544993,0.9490887792316329,1.3029989921001675,-0.38726484897759805,1.2848518459287464,1.6741714593374406,-1.0679926505163182,0.8115201676636884,2.9334387634367607,-0.44577676286436985,-0.17573801586447657,0.019359710900552572,0.3320558503216891,0.4218181820654035,-0.019359710900552572,-0.3320558503216891,-0.4218181820654035,-0.5925393798383459,-0.19860806928196473,-0.3403468107612004
Dolj,2015,3.319065331,3.470618207,1.659458259,0.628853752,0.282059404,-0.3467943486392945,44.89241307423126,-1.585494580106655,88200,236.4909251299761,4.228492063492063,-13800.0,-13.52941176470588,-4.1922799600000005,13800.0,13.52941176470588,4.1922799600000005,1.0369453405321798,-0.568495786,13.16154942,658.0883158,48.10437176,372953,12.829207685324679,45.99131794,25.26001936,18.11488311,-0.7778961452511524,1.029367755460099,-0.23140739337953886,1.142322780816783,1.4559820683813005,-0.5901401202207723,-0.38785206109337744,1.2908457381302731,1.5298557508342185,-1.0723097560313422,0.8104265169807707,2.243779749589374,-0.5238096261601912,-0.022621752349652094,-1.4745769154367627,-0.3429175933480404,-0.6625974544674023,1.4745769154367627,0.3429175933480404,0.6625974544674023,-0.6106377016036048,-0.2129434879012531,-0.3360473712212817
Dolj,2016,3.356560651,4.025089169,1.696704649,1.058139127,0.346470333,-0.7116687930893215,38.42343056436272,-6.468982509868539,75600,172.00504184090897,5.813783068783069,-12600.0,-14.28571428571429,-3.844809599999998,12600.0,14.28571428571429,3.844809599999998,0.932670703098048,-0.645257138,12.72778992,763.8752352,48.30464537,439522,12.993443051737387,44.99660995,22.39000551,20.70590323,-0.3311419008857758,0.6203385000193076,-2.1764180669760997,1.027451447539672,1.222985126873324,-0.0022967134111349374,-0.36957214791092025,1.471209401294424,1.4415471992271722,-1.2206671891085477,1.1416597998198086,1.6140910847721952,-0.6545155957780499,0.38740711506788017,-1.2934936880019365,-0.394760801784052,-0.5556296772651632,1.2934936880019365,0.394760801784052,0.5556296772651632,-0.6930892812109207,-0.28287172084183754,-0.32440134489522016
Dolj,2017,4.509735772,6.855746008,3.026859264,0.891506504,0.431527084,-0.4599794194775202,36.37971046524478,-2.043720099117941,76400,181.88570721162543,5.497958115183246,800.0,1.0582010582010692,-0.100196529999998,-800.0,-1.0582010582010692,0.100196529999998,0.9330766483125909,-0.618482104,12.642166,677.5830618,48.29273838,420044,12.948114746677168,47.19457962,20.30596795,18.40973803,-0.5045552895319315,0.49111550255465997,-0.4139108700359729,1.0278986461028075,1.176991640897977,-0.48181048959605705,-0.3706589548220474,1.4214297507583837,1.636679358599811,-1.3283957503620354,0.8481204593623688,1.6540713174590003,-0.6344885467267104,0.3057203158653837,0.7286023516869546,0.6570376245103323,0.5971389691895991,-0.7286023516869546,-0.6570376245103323,-0.5971389691895991,-0.6643294458273596,-0.23463542089179723,-0.30902238395281145
Dolj,2018,4.521023866,7.779333224,2.765310527,1.061443659,0.420254843,-0.6411888168985672,38.65303796566708,2.273327500422297,77000,183.432911199413,5.451584415584415,600.0,0.7853403141361293,-0.2551546400000006,-600.0,-0.7853403141361293,0.2551546400000006,0.9707698885122178,-0.612161342,12.72097414,735.9938971,48.04874169,419772,12.947466985716408,47.77212391,20.25051695,17.66006308,-0.32770289787608503,0.634856415975325,1.3054961972688075,1.0694223844135797,1.219323983096666,-0.15722948646166904,-0.39292967890799607,1.4207183781576502,1.6879527978920998,-1.3312621365369883,0.7522828034391522,1.684056491974104,-0.6313525301738492,0.2937259530253707,0.6984218137811503,0.6383335001214535,0.5494355490010104,-0.6984218137811503,-0.6383335001214535,-0.5494355490010104,-0.6575401332678064,-0.2693642245847547,-0.3110604979418165
Dolj,2019,4.491398222,6.331909638,2.946483519,1.067547292,0.471763496,-0.5957837961398073,34.14059384403437,-4.512444121632704,76300,168.36911452851132,5.9393315858453475,-700.0,-0.9090909090909038,-0.5210430899999992,700.0,0.9090909090909038,0.5210430899999992,1.0687969786941751,-0.626921516,13.74585185,590.7833968,47.9496102,453171,13.02402481667993,43.95757893,21.4411337,24.88442553,-0.3213508903128212,0.34953771918275756,-1.3971619076175439,1.177411276281845,1.7698441949875834,-0.9641443270207175,-0.4019778756766445,1.5047943670149084,1.3493037213689194,-1.269716494585217,1.6758376891235507,1.6490737883731494,-0.6618852305040979,0.41987971226623944,0.5022483173934221,0.5221832181296414,0.46758253431438135,-0.5022483173934221,-0.5221832181296414,-0.46758253431438135,-0.6733944613882755,-0.2606623466741862,-0.301747309354551
Dolj,2020,3.269766752,4.806170672,2.044764669,0.882954296,0.226904456,-0.6560498400570222,33.30534769118452,-0.835246152849848,73600,172.67024206678772,5.791385869565217,-2700.0,-3.5386631716906924,-1.0634994300000002,2700.0,3.5386631716906924,1.0634994300000002,1.1222690124262744,-0.587502819,13.56747577,609.2989473,48.38433178,426246,12.962771923371609,47.47493232,20.84993173,21.09978745,-0.5134555117272381,0.2967256870758874,0.06740387017869301,1.236317295607253,1.6740282391913832,-0.8612559515333801,-0.36229879493834666,1.4375262964537259,1.6615686136626209,-1.300277046304989,1.1920135435989554,1.5141405030551827,-0.6531673062598036,0.3816141734578098,0.20044293833537866,0.3419306616185946,0.30058886924590855,-0.20044293833537866,-0.3419306616185946,-0.30058886924590855,-0.631053703324085,-0.27221234153283597,-0.3460198399683254
Dolj,2021,4.672666601,4.484898302,2.831016307,1.430837345,0.572844133,-0.8579932124335183,30.59535428459888,-2.709993406585646,35800,82.93871801762563,12.05709497206704,-37800.0,-51.35869565217392,-12.58530481,37800.0,51.35869565217392,12.58530481,1.1042744980917236,-0.599667082,12.75942965,685.4523404,49.34085483,431644,12.975356453416476,46.8626924,19.30641918,21.58051542,0.056722490625144895,0.1253746927496243,-0.6792762632131312,1.2164941257152488,1.23998062857447,-0.4380819873616098,-0.27499244283824287,1.451346656755342,1.6072149529755142,-1.3800646612116043,1.2534693008995381,-0.3749254913963546,-0.8350434822215953,2.0022135449876703,-5.096241464133284,-2.936048509992511,-3.2463666490762555,5.096241464133284,2.936048509992511,3.2463666490762555,-0.6441196886536401,-0.3109148141207315,-0.283471097881851
Dolj,2022,3.892909353,3.913945138,2.039152196,2.013019267,0.67449217,-1.3385270973307888,32.56814921090388,1.9727949263049995,36300,84.86701829199865,11.78314049586777,500.0,1.3966480446927276,-0.1175358499999994,-500.0,-1.3966480446927276,0.1175358499999994,1.001750620379683,-0.609831345,13.50476858,478.5552472,49.83383441,427728,12.966242758520611,47.01819848,17.71078816,23.68257397,0.6625950867886934,0.25011314096971454,1.1857991543296444,1.1035514695208228,1.6403446346119805,-1.5877807669037154,-0.22999588076936062,1.4413379757246807,1.6210205289123172,-1.4625463963661447,1.522194251687017,-0.3499378459671015,-0.831135024366618,1.931356369096907,0.6833315448282481,0.6802375705343546,0.591801108088012,-0.6833315448282481,-0.6802375705343546,-0.591801108088012,-0.6550374163650307,-0.40300919329708,-0.2650922958171505
Galati,2012,1.135439809,1.149994439,0.760184628,1.037992737,3.978513275,2.940520538214377,17.143027626946715,,61700,270.9360687483808,3.690907617504052,,,,,,,-0.6253928493302474,-0.79258268,11.93077596,616.7058346,45.23701379,227729,12.335911604504306,21.34642492,51.32899192,21.88127116,-0.35210810603809484,-0.7252065460049684,,-0.6889471130495807,0.7948635179652539,-0.8200968943552103,-0.6495692926079327,0.7491068294855812,-0.6580776215586207,0.2752537241803317,1.2919175978941921,0.9194345418389579,-0.4539930141260766,-0.16166571386464423,,,,,,,-0.8513358901868021,0.41707082155098946,0.3323019254444753
Galati,2013,3.096939276,4.329908856,1.981447124,1.091660817,3.081523572,1.9898627547438883,17.608488316642823,0.4654606896961084,58700,250.5944681377885,3.990511073253833,-3000.0,-4.862236628849271,-1.6815671300000012,3000.0,4.862236628849271,1.6815671300000012,-0.7480090326172288,-0.8080904,11.8911438,637.106237,45.29199292,234243,12.364114317050118,21.77268905,46.04235772,21.62967517,-0.2962561159092893,-0.6957757910055665,0.5854534135294273,-0.8240239141022185,0.7735748267311604,-0.706734655288974,-0.6445510891449453,0.7800791143048317,-0.6202345879238575,0.0019757818003094674,1.259753831556153,0.7695086692634391,-0.4952232570223147,-0.08417453702363831,0.15517213147667214,0.2512020276212452,0.11031845875823451,-0.15517213147667214,-0.2512020276212452,-0.11031845875823451,-0.8679931790019857,0.2348771383800412,0.1701188012832929
Galati,2014,3.63216607,4.273727746,2.025441724,1.035346911,3.066971038,2.031624127210926,15.163206565007044,-2.445281751635779,56900,222.6596281701605,4.49115992970123,-1800.0,-3.066439522998299,-0.4832381199999993,1800.0,3.066439522998299,0.4832381199999993,-0.8179977775038283,-0.836165398,11.61037276,666.3768149,45.37443261,255547,12.45116162474188,21.43323929,44.09130219,19.53378439,-0.3548615983865175,-0.850389251884264,-0.5738460867269561,-0.9011251214269025,0.6227567038220059,-0.5440820671465603,-0.6370264313730667,0.8756746710158636,-0.6503703835043871,-0.09887864098301136,0.9918173619885328,0.6795531457181277,-0.5518441817558922,0.04531618922023295,0.3362553589114982,0.3743007626926084,0.47922068845247034,-0.3362553589114982,-0.3743007626926084,-0.47922068845247034,-0.8981493431687169,0.24288071063952152,0.1674875833097887
Galati,2015,3.058059134,2.464649743,1.666361903,1.348453386,2.498604804,1.150151417717431,15.034467042670768,-0.1287395223362768,49600,204.1916931855139,4.897358870967742,-7300.0,-12.82952548330404,-3.5610729300000017,7300.0,12.82952548330404,3.5610729300000017,-0.7999019799511785,-0.807967046,12.3818885,546.0780619,45.48172192,242909,12.400442166588736,22.20790502,46.93197864,21.16265762,-0.02901391106539288,-0.8585293621545699,0.34879351566976746,-0.8811903756178018,1.0371817659711062,-1.2125657435742445,-0.6272336320511507,0.8199744435556338,-0.5815968245467327,0.047962276291610186,1.200050799906231,0.314733522451032,-0.5892767053702046,0.15037784116793637,-0.4937094334981213,-0.2949416189722824,-0.4682821380371711,0.4937094334981213,0.2949416189722824,0.4682821380371711,-0.8678606809168702,0.07394635555433997,0.06472228824614443
Galati,2016,4.20285699,3.261294826,1.996260484,2.084642843,3.860770078,1.776127235296492,12.347776833758145,-2.686690208912625,42500,164.82962434359024,6.066870588235294,-7100.0,-14.314516129032262,-3.192164200000001,7100.0,14.314516129032262,3.192164200000001,-0.8947751003098006,-0.827993337,12.01761542,700.8095798,45.6349306,257842,12.460102273207607,21.77418729,41.95166032,21.77961697,0.7371332342264585,-1.0284069115334946,-0.6699949935847723,-0.9857047819578756,0.8415099397317034,-0.35274391362536667,-0.613249556120234,0.8854933120525885,-0.6201015766223601,-0.2094815133481435,1.2789222333240229,-0.040091042644362584,-0.6690593975151814,0.452867140143503,-0.46352889559231697,-0.3967351175175022,-0.3547146186706251,0.46352889559231697,0.3967351175175022,0.3547146186706251,-0.8893714970190381,0.1939146993302947,0.3110129859234097
Galati,2017,4.194624068,4.673514662,2.641409957,2.133023075,7.148271546,5.015248470745853,12.528512773722625,0.1807359399644816,42800,182.36123715908465,5.483621495327103,300.0,0.7058823529411784,-0.0910536999999998,-300.0,-0.7058823529411784,0.0910536999999998,-1.3095065870507898,-0.849098076,11.56413608,635.9119395,45.65470716,234699,12.366059121071622,18.91060465,41.29289004,22.6281322,0.7874821984542326,-1.0169791040162715,0.4720523597682222,-1.4425825041559468,0.5979203485940905,-0.7133712027480182,-0.6114444565874113,0.7822149026256815,-0.8743257689358065,-0.2435348220903127,1.3873955265270959,-0.0250984553868107,-0.6335246985215711,0.30201220928899475,0.6531510069224438,0.6328867965475479,0.5999535637997343,-0.6531510069224438,-0.6328867965475479,-0.5999535637997343,-0.9120407051871032,0.8146926894597695,0.9054203207919053
Galati,2018,3.736847636,6.614165572,2.722612749,2.732697896,10.8141885,8.081490605977253,12.036033981412851,-0.4924787923097717,43400,179.2832799752143,5.577764976958525,600.0,1.4018691588784993,0.1738667300000003,-600.0,-1.4018691588784993,-0.1738667300000003,-1.3041819009095397,-0.858357664,11.79375543,524.8820848,45.54826101,242075,12.397002874479732,19.65382629,39.93431788,22.33109573,1.4115595305105537,-1.0481181948132476,0.20392231445453998,-1.436716707722812,0.721261984364717,-1.3303488821682494,-0.6211602967353311,0.8161974049249123,-0.8083437649595303,-0.3137624547227318,1.3494226970914762,0.004886719128293065,-0.6397633876367784,0.3263620258332381,0.6984218137811503,0.6805954687344561,0.6815085762403958,-0.6984218137811503,-0.6805954687344561,-0.6815085762403958,-0.921986695418137,1.4023383783977423,1.5682482914215363
Galati,2019,4.090306111,4.831015538,2.489007986,2.832809527,16.42239257,13.589583042048377,11.956158896183377,-0.079875085229478,43000,184.49709524340744,5.420139534883721,-400.0,-0.9216589861751112,-0.3858728499999984,400.0,0.9216589861751112,0.3858728499999984,-1.1804449416050993,-0.839676833,12.68693882,467.4397027,45.3757214,233066,12.359076954239363,18.82428153,43.65673243,24.33774124,1.5157449946894594,-1.0531686407821215,0.3682553947813732,-1.300405234092081,1.201041673514409,-1.6495483236534976,-0.636908797455595,0.7745470706952258,-0.8819893946169485,-0.12134252354809986,1.6059501453505485,-0.015103397215109445,-0.629195543245429,0.2855928665593825,0.5475191242521287,0.521321698536863,0.5091943141412798,-0.5475191242521287,-0.521321698536863,-0.5091943141412798,-0.9019210766634371,2.457964983073821,2.5822577655147505
Galati,2020,1.596931504,1.200430289,1.329762202,2.168237943,12.29492985,10.126691906069828,12.318303596876245,0.3621447006928697,41300,177.65962480696186,5.628740920096853,-1700.0,-3.953488372093028,-0.4761796100000026,1700.0,3.953488372093028,0.4761796100000026,-1.2370671333483616,-0.845406165,13.1397561,478.2385226,45.34564472,232467,12.356503558451884,19.31801073,44.78743219,24.13159717,0.82413006176373,-1.0302704837597054,0.5443044019510814,-1.3627815397659262,1.4442756345042218,-1.5895407620802495,-0.6396540373262727,0.7717209614281476,-0.8381569221964689,-0.06289412478005486,1.5795969045876397,-0.10006139167457012,-0.6430543625334109,0.3395467396559928,0.3513456278644004,0.3134951232836253,0.48139363098794136,-0.3513456278644004,-0.3134951232836253,-0.48139363098794136,-0.908075117221435,1.7943014635045351,1.8359785200010352
Galati,2021,5.429241149,7.156895727,3.026961964,3.766300726,15.07149055,11.305189824071627,14.42296759522456,2.104663998348314,20300,52.07825591716736,19.201871921182267,-21000.0,-50.84745762711864,-10.412708319999998,21000.0,50.84745762711864,10.412708319999998,-1.5673672481116727,-0.980996353,11.4588284,573.5487489,46.64064605,389798,12.873383935206109,19.3171848,54.14368468,18.11656294,2.4872226632007015,-0.897194046022522,1.2383203761142607,-1.726647725236113,0.5413535936128142,-1.059914902382614,-0.5214531825877671,1.3393601989769535,-0.8382302469136343,0.4207514864209546,0.810641264678489,-1.149542499703202,-0.8975943292591428,3.850180126907966,-2.561076280045719,-2.9010040419957406,-2.5775389041926777,2.561076280045719,2.9010040419957406,2.5775389041926777,-1.0537164443811358,2.0201607369711656,2.3380035569028905
Galati,2022,1.732811685,2.194663005,0.994315017,6.018216789,19.24366943,13.22545263793734,13.60134391473093,-0.8216236804936301,20500,76.71954701785508,13.034487804878049,200.0,0.985221674876846,-0.1134199999999996,-200.0,-0.985221674876846,0.1134199999999996,-1.3565126231929383,-0.887798709,12.67271508,282.0907991,47.85152815,267207,12.495778917906266,25.10974638,42.52208962,22.84296444,4.830775734627416,-0.9491447386967029,0.07282947059272124,-1.4943654321678663,1.1934012923428041,-2.6795067680304596,-0.4109302851266835,0.9246734866264749,-0.32397608552459883,-0.17999474738705684,1.4148594537909505,-1.1395474415315006,-0.8476490748611568,2.255012100534856,0.6380607379695415,0.6520350160618444,0.593068160983683,-0.6380607379695415,-0.6520350160618444,-0.593068160983683,-0.9536101700221289,2.388179345557316,3.092367852339739
Giurgiu,2012,2.823075282,2.477847814,1.40475197,0.371678127,0.098385386,-0.2732927402516479,51.059580605791645,,47800,234.321765942949,4.267635983263598,,,,,,,0.7331576462565733,-0.302396663,12.57330115,642.0561247,71.01773917,203993,12.225840958512133,39.05084978,26.98671033,19.97176374,-1.0455369937568078,1.4193134601771198,,0.8076632861082862,1.1400004062912301,-0.6792288080122342,1.7035586193878725,0.6282269888542732,0.9136923170968249,-0.9830532390194853,1.047808180738411,0.22477799890572067,-0.5282062792001275,-0.012497341729370528,,,,,,,-0.3248129675177397,-0.19885689545549767,-0.3692571460568767
Giurgiu,2013,3.764956312,5.708676215,2.461658768,0.586719307,0.131600592,-0.4551187147008828,50.78270388615217,-0.2768767196394748,45100,198.26005917029704,5.043880266075388,-2700.0,-5.648535564853551,-1.9210937699999988,2700.0,5.648535564853551,1.9210937699999988,0.7023026420874918,-0.350863994,12.77502028,678.5685804,71.04486665,227479,12.334813205420216,39.44452015,22.22271067,18.55116296,-0.8217451632563186,1.4018067381678614,0.2897929746516496,0.7736727055185229,1.2483552442455563,-0.4763340978589303,1.7060346719204997,0.7479005650447991,0.9486417299243122,-1.2293150334489023,0.8662000734408504,0.08984471358775373,-0.6012994913790711,0.18827498528085373,0.20044293833537866,0.19730261766300336,0.03658085345135179,-0.20044293833537866,-0.19730261766300336,-0.03658085345135179,-0.3768731240441729,-0.23370386621306807,-0.36325156331638314
Giurgiu,2014,3.715992626,5.644921569,2.304646975,0.438202372,0.23296835,-0.2052340222540242,47.93660923207828,-2.8460946540738874,43300,189.7982352709118,5.268752886836028,-1800.0,-3.9911308203991136,-1.3083048900000025,1800.0,3.9911308203991136,1.3083048900000025,0.6140849285952349,-0.352359011,12.18788276,924.6166009,70.86633744,228137,12.337701604675143,38.99674319,21.82416706,16.30905991,-0.9763056839155344,1.2218501568208024,-0.7334830889208676,0.6764900480970096,0.9329702292670307,0.8909210167605387,1.6897394722717154,0.7510726118558984,0.9088888223593425,-1.249916643768282,0.5795719812919866,-0.0001108099575575628,-0.6184507009321274,0.24643734518572924,0.3362553589114982,0.3109147996176772,0.22522619398586144,-0.3362553589114982,-0.3109147996176772,-0.22522619398586144,-0.3784789648739409,-0.18581343363413352,-0.3449234380027142
Giurgiu,2015,3.72192363,3.800427769,1.917252063,0.560538117,0.291479821,-0.2690582959641255,41.24354819349418,-6.693061038584105,37800,165.07343147487433,6.057910052910053,-5500.0,-12.702078521939953,-3.9024390200000014,5500.0,12.702078521939953,3.9024390200000014,0.5606013470658668,-0.352363799,13.00353383,606.0112546,70.87542026,228989,12.341429246448165,40.38228911,24.50117691,16.34969365,-0.8489917419571102,0.7986525721843492,-2.26566475629818,0.6175713074531552,1.3711028918316728,-0.8795252090963446,1.6905685039202285,0.7551663167614326,1.0318953273943055,-1.111536018995898,0.5847665558112413,-0.27497490967934207,-0.6685652266072419,0.4505495352756264,-0.22208459234588218,-0.28620535378870876,-0.5733707328154973,0.22208459234588218,0.28620535378870876,0.5733707328154973,-0.3784841078026787,-0.19804536367788,-0.33434408225948953
Giurgiu,2016,3.466410634,3.680889967,1.706089567,0.705385761,0.36115751,-0.3442282515462056,37.53528906345894,-3.7082591300352377,32600,149.21752344683327,6.701625766871166,-5200.0,-13.756613756613756,-4.409581439999997,5200.0,13.756613756613756,4.409581439999997,0.4994035727583689,-0.329168755,12.57799465,676.1490912,71.1410619,218473,12.294417716088356,38.25781676,23.78188609,14.94280758,-0.698249826411245,0.5641819319212247,-1.0768686224287547,0.550154435035501,1.142521552559998,-0.48977886761055883,1.7148148642711774,0.7035381442681802,0.8432881401154356,-1.1487177697707938,0.4049117225934227,-0.5348464221435747,-0.7007034517081774,0.6170439039772847,-0.17681378548717566,-0.35849189053252123,-0.7294931065119571,0.17681378548717566,0.35849189053252123,0.7294931065119571,-0.3535696428143445,-0.21245169507223177,-0.32174578235865864
Giurgiu,2017,4.684917405,6.683497454,2.877393608,0.764809625,0.336744536,-0.428065088723624,34.64725378787878,-2.888035275580158,32800,153.15937914417526,6.529146341463415,200.0,0.6134969325153339,-0.32606277,-200.0,-0.6134969325153339,0.32606277,-0.680592598435884,-0.721287507,11.97874425,769.9440015,71.15948696,214156,12.2744600003956,38.5569398,20.81706793,13.92396197,-0.6364078327057969,0.3815734743074942,-0.7501873293449752,-0.7497564232745325,0.8206300195850861,0.03142658883792852,1.7164966060502442,0.6816205342590873,0.8698437953230478,-1.3019758496083818,0.2746635730319897,-0.5248513639718735,-0.6927137329552343,0.5724328242343673,0.6380607379695415,0.6265539383664069,0.5276066797654667,-0.6380607379695415,-0.6265539383664069,-0.5276066797654667,-0.7747556909189873,-0.22851903540893567,-0.32615984907552675
Giurgiu,2018,4.782439058,8.429105486,2.974003656,1.020846142,0.313214157,-0.7076319849657204,37.89388322520853,3.2466294373297515,33100,155.80429850409044,6.418308157099698,300.0,0.9146341463414532,0.325740660000001,-300.0,-0.9146341463414532,-0.325740660000001,-0.634687931004602,-0.711792356,12.48704399,679.0618021,70.89431866,212446,12.26644311740619,40.41544675,20.90131139,12.87385971,-0.3699524458147857,0.5868555908408608,1.6931459023863367,-0.6991867883064448,1.0936667710321424,-0.4735933324969656,1.6922934496646393,0.672816374627022,1.0348390085475128,-1.2976211167978964,0.1404196062593606,-0.5098587767143216,-0.687352765067905,0.5437649928711735,0.6531510069224438,0.6471963650548851,0.7282625402535232,-0.6531510069224438,-0.6471963650548851,-0.7282625402535232,-0.7645566756832997,-0.2820980660597683,-0.3304143353490628
Giurgiu,2019,4.946245754,6.893679722,2.45402268,0.898546469,0.458082514,-0.4404639553663192,37.11575408261288,-0.7781291425956596,32900,150.25849942454192,6.655197568389058,-200.0,-0.6042296072507503,0.0636116099999952,200.0,0.6042296072507503,-0.0636116099999952,-0.5630695045099887,-0.721542994,13.46454788,565.18787,70.84708263,218956,12.29662607537086,38.45430132,21.85187892,16.99610881,-0.4972288478987085,0.5376550274837728,0.09015260964240202,-0.6202902863277948,1.618739805010992,-1.1063751600815335,1.687981995312347,0.7059633695925115,0.8607317186140339,-1.2484841557629036,0.667403588951579,-0.5198538348860229,-0.6985935050411621,0.6050354452297625,0.577699662157933,0.5430809245055233,0.6475668463283349,-0.577699662157933,-0.5430809245055233,-0.6475668463283349,-0.7750301168660334,-0.2308952797526482,-0.3042209435500518
Giurgiu,2020,3.74617431,4.181373323,1.984845584,0.76100786,0.344831686,-0.41617617331954,34.37578814627995,-2.739965936332922,31700,139.1809835748877,7.184889589905363,-1200.0,-3.6474164133738607,-1.47172647,1200.0,3.6474164133738607,1.47172647,-0.6175188215852389,-0.734811531,13.63414493,585.4258115,71.11516043,227761,12.336052112528863,38.6185519,22.2513951,16.0505969,-0.6403643025711627,0.3644088909914106,-0.6912138150432194,-0.6802729034087037,1.7098400435966028,-0.9939156939618105,1.7124507154305095,0.7492611357264762,0.8753136169864572,-1.2278322711256184,0.5465303423506576,-0.5798241839162304,-0.7210464416566977,0.7420380642678773,0.42679697262891125,0.33447581806055,0.1749173182605263,-0.42679697262891125,-0.33447581806055,-0.1749173182605263,-0.7892822347121093,-0.22624052328392016,-0.3246976257655228
Giurgiu,2021,4.707378116,4.974528516,2.21018871,0.953666217,0.479832059,-0.4738341580446843,29.027890603845112,-5.34789754243484,15900,73.46248561937192,13.612389937106919,-15800.0,-49.8422712933754,-14.839542569999995,15800.0,49.8422712933754,14.839542569999995,-0.5171687670891637,-0.699460806,12.34327103,744.7007993,71.31132767,216437,12.285054791006388,41.53679824,20.33386159,11.1644497,-0.43986611718059365,0.02626505668380885,-1.7299088794795479,-0.5697249807494044,1.0164381225494037,-0.10884642472741934,1.730355820933137,0.6932557580647628,1.1343907633537684,-1.3269538657420081,-0.07810956877854401,-1.3694337794806295,-0.8542507890112956,2.4044840624428736,-1.776382294494806,-2.832100285668447,-3.9403274302851963,1.776382294494806,2.832100285668447,3.9403274302851963,-0.7513110025676595,-0.23729068327202743,-0.3002884467271934
Giurgiu,2022,4.479870919,4.727284416,2.570816344,1.587378231,0.54320928,-1.0441689501575306,27.1461716937355,-1.881718910109612,16000,75.30829332580251,13.27875,100.0,0.6289308176100628,-0.5952795000000002,-100.0,-0.6289308176100628,0.5952795000000002,-0.5923408154893137,-0.697770774,13.33788545,357.4765001,71.2377687,212460,12.266509014334005,41.42285607,21.96366375,11.31224701,0.21963348016727996,-0.092714718509096,-0.3493885355307051,-0.652536234160392,1.550702197087781,-2.260598763601202,1.7236417481933943,0.6728887427871301,1.1242751634985144,-1.242705747956345,-0.059215316353333644,-1.364436250394779,-0.8505095347445958,2.3181894924991715,0.6229704690166394,0.6276119040609766,0.44472906340200163,-0.6229704690166394,-0.6276119040609766,-0.44472906340200163,-0.7494956905081882,-0.34659541755425854,-0.288829323319136
Gorj,2012,2.223288909,1.901673157,0.732142857,0.230669668,0.098248192,-0.1324214762004434,38.4126372567906,,39100,558.3082261219711,1.7911253196930945,,,,,,,-0.3832791975723734,-0.166527659,9.693924126,830.4868026,54.86850344,70033,11.156721838515388,12.64261134,86.53634715,0.079962303,-1.1922834967087688,0.6196560467040867,,-0.42222915874755457,-0.40667704985748326,0.36785463361207554,0.22954201227008794,-0.5458821269428814,-1.4307879832272141,2.0952006374539818,-1.4951387615492484,-0.21000703156328393,0.12847952955169764,-0.65303643464175,,,,,,,-0.1788721560600058,-0.1718589000709336,-0.3692819518617391
Gorj,2013,3.121910843,3.672003725,1.409090909,0.292326012,0.081679327,-0.2106466853239445,38.696732275941145,0.2840950191505484,37000,570.0639396040367,1.7541891891891892,-2100.0,-5.370843989769824,-1.3689816300000004,2100.0,5.370843989769824,1.3689816300000004,-0.2614600586330984,-0.023971884,9.510267937,1057.448543,54.88552617,64905,11.080679941327094,13.0298128,86.02727063,0.135582775,-1.1281181769047766,0.6376191767605235,0.5132185334378302,-0.28803040003728275,-0.5053292530392255,1.6290499066089419,0.23109575680252242,-0.629391516122599,-1.3964128696697833,2.068885333872058,-1.4880282989976814,-0.3149551423661471,0.15230710003461023,-0.6625898098307567,0.29098455205279167,0.21633788702690115,0.20654702950783832,-0.29098455205279167,-0.21633788702690115,-0.20654702950783832,-0.025748891231435082,-0.1868507711888444,-0.37227773908261524
Gorj,2014,3.301897983,3.70251566,1.776315789,0.281701128,0.16035295,-0.1213481782604738,34.23664390793271,-4.460088368008435,36000,526.0312404108889,1.9010277777777778,-1000.0,-2.7027027027026973,-0.1325016300000001,1000.0,2.7027027027026973,0.1325016300000001,-0.2692391733177686,-0.059861783,9.54373625,1254.282987,54.85022104,68437,11.133668893030196,12.31789821,86.77762029,0.11105104,-1.1391754183094944,0.3556108977794603,-1.3763094961673614,-0.29660005127302147,-0.48735151522268966,2.7228319242223677,0.2278732917393755,-0.5711989255426684,-1.459615484852179,2.1076725855321685,-1.4911644101590982,-0.3649304332246534,0.06305754107094105,-0.6246106249547811,0.4569775105347156,0.3992342823710749,0.5871939346281009,-0.4569775105347156,-0.3992342823710749,-0.5871939346281009,-0.06429926570239324,-0.169736701134985,-0.3580529002416067
Gorj,2015,3.068426306,2.530398217,0.945736434,0.381878756,0.149239973,-0.2326387822018163,30.39375928677563,-3.8428846211570793,31500,453.5114745601658,2.205015873015873,-4500.0,-12.5,-2.6136253399999987,4500.0,12.5,2.6136253399999987,-0.2677678266588774,-0.039098289,9.980284943,983.5786147,54.86402927,69458,11.148477532333278,12.98194592,85.93826485,0.185723747,-1.0349212715208789,0.11262798154203632,-1.130487679327484,-0.2949791820321534,-0.2528563392362177,1.2185648432481155,0.22913363375649617,-0.5549360432565921,-1.4006624131390666,2.0642844260925237,-1.4816183299541756,-0.5898192420879316,-0.08393224690310169,-0.5459853795059125,-0.07118190281686046,-0.2723532263101364,-0.17661305087267798,0.07118190281686046,0.2723532263101364,0.17661305087267798,-0.041996598619783373,-0.19106555930766086,-0.3600622179880239
Gorj,2016,3.176369863,3.06116043,1.1875,0.591584379,0.146784094,-0.4448002846721822,29.944759308415243,-0.4489999783603871,28200,395.72282562936766,2.5270212765957445,-3300.0,-10.476190476190473,-2.3849057800000004,3300.0,10.476190476190473,2.3849057800000004,-0.5002075355322693,-0.169084807,9.406546056,1116.330293,55.0142158,71262,11.174118505002296,13.1121776,85.83396481,0.089809436,-0.8166821173392682,0.0842380258478428,0.22123919092135572,-0.551040098874912,-0.5610441850244714,1.9562477181647757,0.24284186386017503,-0.5267770671560695,-1.389100657176744,2.0588929238165856,-1.4938799144391988,-0.7547377019210023,-0.20106364072377983,-0.4627000328462034,0.1099013246179656,-0.13362464077303218,-0.10620237487754057,-0.1099013246179656,0.13362464077303218,0.10620237487754057,-0.18161886239589328,-0.23172633780678115,-0.36050626113305634
Gorj,2017,4.410407562,6.155686932,2.61722488,0.563952177,0.221069253,-0.3428829235280848,29.475431606905712,-0.4693277015095312,28600,447.4202934826821,2.235034965034965,400.0,1.4184397163120588,0.08554758,-400.0,-1.4184397163120588,-0.08554758,-0.3522904223843905,-0.005722741,9.464323899,905.1284368,55.03364671,63922,11.065418869062052,15.39219674,83.09032884,0.326960984,-0.845438753934823,0.054562762386652405,0.2131430024872565,-0.3880912129338676,-0.5300084135752512,0.7826279608516884,0.24461541429378472,-0.6461512613447031,-1.1866842797937263,1.917068245929582,-1.4635627103511042,-0.7347475855775998,-0.09627841769650762,-0.538221067300513,0.668241275875346,0.6817313513198843,0.654319773259068,-0.668241275875346,-0.6817313513198843,-0.654319773259068,-0.006146960994070393,-0.21219386278919958,-0.3470748927180834
Gorj,2018,4.479608483,6.870639453,2.745535714,0.641889723,0.21549155,-0.4263981733652444,29.00155269020455,-0.4738789167011603,28800,450.82416292284336,2.218159722222222,200.0,0.6993006993007089,-0.3133760400000014,-200.0,-0.6993006993007089,0.3133760400000014,-0.148762745376293,0.087478928,9.6655077,1032.355334,54.83196979,63883,11.064808564281948,15.35306733,83.05965593,0.350641016,-0.764329702710048,0.024599728760935677,0.21133033042727148,-0.16388045380769267,-0.4219411313279481,1.4896103846906377,0.226207414415492,-0.6468214994803153,-1.1901581249393134,1.9154826946289822,-1.460535480004049,-0.7247525274058986,-0.08937913939036236,-0.5425857780538139,0.6380607379695415,0.6324356357592941,0.5315122540655733,-0.6380607379695415,-0.6324356357592941,-0.5315122540655733,0.09396363673339303,-0.22819957087189827,-0.3480833873475732
Gorj,2019,3.721274175,4.673046522,3.070234114,0.754604485,0.302773404,-0.4518310803886678,29.383050847457632,0.3814981572530804,29100,455.5986973947896,2.194914089347079,300.0,1.041666666666674,0.1279498799999991,-300.0,-1.041666666666674,-0.1279498799999991,0.1291215335037064,0.19776443,10.06731546,974.4621473,54.63585126,63872,11.064636359671136,15.13808868,83.19138277,0.468123747,-0.6470282495074242,0.04872159135296061,0.5520125564754712,0.14224324412276382,-0.20610728986932653,1.1679058838523755,0.20830675490338227,-0.6470106149863014,-1.2092435785586597,1.9222919495215227,-1.4455166114257436,-0.7097599401483466,-0.07970167006219657,-0.5485981634697326,0.6531510069224438,0.6559042210337218,0.6673732025623973,-0.6531510069224438,-0.6559042210337218,-0.6673732025623973,0.21242447165570932,-0.23307379068570538,-0.3323021094611534
Gorj,2020,3.208405848,4.560292924,1.5,0.582300893,0.189366144,-0.3929347491608712,27.5338530980714,-1.849197749386235,27800,424.6543954785,2.3548561151079137,-1300.0,-4.467353951890029,-0.9634706800000004,1300.0,4.467353951890029,0.9634706800000004,0.187086672951694,0.19657737,9.912418059,944.9746114,54.98756857,65465,11.089270927661854,17.55441839,80.93332315,0.458260139,-0.8263433753614092,-0.0682018935135348,-0.3364359070744694,0.20609897180333286,-0.28931150944384737,1.004047689850769,0.24040964600105225,-0.6199568748551595,-0.9947257712822006,1.8055677988842393,-1.446777564682439,-0.7747278182644048,-0.14242245141500645,-0.5072298295447303,0.4117067036760091,0.27827054102785403,0.3313824397933888,-0.4117067036760091,-0.27827054102785403,-0.3313824397933888,0.21114941631159997,-0.22178630143539355,-0.3528070758702934
Gorj,2021,3.662301861,3.592631245,1.541666667,1.073720918,0.232797898,-0.8409230199113468,26.6717430430569,-0.8621100550144973,14300,215.84254060254784,4.633006993006993,-13500.0,-48.561151079136685,-8.922185449999999,13500.0,48.561151079136685,8.922185449999999,0.281305476841524,0.233470867,9.153873137,920.1735607,55.87394395,66252,11.101220932072044,17.5209805,80.99227193,0.470929179,-0.31492604153099524,-0.1227125114310606,0.056704432154845094,0.3098925681074784,-0.6967692062145378,0.86623165154815,0.3213132907372067,-0.6068333520882454,-0.9976943325729324,1.8086149931282085,-1.4451579679540203,-1.4493942448542396,-0.5656616871547168,0.08200433702378931,-1.429306108578056,-2.7442817468517204,-2.118685613014114,1.429306108578056,2.7442817468517204,2.118685613014114,0.25077778430709563,-0.30764330958763036,-0.3449542571278246
Gorj,2022,3.726734946,4.111281092,2.258964143,1.452625882,0.318058608,-1.1345672741427846,25.380326288979138,-1.291416754077762,14600,224.22902076422167,4.45972602739726,300.0,2.0979020979021046,-0.0403130800000006,-300.0,-2.0979020979021046,0.0403130800000006,0.2806891086900455,0.277016351,9.696001426,749.2786765,56.27712005,65112,11.083864143006878,17.39464308,81.31680796,0.385489618,0.07939766651079444,-0.20436789271836062,-0.11428116746867456,0.3092135628086624,-0.40556121367039233,-0.08340778879334225,0.35811306732904824,-0.625894618397319,-1.0089103624893816,1.825390986161088,-1.4560804714328264,-1.4344016575966876,-0.5486631912777384,0.037185942270497534,0.6531510069224438,0.7283073032633394,0.6155739215628061,-0.6531510069224438,-0.7283073032633394,-0.6155739215628061,0.297551243176933,-0.3639202676588128,-0.3295384187188071
Harghita,2012,2.250128601,1.462596037,,0.452523174,0.39059895,-0.0619242238036716,16.49663334013467,,44200,2588.2766293845525,0.3863574660633484,,,,,,,-0.2027094256553163,1.983536266,7.009012495,707.7978624,57.11910841,17077,9.745487807887239,45.53493002,14.4814663,0.0,-0.9614021268674608,-0.7660776062455199,,-0.2233093546604039,-1.8488960634864442,-0.31391098537079387,0.43496530023901214,-2.0957026370173013,1.4893383762968402,-1.6294772638703925,-1.5053610581349113,0.04486695181509809,4.243007778357367,-1.0163737462684121,,,,,,,2.130573447151307,-0.15834809282680554,-0.316422527584346
Harghita,2013,2.44232059,4.35655058,,0.443695939,0.348277458,-0.0954184816057022,18.081485301701907,1.5848519615672352,41900,2337.126282909416,0.42787589498806683,-2300.0,-5.203619909502266,-1.542954489999996,2300.0,5.203619909502266,1.542954489999996,-0.2389451767995269,1.941643576,6.95300184,744.4876774,57.17684097,17928,9.794119015480764,49.89959839,13.45381526,0.0,-0.9705885677105961,-0.6658685213029023,1.03128803072,-0.2632274895842717,-1.8789825775728413,-0.11003071390487407,0.44023482219250837,-2.0422957312012726,1.8768265093717413,-1.6825988438911723,-1.5053610581349113,-0.07007621715946635,3.7339529607511195,-1.0056351788179314,0.26080401414698734,0.22780080379368917,0.152989971784366,-0.26080401414698734,-0.22780080379368917,-0.152989971784366,2.0855753019323484,-0.16476727152615994,-0.3240746018152611
Harghita,2014,2.797541576,4.595612583,,0.393687556,0.32167154,-0.0720160163620389,18.303477344573235,0.221992042871328,40700,2164.3180005317736,0.46203931203931203,-1200.0,-2.863961813842486,-0.0343171700000013,1200.0,2.863961813842486,0.0343171700000013,-0.0407536887325576,2.067961724,7.412185124,880.1162993,57.3759591,18805,9.841878070904437,51.4809891,12.8476469,0.0,-1.02263193713379,-0.6518321191529629,0.48848396800785326,-0.04489519863951987,-1.6323290731225912,0.6436389421432838,0.4584092692874262,-1.9898466249361377,2.0172197951690523,-1.7139330417739522,-1.5053610581349113,-0.1300465661896739,3.3836891052508897,-0.9967989543305141,0.42679697262891125,0.38818025375316273,0.6174197456641902,-0.42679697262891125,-0.38818025375316273,-0.6174197456641902,2.2212572638090844,-0.16028218613354087,-0.3288851708641415
Harghita,2015,3.072956719,2.966255144,,0.451210992,0.344472908,-0.1067380841484241,13.924597601814844,-4.378879742758389,35200,1772.4068479355487,0.5642045454545455,-5500.0,-13.513513513513509,-3.794743350000001,5500.0,13.513513513513509,3.794743350000001,-0.1428958103780853,1.895414002,7.346505301,745.6706096,57.5286108,19860,9.896462937599164,51.07250755,12.23564955,0.0,-0.962767705366099,-0.928705633359083,-1.3439654737859763,-0.15741730359132317,-1.667609448256243,-0.10345732185964916,0.4723425070372947,-1.9299013967832204,1.980955469958694,-1.7455685531830878,-1.5053610581349113,-0.4049106659114584,2.5893272295746543,-0.970374345342711,-0.22208459234588218,-0.3418277961737096,-0.5402169224179549,0.22208459234588218,0.3418277961737096,0.5402169224179549,2.035918784667341,-0.1669366747700495,-0.3247624957821191
Harghita,2016,3.222042909,3.50694927,,0.49600495,0.441984609,-0.0540203411138994,12.27810650887574,-1.6464910929391063,30200,1505.558602123735,0.664205298013245,-5000.0,-14.20454545454546,-3.725284509999998,5000.0,14.20454545454546,3.725284509999998,-0.1426690179507075,1.951538334,6.838813237,956.2609933,57.65639467,20059,9.906433209824698,52.51508051,14.34767436,0.0,-0.9161509510487073,-1.0328121176179903,-0.25570127312648283,-0.15716746384935812,-1.9403197823005036,1.0667645666090753,0.4840059411248825,-1.9189520205275474,2.109024742514843,-1.6363932683993672,-1.5053610581349113,-0.6547871202039898,2.048454453539172,-0.9445095702473539,-0.14663324758137133,-0.3891968210806923,-0.5188342130500359,0.14663324758137133,0.3891968210806923,0.5188342130500359,2.0962035465590474,-0.1568333127201896,-0.3071315773250194
Harghita,2017,3.476847191,4.527102006,,0.432685135,0.293430149,-0.1392549858258318,12.46400658165364,0.1859000727779012,30300,1639.432961800671,0.6099669966996699,100.0,0.3311258278145601,-0.0695807600000009,-100.0,-0.3311258278145601,0.0695807600000009,-0.0761844270250437,2.286583538,6.701997484,766.9622079,57.76701098,18482,9.824552564447986,53.7495942,12.67719944,0.0,-0.9820474333215553,-1.0210577855821972,0.47410914655390407,-0.0839265129341506,-2.0138113185068827,0.014857170632266988,0.49410241136558875,-2.0088735366112225,2.218622852712963,-1.722743852091167,-1.5053610581349113,-0.6497895911181392,2.3198034232060034,-0.9585380793248868,0.6229704690166394,0.6071978954726318,0.6065639482417251,-0.6229704690166394,-0.6071978954726318,-0.6065639482417251,2.456085252520342,-0.17316854304580995,-0.3339914468979897
Harghita,2018,3.302863868,6.699473471,,0.453026215,0.307051101,-0.1459751137599162,13.396778916544656,0.9327723348910144,30900,1646.331717193244,0.607411003236246,600.0,1.980198019801982,0.3553575299999991,-600.0,-1.980198019801982,-0.3553575299999991,-0.021117644945182,2.301976403,7.201952253,886.6758353,57.82212684,18769,9.83996185165625,54.32361873,13.15466993,0.0,-0.9608786156673884,-0.9620792409572567,0.7715757406187829,-0.02326368223584602,-1.7452571264503933,0.6800893843265019,0.499133094817974,-1.9919510213921374,2.269583813458051,-1.6980623348690407,-1.5053610581349113,-0.6198044166030354,2.333786460527531,-0.9591991763105105,0.6984218137811503,0.7202388956021075,0.7373800107381638,-0.6984218137811503,-0.7202388956021075,-0.7373800107381638,2.472619172271158,-0.17445645640535887,-0.331528666620779
Harghita,2019,3.196117237,5.609542744,,0.498329579,0.345779708,-0.1525498710953589,12.426705071494704,-0.9700738450499512,30800,1603.749023691747,0.623538961038961,-100.0,-0.3236245954692518,-0.242941799999997,100.0,0.3236245954692518,0.242941799999997,0.1283506645037644,2.341678799,7.651442936,774.391223,57.77302438,19205,9.862925940780006,55.25123666,13.09554803,0.0,-0.9137317261395782,-1.023416334071678,0.013704280009258683,0.14139403714411317,-1.5038100702468264,0.05613918896112522,0.4946512826319099,-1.9667318050561116,2.35193621905502,-1.7011184780728963,-1.5053610581349113,-0.624801945688886,2.247475907594516,-0.9550277476898131,0.5927899311108351,0.5623159048340047,0.5531952375917926,-0.5927899311108351,-0.5623159048340047,-0.5531952375917926,2.5152646596043566,-0.1757165094714859,-0.3245262155818615
Harghita,2020,3.146568839,4.811084142,,0.370001131,0.195278374,-0.1747227560973102,12.187401076289966,-0.2393039952047377,29500,1525.493846312959,0.6555254237288135,-1300.0,-4.2207792207792245,-0.9832738400000024,1300.0,4.2207792207792245,0.9832738400000024,-0.1009437654031185,1.911699184,7.521057129,872.6115146,57.78307382,19338,9.869827351043494,59.90795325,12.78312132,0.0,-1.0472822315972157,-1.0385473589018237,0.304757555523508,-0.11120196821775374,-1.5738477161013822,0.6019358825358888,0.4955685422285798,-1.9591526601781841,2.7653519163667544,-1.7172685132792964,-1.5053610581349113,-0.6897698238049442,2.08886105554912,-0.9467545833145408,0.4117067036760091,0.2951728054325615,0.32528609244801954,-0.4117067036760091,-0.2951728054325615,-0.32528609244801954,2.0534111678146916,-0.17996594565690668,-0.35173809600469125
Harghita,2021,3.783089251,4.907067552,1.75,0.66899498,0.331863651,-0.3371313284554644,18.95373804411478,6.766336967824813,14700,609.6296603491892,1.6403401360544219,-14800.0,-50.16949152542372,-9.82121478,14800.0,50.16949152542372,9.82121478,0.6790474245966593,2.473632496,6.465825762,871.7075497,58.49055327,24113,10.090506393131704,60.03400655,10.62082694,0.016588562,-0.7361214540377881,-0.6107165883302816,3.0949859014226173,0.7480542243177749,-2.1406726066093262,0.5969126735279485,0.5601435150588611,-1.7168024204949384,2.7765427225733967,-1.829042344535918,-1.5032403938427177,-1.429404128510837,0.2325025727467185,-0.6920363897694587,-1.6254796049657843,-2.854530657409034,-2.3954492744375444,1.6254796049657843,2.854530657409034,2.3954492744375444,2.6569999270169884,-0.211091568873756,-0.3270423532729818
Harghita,2022,3.584605687,4.667107001,2.5,0.934514187,0.343729356,-0.5907848307938537,19.77584290477955,0.8221048606647727,14900,642.1029950441716,1.5573825503355705,200.0,1.3605442176870763,-0.25750107,-200.0,-1.3605442176870763,0.25750107,0.8622078992252087,2.927381086,7.009835379,681.4825227,59.21985086,23205,10.052123051675276,61.52984271,9.786683904,0.017237664,-0.45979749893501054,-0.5587354709692453,0.7274987567732412,0.9498280059580168,-1.8484540456050704,-0.46014172002437237,0.626709932019014,-1.758955095772961,2.9093406150795635,-1.8721610631581949,-1.5031574133267822,-1.4194090703391358,0.2983225395603317,-0.7134930212664308,0.6380607379695415,0.6777627166540634,0.5487132070969107,-0.6380607379695415,-0.6777627166540634,-0.5487132070969107,3.1443843596165135,-0.2597042943400452,-0.32489693610616405
Hunedoara,2012,2.7415568,2.176107153,1.266940452,0.884468108,0.235156203,-0.6493119048705412,16.317942030703573,,43500,1437.018929007961,0.6958850574712644,,,,,,,0.3213904392719587,1.222652423,8.563667015,925.7147062,25.24582733,30271,10.317945437479338,18.29143405,73.25162697,1.608800502,-0.511880098317985,-0.7773761331991548,,0.3540510825080254,-1.0138025421651815,0.8970230373529613,-2.474258790655664,-1.4670283305342586,-0.9292947240797838,1.4084837475498615,-1.2996936966207322,0.009884248214143692,1.9095318866925592,-0.9363157333762193,,,,,,,1.313286191019666,-0.2709210154111368,-0.3445278561654214
Hunedoara,2013,3.385987887,4.159313246,1.990082645,1.081608038,0.192127744,-0.8894802944535567,17.068383931309413,0.7504419006058392,41100,1417.6813493842917,0.7053771289537712,-2400.0,-5.517241379310345,-1.1494985599999978,2400.0,5.517241379310345,1.1494985599999978,0.4598063992283552,1.513137516,8.542677138,1128.876387,25.32153165,28991,10.274740715974103,21.07205685,70.51843676,2.086854541,-0.3067179716990821,-0.7299262148560278,0.698956611441688,0.5065332800804331,-1.0250774010296642,2.0259646423454223,-2.4673489017435055,-1.5144758566480265,-0.6824355709392432,1.2671990343533213,-1.2385797718425517,-0.11005644984627137,1.8703366866602635,-0.9338606489113301,0.24571374519408518,0.20630260330165648,0.274114277924145,-0.24571374519408518,-0.20630260330165648,-0.274114277924145,1.6253045980199505,-0.31694931733028175,-0.3523077558511387
Hunedoara,2014,3.707828004,4.58766375,2.023622047,0.907244219,0.20964209,-0.697602128228669,18.933460871644648,1.865076940335236,39800,1348.9239112014911,0.7413316582914573,-1300.0,-3.1630170316301665,-0.3983491600000022,1300.0,3.1630170316301665,0.3983491600000022,0.2577319278552912,1.288784562,9.148180926,1110.016221,25.3197832,29505,10.29231501949127,21.51838671,70.11354008,0.860871039,-0.48817716117649274,-0.6119986998130765,1.142896901787427,0.2839234056269817,-0.6998268170643703,1.9211612857743332,-2.4675084909884584,-1.4951757154594991,-0.6428111345500513,1.2462690196405763,-1.3953082113245117,-0.17502432796232953,1.7309727333770715,-0.9245611607456505,0.4117067036760091,0.3676805442335231,0.5053535170488703,-0.4117067036760091,-0.3676805442335231,-0.5053535170488703,1.3843206267258088,-0.280175842760939,-0.34914101788032403
Hunedoara,2015,3.569479401,3.308272752,1.43231441,1.14926863,0.327836244,-0.8214323865373494,10.131032278683286,-8.802428592961363,34900,1104.9199012220604,0.9050429799426934,-4900.0,-12.311557788944729,-2.567119039999998,4900.0,12.311557788944729,2.567119039999998,0.3494293573704932,1.322341094,9.122602675,958.4868878,25.43519635,31586,10.36046926343,23.89982904,68.808966,0.725004749,-0.23630407359627806,-1.1685701247562068,-3.10579018853245,0.3849393980647295,-0.7135663530333196,1.0791335571563019,-2.456974190627498,-1.4203285655095759,-0.43139057192040037,1.1788326684996722,-1.4126772147206954,-0.4199032531690103,1.2364027734364864,-0.8822179142527068,-0.13154297862846917,-0.25943584397369346,-0.16229621666299018,0.13154297862846917,0.25943584397369346,0.16229621666299018,1.4203646644799046,-0.30390792726237387,-0.3277705416204556
Hunedoara,2016,3.748741309,2.408598461,1.649890591,1.866317485,0.413901055,-1.452416429614244,8.116365568544103,-2.014666710139183,30200,999.4704792163092,1.0005298013245034,-4700.0,-13.467048710601714,-2.2188577600000023,4700.0,13.467048710601714,2.2188577600000023,0.1468283316193985,1.264579139,8.418353611,1260.069888,25.65400886,30216,10.316126864392293,27.60788986,67.51059042,1.512443738,0.509923582979685,-1.2959560966849397,-0.4023393964333767,0.1617494592261539,-1.091858650889285,2.7549889396454867,-2.4370021449544037,-1.469025491747921,-0.10219498529900807,1.1117167316832253,-1.3120118438312085,-0.6547871202039898,1.0226681039876582,-0.8575206485180181,-0.10136244072266481,-0.33864271560689824,-0.05508495695380002,0.10136244072266481,0.33864271560689824,0.05508495695380002,1.3583208845454826,-0.4248360980817363,-0.3122093151296297
Hunedoara,2017,4.092899555,4.185943682,1.461206897,2.092508895,0.480815463,-1.6116934320607752,7.963455376014182,-0.1529101925299203,30400,1131.3732787495348,0.8838815789473684,200.0,0.6622516556291425,0.318232260000002,-200.0,-0.6622516556291425,-0.318232260000002,0.1919020350533277,1.569014951,8.418757686,905.4878926,25.67313889,26870,10.198765701609537,30.08559732,63.96724972,1.726832899,0.7453193787402301,-1.3056245015854646,0.3391667464034593,0.2114036851875069,-1.0916415991840438,0.7846254074478076,-2.435256057251796,-1.5979117949544412,0.1177718384304097,0.9285535282129741,-1.284604559319988,-0.6447920620322886,1.2900209326837835,-0.887691221837322,0.6380607379695415,0.6298959889379944,0.7259511003415112,-0.6380607379695415,-0.6298959889379944,-0.7259511003415112,1.6853241607310805,-0.45536155553312685,-0.3001106391865949
Hunedoara,2018,4.172535656,6.809773419,2.666666667,2.047585735,0.432311768,-1.6152739677574024,6.812251064414229,-1.1512043115999528,30900,1137.2837688627162,0.8792880258899677,500.0,1.6447368421052655,0.538869309999999,-500.0,-1.6447368421052655,-0.538869309999999,0.1970625423620443,1.538659381,9.184618915,1077.949511,25.51061616,27170,10.209868702420394,29.16083916,65.29996319,1.236658079,0.6985681648180116,-1.3784143478581399,-0.05843692230767958,0.21708861845148497,-0.6802538970667653,1.7429709749259705,-2.450090270279543,-1.5857184535195123,0.03567331854579777,0.9974444673408865,-1.3472679919735462,-0.6198044166030354,1.3020008622708086,-0.8888793250633303,0.6833315448282481,0.6972436215227191,0.7938735982689855,-0.6833315448282481,-0.6972436215227191,-0.7938735982689855,1.6527183684779627,-0.4560477656474669,-0.3088805066244836
Hunedoara,2019,4.152672768,6.039779646,2.280991736,1.991944049,0.569126871,-1.4228171780124643,6.932685634975712,0.1204345705614828,30700,1166.5020138308382,0.8572638436482085,-200.0,-0.6472491909385147,-0.1201923100000001,200.0,0.6472491909385147,0.1201923100000001,0.5761333298062438,1.99165096,9.433462072,927.5625621,25.51601815,26318,10.178008394710085,28.64579375,65.52549586,1.83904552,0.6406622569259814,-1.3707993539002887,0.448035343895913,0.634681696035913,-0.5465860592529791,0.9072913192323303,-2.4495972052760586,-1.6207075178951358,-0.010051572202246966,1.0091027553300715,-1.2702594160527088,-0.6297994747747366,1.3612231113012097,-0.8945757873975301,0.577699662157933,0.540132007660738,0.5909833243166804,-0.577699662157933,-0.540132007660738,-0.5909833243166804,2.1392896737535954,-0.4191633978080955,-0.28414320945957516
Hunedoara,2020,3.912050257,4.196714627,1.843195266,1.666148128,0.421654194,-1.244493933092076,7.097399003873823,0.164713368898111,29300,1029.6598256958112,0.9711945392491468,-1400.0,-4.56026058631922,-0.7241713800000014,1400.0,4.56026058631922,0.7241713800000014,1.0564192661250904,2.43421221,8.990982056,1082.009306,25.90283094,28456,10.256114313628292,30.76679786,60.32822603,1.187798707,0.3016087531729665,-1.360384642384411,0.4656708406182261,1.1637757040974797,-0.7842672867682268,1.765530699108171,-2.414290984855585,-1.5349314152286166,0.17824771039092108,0.7404442570484676,-1.3535141226230503,-0.6997648819766454,1.0838586716355356,-0.8651080909774844,0.39661643472310687,0.2719019545429396,0.40505005911795927,-0.39661643472310687,-0.2719019545429396,-0.40505005911795927,2.6146574621621204,-0.38498772560307293,-0.3108074837586893
Hunedoara,2021,3.936449638,4.471427838,2.164483261,2.867052611,0.592891234,-2.2741613765240483,9.52046619391982,2.4230671900459964,15200,495.2107903824852,2.0193421052631577,-14100.0,-48.12286689419796,-7.551318399999998,14100.0,48.12286689419796,7.551318399999998,1.1960290056644107,2.42626681,8.1078446,1032.734943,26.25767172,30694,10.33182247473504,29.27282205,63.45539845,2.238222454,1.5513815292840984,-1.2071757927522506,1.3651349838836304,1.317572996650832,-1.2586507323852905,1.4917198198559791,-2.38190299997832,-1.4517885357934952,0.04561497672094844,0.9020947915993833,-1.2192290572909859,-1.404416483081584,0.0005877942123406581,-0.594009120539387,-1.5198477222954692,-2.714238136361451,-1.6966680309150548,1.5198477222954692,2.714238136361451,1.6966680309150548,2.606123079122437,-0.5823236199932005,-0.2798464169522029
Hunedoara,2022,3.777532014,3.784524925,1.580265096,4.250384714,0.86315505,-3.387229664633748,7.972943800820322,-1.5475223930994977,15100,500.6133342174187,1.9975496688741723,-100.0,-0.6578947368421018,-0.0804465600000003,100.0,0.6578947368421018,0.0804465600000003,1.198183967874089,2.550756982,8.776425962,794.853479,26.27636238,30163,10.314371286671152,28.47859961,63.71382157,2.251102344,2.9910054353678595,-1.305024555098078,-0.21628371331910168,1.3199469524686493,-0.8995175894910443,0.16984514000190162,-2.3801970156395806,-1.4709534713035468,-0.024894795026450537,0.9154532604900485,-1.2175825057206702,-1.4094140121674346,0.01153817116821758,-0.5996456427810584,0.5927899311108351,0.5394022742010915,0.6032189421424307,-0.5927899311108351,-0.5394022742010915,-0.6032189421424307,2.739841559315262,-0.7956432967029046,-0.23098049365341233
Ialomita,2012,2.785634996,3.26537359,1.67545904,0.373254611,0.164005814,-0.2092487968194183,63.25453018120725,,45600,145.15220290750048,6.889320175438597,,,,,,,-0.6471892565696558,-0.851123824,12.58111267,697.8335813,56.10808865,314153,12.657635407363722,32.97724357,30.42657559,27.04414728,-1.0438963580417564,2.1903916223704516,,-0.712958535403586,1.144196418755575,-0.3692811292548862,0.3426847774155186,1.1024246615596327,0.3744874722290749,-0.8052389124074191,1.9519342426583692,0.11483235901700688,-0.7089434204548096,0.6655902752798709,,,,,,,-0.9142166194738442,-0.18658286568201504,-0.357392432352539
Ialomita,2013,4.500227579,6.112523037,2.33323259,0.69390332,0.238884749,-0.4550185704454063,61.775577971305054,-1.4789522099021897,43500,138.4050016704052,7.2251724137931035,-2100.0,-4.605263157894735,-1.5365528399999988,2100.0,4.605263157894735,1.5365528399999988,-0.7134742572305004,-0.851272497,12.89429932,599.7952604,56.0695481,314295,12.658087314291318,32.15577722,27.96799185,20.00222721,-0.7101995213022602,2.096878504917132,-0.188973368719614,-0.7859796131032823,1.312426812720731,-0.9140666365994975,0.3391670003703845,1.1029209468034922,0.30155903062439154,-0.9323286031668401,1.0517025986539186,0.009884248214143692,-0.7226192737566574,0.7524570476595343,0.29098455205279167,0.2688171073640155,0.154960701808436,-0.29098455205279167,-0.2688171073640155,-0.154960701808436,-0.914376313426277,-0.2336846735539736,-0.3438537043475843
Ialomita,2014,4.507191876,6.584640753,2.574687594,0.476556848,0.149282868,-0.3272739799960956,63.10861423220974,1.3330362609046844,42600,134.55336809821765,7.431995305164319,-900.0,-2.0689655172413834,-0.056412299999998,900.0,2.0689655172413834,0.056412299999998,-0.9848412172746542,-0.894459516,12.2383728,837.839228,56.00682683,316603,12.665403902063245,33.09223223,26.05092182,15.79738663,-0.9363904528331572,2.181165458613734,0.9309940947848006,-1.0849236830581583,0.960091306492118,0.4087110534791401,0.3334421354204124,1.1109560405913343,0.38469597775825565,-1.0314262394657177,0.5141602081578521,-0.03509351355851196,-0.7304261219378131,0.8059509207856181,0.47206777948761774,0.44267585249266506,0.6106178217732023,-0.47206777948761774,-0.44267585249266506,-0.6106178217732023,-0.9607647347125666,-0.20920240680793295,-0.36005446221882426
Ialomita,2015,5.042748062,5.273523661,2.194014952,0.547214735,0.343464568,-0.2037501673662089,58.05875892366831,-5.049855308541432,37400,116.7928800062456,8.56216577540107,-5200.0,-12.20657276995305,-3.2782136100000017,5200.0,12.20657276995305,3.2782136100000017,-0.964224975816146,-0.882657748,12.79813309,644.1746766,55.91898555,320225,12.676779152699337,32.59551878,27.94753689,15.32953392,-0.8628572910869898,1.861866627030032,-1.6112036969454924,-1.0622123584084069,1.2607704513814348,-0.6674563055756144,0.3254244491549285,1.1234483674205038,0.34059856849421716,-0.933385965785246,0.45435041053326225,-0.2949650260227446,-0.7664247265710415,1.098264771273182,-0.17681378548717566,-0.252239305457615,-0.3812046885495757,0.17681378548717566,0.252239305457615,0.3812046885495757,-0.9480881157056597,-0.18552905265918865,-0.3249448119568419
Ialomita,2016,5.210357612,5.717397047,2.496466985,1.140277802,0.200877955,-0.9393998475690812,54.46370295162812,-3.5950559720401927,32800,102.46605811824833,9.759329268292683,-4600.0,-12.299465240641716,-4.210847829999999,4600.0,12.299465240641716,4.210847829999999,-0.915900128579438,-0.86708394,12.46119995,679.2813636,55.91301577,320106,12.67640746992474,32.35678182,23.65279001,16.9328285,-0.24566076451396665,1.6345537435482291,-1.0317817186108238,-1.0089765978333591,1.0797844646475905,-0.47237325934523533,0.32487955929091505,1.123040184528928,0.3194038908957502,-1.1553910347967202,0.6593139007787323,-0.5248513639718735,-0.7954636580534382,1.407906086000668,-0.08627217176976264,-0.2586069210430126,-0.6683135212458173,0.08627217176976264,0.2586069210430126,0.6683135212458173,-0.9313598398657414,-0.32651640593198944,-0.35072564565265685
Ialomita,2017,5.994878808,8.36744777,3.117834889,0.937945299,0.342710782,-0.5952345163869865,50.8437270726339,-3.619975878994218,32900,103.72299340145211,9.641063829787234,100.0,0.304878048780477,0.3653478800000016,-100.0,-0.304878048780477,-0.3653478800000016,-0.8292787228231759,-0.839500547,12.07400894,684.3665138,55.82047202,317191,12.667259395074224,31.58097172,26.800256,14.21761651,-0.45622676501729215,1.4056651917180398,-1.041706896210879,-0.9135524696426008,0.8718021124238725,-0.44411577690164755,0.31643265649838503,1.1129937473517322,0.25052873663754655,-0.9926914802373562,0.31220406009883156,-0.5198538348860229,-0.7929159850348086,1.3773172265148188,0.6229704690166394,0.6053986563564749,0.7404555120067401,-0.6229704690166394,-0.6053986563564749,-0.7404555120067401,-0.9017317227921993,-0.2605570771408192,-0.3250811026723541
Ialomita,2018,5.849102798,9.254638318,2.673286355,1.309012613,0.452649221,-0.8563633916883816,54.050299751425655,3.2065726787917583,33300,105.5621421823784,9.473093093093093,400.0,1.2158054711246091,0.4111746799999949,-400.0,-1.2158054711246091,-0.4111746799999949,-0.8596437578846343,-0.849185175,12.50286255,588.8901341,55.57494126,315454,12.661768150016549,31.46354144,26.68851877,14.35042827,-0.07005964372936126,1.6084145473272315,1.6771919727305964,-0.9470032890206044,1.1021638208928608,-0.974664928262024,0.2940219106371478,1.1069632491979702,0.2401034680704267,-0.9984674274934843,0.3291825755973645,-0.49986371854262035,-0.7891882276959675,1.3338723001914372,0.668241275875346,0.6678411299895101,0.7545631640444298,-0.668241275875346,-0.6678411299895101,-0.7545631640444298,-0.9121342607322455,-0.3106024587709643,-0.3052033276624624
Ialomita,2019,5.312783474,7.441679585,2.72787642,1.022919599,0.533158094,-0.489761504745727,51.52390362544654,-2.526396125979112,33100,105.1467925463313,9.510513595166163,-200.0,-0.6006006006005982,-0.8131377499999957,200.0,0.6006006006005982,0.8131377499999957,-0.7264602146591443,-0.838192831,13.35538025,474.9335733,55.27003842,314798,12.65968644226505,33.33820418,35.65524559,15.69037923,-0.367794613824215,1.4486722810927328,-0.606152570565769,-0.8002852417816886,1.5600996509586327,-1.607905912203386,0.2661919961302659,1.1046771128809358,0.4065329659586426,-0.5349572691297074,0.5004804948601915,-0.5098587767143216,-0.790030096863931,1.3435509560546237,0.577699662157933,0.5433296865325605,0.3776620112722343,-0.577699662157933,-0.5433296865325605,-0.3776620112722343,-0.9003270673625012,-0.24034316126048927,-0.29064666050991217
Ialomita,2020,1.626327442,2.376887778,1.364427039,0.860980009,0.263950076,-0.5970299331954928,49.53514024582414,-1.988763379622405,31900,100.5367211161782,9.946614420062696,-1200.0,-3.625377643504535,-0.9374496200000024,1200.0,3.625377643504535,0.9374496200000024,-0.735435088607285,-0.838409214,13.78445892,484.5277704,55.16611413,317297,12.667593522751929,32.17049011,40.10942429,13.84223614,-0.5363239963201569,1.3229241586988456,-0.39202253785576374,-0.8101721688598879,1.790582251976732,-1.5545922743655953,0.25670633799114057,1.113360687148146,0.30286521698150953,-0.3047108128628974,0.26421582901229246,-0.5698291257445292,-0.7993742172442734,1.456346604749642,0.42679697262891125,0.33598653699678377,0.339392950239937,-0.42679697262891125,-0.33598653699678377,-0.339392950239937,-0.9005594905765969,-0.26090116899685456,-0.3393216868368084
Ialomita,2021,4.982596374,8.393584526,2.641364474,1.325245935,0.465110352,-0.8601355828533565,42.61672095548317,-6.918419290340964,17500,51.318745124719214,19.486057142857142,-14400.0,-45.14106583072101,-12.32386514,14400.0,45.14106583072101,12.32386514,-0.726441444415279,-0.857799572,12.21234512,693.3659535,55.73076205,341006,12.739655351418776,32.28447593,33.50527557,17.17623737,-0.05316574068491229,0.885477328870752,-2.3554211376703615,-0.8002645640503456,0.9461103566004191,-0.3941071243893037,0.308244406118314,1.1924991557773623,0.3129846920125095,-0.6460940266614342,0.6904310343200344,-1.2894733141070194,-0.8991337761814586,3.9236834421928206,-1.5651185291541756,-2.5098409146750273,-3.1658831788533948,1.5651185291541756,2.5098409146750273,3.1658831788533948,-0.9213872327228186,-0.31132539967979767,-0.3029502525720767
Ialomita,2022,4.587576588,4.584299778,2.476130696,2.02551506,0.733043545,-1.2924715141850356,43.24981975486663,0.633098799383454,17800,52.13229888794192,19.18196629213483,300.0,1.7142857142857126,-0.104490590000001,-300.0,-1.7142857142857126,0.104490590000001,-0.7522830519493681,-0.858459353,13.34660797,285.1792133,56.16938126,341439,12.740924318318978,29.39763765,34.42108254,17.26399152,0.6755993699172795,0.9255077247076916,0.6522208382334619,-0.8287322718698982,1.5553875595576343,-2.6623448737691993,0.3482792418560719,1.1938927381923665,0.05669590194199203,-0.5987539166952704,0.701649432418483,-1.2744807268494676,-0.8974847899532384,3.845031619469071,0.6531510069224438,0.7020110744622291,0.5958170548445213,-0.6531510069224438,-0.7020110744622291,-0.5958170548445213,-0.9220959225026037,-0.39418263502363055,-0.25450572510215425
Iasi,2012,2.235399735,1.367109585,1.078137622,0.933576687,11.31746953,10.383892842960565,43.15035932999636,,96000,563.9097744360903,1.7733333333333334,,,,,,,-0.6894820219887488,-0.693470773,10.4815979,551.2248422,53.94122905,170240,12.044964485135417,18.64779135,59.19349154,15.99741541,-0.4607731485342837,0.9192189113636381,,-0.759549216236556,0.016427412979744812,-1.1839657911149735,0.14490532276558626,0.42958802313687855,-0.8976579046976477,0.6817872940653193,0.5397316766888213,2.633587018285723,0.13983326724458525,-0.6576382572672823,,,,,,,-0.7448769355550051,1.8435940552467207,1.6592456456871045
Iasi,2013,3.062240664,4.299331531,2.010312327,0.883893827,14.6779371,13.794043274836092,46.13188923864909,2.981529908652732,91400,557.6911342973946,1.7931072210065646,-4600.0,-4.791666666666671,-1.457420660000004,4600.0,4.791666666666671,1.457420660000004,-0.4122319078637747,-0.619409689,10.39311727,663.8051913,53.96430806,163890,12.006950750057873,19.55763012,57.32259442,16.50802367,-0.5124777484806732,1.1077389694640052,1.5875612423527112,-0.45412412875174246,-0.031100574701675727,-0.5583722269000547,0.14701185242337353,0.3878412504478097,-0.8168839039030663,0.5850764387240687,0.6050072987880155,2.4037006803365943,0.12722875060349023,-0.6525238241821035,-0.08627217176976264,0.2560394744855976,0.17932132180424473,0.08627217176976264,-0.2560394744855976,-0.17932132180424473,-0.6653257915987324,2.497149812274496,2.2668458526037902
Iasi,2014,3.175624822,4.779734877,1.945656727,0.848628083,23.9855037,23.136875618595305,44.02299468113684,-2.108894557512258,87500,480.6477483712908,2.0805257142857143,-3900.0,-4.266958424507661,-0.7638521899999979,3900.0,4.266958424507661,0.7638521899999979,-0.4527801324999147,-0.6671273,10.20750427,749.3165118,54.03991354,182046,12.112014681376474,21.16552959,54.07699153,14.42437626,-0.549178558082451,0.97439503641944,-0.4398687548605193,-0.4987929834280817,-0.13080389256357833,-0.08319754321878726,0.15391271974442486,0.5032227053253825,-0.6741372136654246,0.41730396837576017,0.3386360087444018,2.20879704598842,-0.02892993012627422,-0.5781842367620197,0.019359710900552572,0.2920073021877617,0.3928344328893394,-0.019359710900552572,-0.2920073021877617,-0.3928344328893394,-0.7165806522744202,4.2877048001525235,3.9497305328600074
Iasi,2015,3.012623389,2.889015062,1.652273495,1.265477143,14.025705,12.760227861211808,45.71607254534084,1.6930778642040067,76200,424.3895918731064,2.3563254593175853,-11300.0,-12.914285714285713,-3.7471953600000014,11300.0,12.914285714285713,3.7471953600000014,-0.3654286651545386,-0.616007946,11.32427216,491.4450107,54.03761616,179552,12.0982201385507,21.04515683,53.95038763,14.83302887,-0.11536669851300367,1.0814471697560508,1.074392577882955,-0.4025646026388053,0.4690757705776687,-1.516154118431612,0.15370302707973907,0.48807350616033035,-0.6848237108036878,0.41075952970639174,0.3908777279445757,1.6440762592872988,-0.14295917992419238,-0.5068497898295441,-1.0973201916142084,-0.30075178382008466,-0.5255794068591194,1.0973201916142084,0.30075178382008466,0.5255794068591194,-0.6616718814413379,2.29901895887792,2.1489169184115453
Iasi,2016,3.6110823,3.63445558,1.568549796,2.002034173,9.533766131,7.531731958061259,43.52319527546818,-2.1928772698726604,65200,362.8854962681791,2.75569018404908,-11000.0,-14.435695538057749,-3.854725949999999,11000.0,14.435695538057749,3.854725949999999,-0.4139409454867552,-0.612299965,10.94669342,747.0411757,53.91342021,179671,12.098882679670577,21.46478842,55.92610939,14.33453368,0.651162977392345,0.9427930683419975,-0.4733176492343684,-0.4560068438126941,0.26625671624356195,-0.09584127395834492,0.14236707930502843,0.48880111036634394,-0.647569503243274,0.5128890050705536,0.327150627954642,1.0943480598437298,-0.26762138568906896,-0.4035557793156131,-1.0520493847555017,-0.40504175300495837,-0.5586823978409831,1.0520493847555017,0.40504175300495837,0.5586823978409831,-0.6576890322257076,1.2969770647258128,1.3367373840435033
Iasi,2017,4.398003523,5.333768442,2.59316272,2.168761112,13.09036125,10.92160013965076,39.897704849932495,-3.625490425535688,65600,381.1582329597285,2.6235823170731707,400.0,0.6134969325153339,-0.4098216299999997,-400.0,-0.6134969325153339,0.4098216299999997,-0.4001704448802637,-0.582687147,10.56526184,576.8536987,53.76837027,172107,12.055871655399194,19.79001435,52.96995474,15.21146728,0.8246745200306124,0.7135558355774408,-1.0439032468597333,-0.44083694436748955,0.06136808202447265,-1.0415497494810462,0.12912768990010096,0.441566303007406,-0.7962532113039058,0.3600787614359297,0.4392568956434688,1.1143381761871325,-0.23058450808076142,-0.43772492484932835,0.668241275875346,0.6265539383664069,0.5018217492891135,-0.668241275875346,-0.6265539383664069,-0.5018217492891135,-0.6258810512937935,1.9466457259480754,1.9797990667435916
Iasi,2018,4.155672208,6.504799225,2.352070774,2.832182264,13.50279509,10.670612827940648,40.991285951745326,1.0935811018128303,66500,390.9419054449683,2.557924812030075,900.0,1.3719512195121908,-0.0582740299999997,-900.0,-1.3719512195121908,0.0582740299999997,-0.3668780264882607,-0.571801261,10.5601209,574.3454327,53.5501258,170102,12.044153536104366,20.15849314,53.40795523,15.01804799,1.5150922065352312,0.7827022064566709,0.8356231535681754,-0.4041612523409931,0.05860659023818068,-1.0554878397382126,0.10920749190621043,0.4286974370160295,-0.7635402658264929,0.3827199861056149,0.4145303773518639,1.159315937959788,-0.2107540532062503,-0.45470696306214187,0.7436926206398567,0.6785446465786931,0.6100446934066536,-0.7436926206398567,-0.6785446465786931,-0.6100446934066536,-0.6141882075288064,1.8985439762493526,2.054370501016782
Iasi,2019,4.080043312,5.482661092,3.021991135,2.829054389,16.44101135,13.61195696014283,38.714124577014665,-2.2771613747306603,65700,356.10335127400447,2.808173515981735,-800.0,-1.2030075187969946,-0.4365470900000012,800.0,1.2030075187969946,0.4365470900000012,-0.3471650771331875,-0.616636766,11.37377548,548.1356421,53.21114305,184497,12.125388482167919,19.52226865,52.89191694,19.07673296,1.5118370492122164,0.6387188798355669,-0.5068865831441395,-0.38244501499927297,0.49566682427099623,-1.2011320525147797,0.07826694392112842,0.5179098446051841,-0.8200232374861773,0.35604481306631053,0.9333883886214033,1.119335705272983,-0.2813680662389622,-0.38998118570546725,0.4871580484405199,0.5020357511616855,0.4935943912753034,-0.4871580484405199,-0.5020357511616855,-0.4935943912753034,-0.6623473151190651,2.462252947276578,2.585624194246731
Iasi,2020,3.042485621,2.312444999,1.824843337,2.791071648,8.86179675,6.070725101563461,37.79885755641138,-0.9152670206032808,63100,331.7752341092282,3.0140887480190175,-2600.0,-3.95738203957382,-0.853391079999998,2600.0,3.95738203957382,0.853391079999998,-0.1996394997578092,-0.599057776,11.70813497,559.7982812,53.12230346,190189,12.15577359356189,21.02645263,51.38362366,18.87858919,1.4723086801072107,0.5808471840324377,0.03553291152589368,-0.2199274538493718,0.6752703569525085,-1.136324366084171,0.07015813721232116,0.551278844939105,-0.6864842391472555,0.2780777609740709,0.9080578977832218,0.9893999490408667,-0.3306785506552942,-0.33672207485801336,0.21553320728828082,0.313228219221851,0.3652701363650094,-0.21553320728828082,-0.313228219221851,-0.3652701363650094,-0.6434652155254934,1.0169749178422112,1.2152397869286835
Iasi,2021,4.661855627,5.935783253,2.267676317,4.566565631,15.2272101,10.660644470801536,34.17049968638929,-3.628357870022093,31100,141.4491488035949,7.06967845659164,-32000.0,-50.71315372424723,-9.89965891,32000.0,50.71315372424723,9.89965891,-0.520402566992104,-0.715252564,9.897263845,621.3858865,54.42899331,219867,12.300778097068667,21.99557005,48.565269,20.39141845,3.320052672667958,0.35142864475151625,-1.0450453015166135,-0.5732874089250649,-0.29745170121591813,-0.7940904876222632,0.18942585807877815,0.7105231295230964,-0.6004475765711789,0.13239070693466976,1.1014563968133075,-0.6098093584313341,-0.7164491139882102,0.7122391880055065,-4.221005864864958,-2.8917977455245234,-2.419598080167804,4.221005864864958,2.8917977455245234,2.419598080167804,-0.7682733847815172,1.8966335393561646,2.3661589337455764
Iasi,2022,2.561484091,1.613215036,1.287132713,7.783768638,16.82843362,9.04466498684506,34.16939752961936,-0.0011021567699316,31400,146.01798718389898,6.848471337579618,300.0,0.9646302250803762,-0.2142320899999994,-300.0,-0.9646302250803762,0.2142320899999994,-0.455357801258535,-0.684757816,11.03528468,400.5041055,55.70532993,215042,12.278588636868909,19.53990383,49.79259866,21.8720064,6.668173018864943,0.3513589561471188,0.39962932031327203,-0.5016326024796128,0.3138441296012815,-2.0215002598480365,0.3059230970569458,0.6861546124814839,-0.8184576149931585,0.1958341212921021,1.2907332007350083,-0.5948167711737823,-0.7071885685778603,0.6550248947492692,0.6531510069224438,0.6506235083726005,0.5620334414110207,-0.6531510069224438,-0.6506235083726005,-0.5620334414110207,-0.7355180974290088,1.58693086902626,2.655673330717383
Ilfov,2012,2.845598688,1.720362239,1.353972925,0.15305051,1.765419839,1.6123693286777503,9.918133739042236,,35500,835.7660796685187,1.1965070422535211,,,,,,,-1.730256626151939,-0.270122466,12.16868993,705.8983071,56.87445729,42476,10.656694489523737,43.05961013,17.15792447,19.99952915,-1.273061203800623,-1.1820315510347545,,-1.9060904017353173,0.922660666735529,-0.3244665537275305,0.412634843252738,-1.0950133300222629,1.2695835171345926,-1.4911251566707306,1.051357681505573,-0.38991807865390654,0.6908568426347264,-0.8068319573757964,,,,,,,-0.29014632273003843,0.1625304760335431,-0.06784359050810387
Ilfov,2013,4.174243207,4.71637624,1.938429123,0.281937114,1.866973818,1.5850367033987174,5.781601178020615,-4.136532561021621,33600,671.3554987212276,1.4895238095238095,-1900.0,-5.3521126760563416,-0.8275955400000008,1900.0,5.3521126760563416,0.8275955400000008,-1.814336149403268,-0.387789716,12.4554877,667.8275432,56.65159249,50048,10.820737823904983,38.67886829,20.75407609,17.06961317,-1.1389298293534047,-1.4435816218473045,-1.247442688847498,-1.9987143338327553,1.0767160897091084,-0.5360205688907828,0.39229292603545873,-0.9148605568837864,0.8806684076311623,-1.3052320386637795,0.6768003089067228,-0.4848711312850684,0.35761422731965575,-0.7310443998755075,0.32116508995859605,0.21762188565728202,0.37321122111114746,-0.32116508995859605,-0.21762188565728202,-0.37321122111114746,-0.41653610584054124,0.1572921749783107,-0.049481794904281756
Ilfov,2014,4.035599411,5.35187264,1.867486339,0.334382179,1.488000696,1.1536185167475317,6.651691906383596,0.8700907283629808,32500,623.0469873281829,1.6050153846153845,-1100.0,-3.273809523809524,-1.2139144099999974,1100.0,3.273809523809524,1.2139144099999974,-1.8341138392677363,-0.414404861,11.93338816,929.5860561,56.32770012,52163,10.862128710284015,35.16477196,18.78534593,19.64610931,-1.084350622258898,-1.388566391516209,0.7466107165440433,-2.020501890805157,0.7962666794190251,0.9185355979519053,0.3627297479209776,-0.8694049887440136,0.56869267180749,-1.4070001025911631,1.0061768614416795,-0.5398439512294253,0.259698055587636,-0.7011729885238909,0.4418872415818134,0.36008591363842596,0.2542840389043542,-0.4418872415818134,-0.36008591363842596,-0.2542840389043542,-0.44512419984294704,0.07461082551734434,-0.11800325584582046
Ilfov,2015,4.233680687,4.271119134,1.823234506,0.471250471,0.962000962,0.4907504907504907,6.841227948326156,0.18953604194256,28500,533.3183629933195,1.8750526315789473,-4000.0,-12.307692307692308,-2.762836670000002,4000.0,12.307692307692308,2.762836670000002,-1.8810738292838545,-0.419286862,12.66590319,637.1400662,55.9089268,53439,10.886296095460594,34.65820842,20.73392092,21.64898295,-0.9419127617330418,-1.3765821596842798,0.4755572915961043,-2.07223409334807,1.1897422381067846,-0.706546671062848,0.324506339790824,-0.8428643098710282,0.5237207876323782,-1.3062739044667737,1.262222117813125,-0.7397451146634505,0.07782775703574688,-0.6313289875401767,0.0042694419476504,-0.2591708720283302,-0.22254734093267048,-0.0042694419476504,0.2591708720283302,0.22254734093267048,-0.4503680977630162,-0.052427914618743604,-0.2131083388615515
Ilfov,2016,4.157341896,4.314430695,1.919450075,0.55746978,1.28186554,0.7243957594502152,4.144767480540217,-2.696460467785939,24800,460.5214291019832,2.1714516129032257,-3700.0,-12.982456140350871,-2.928727799999999,3700.0,12.982456140350871,2.928727799999999,-1.927696025017532,-0.415932181,12.16837993,738.6068399,55.60712549,53852,10.893994822099126,34.11943846,20.85902102,21.07071232,-0.8521849385058939,-1.5470774757222303,-0.6738863225008497,-2.1235941739584385,0.9224941480728432,-0.1427097215789923,0.2969595164966726,-0.8344095502869341,0.4758896700629029,-1.2998072005818075,1.1882966096066123,-0.9246536908399237,-0.06972382083164412,-0.5546666345649292,0.04954024880635692,-0.3054247467013342,-0.27361646070929596,-0.04954024880635692,0.3054247467013342,0.27361646070929596,-0.4467647382556348,-0.007649769633208822,-0.1552741893779668
Ilfov,2017,4.579034029,6.180584551,2.482333536,0.633552577,1.63132137,0.9977687930976435,3.099510603588908,-1.04525687695131,24900,455.5850333912725,2.194979919678715,100.0,0.4032258064516236,-0.3178583599999989,-100.0,-0.4032258064516236,0.3178583599999989,-1.959215084705604,-0.423918249,11.69161425,810.3997115,55.31453873,54655,10.908795980727936,33.33638276,19.2809441,21.07583936,-0.7730061114076278,-1.6131683395437881,-0.016239850420612933,-2.1583162933453006,0.666396136949236,0.25623342248226555,0.2702537484669441,-0.8181548832948234,0.40637126326429907,-1.381381525057483,1.1889520449995448,-0.919656161754073,-0.0797293655319254,-0.5485811367306466,0.6229704690166394,0.6121402222755747,0.5301323844067373,-0.6229704690166394,-0.6121402222755747,-0.5301323844067373,-0.455342803965726,0.044742206476232775,-0.09208969787690993
Ilfov,2018,4.272499722,7.616979728,2.166389043,0.736143446,1.241868009,0.5057245626529892,2.7304391093419578,-0.3690714942469495,25200,455.2845528455284,2.1964285714285716,300.0,1.2048192771084263,-0.4298273200000011,-300.0,-1.2048192771084263,0.4298273200000011,-1.9449573514767493,-0.429910585,12.30715139,649.0636099,54.9946086,55350,10.921431938136783,32.48057814,19.42908762,19.52303523,-0.6662405218301064,-1.6365044728948919,0.2530733547323451,-2.14260964726329,0.9970362059380802,-0.6402891735423031,0.24105222261013154,-0.8042780453419144,0.3303943261022495,-1.373723655269077,0.9904432006969709,-0.9046635744965211,-0.08033840737301681,-0.5482064490333761,0.6531510069224438,0.6670880457005142,0.495663053650449,-0.6531510069224438,-0.6670880457005142,-0.495663053650449,-0.46177934469702764,-0.049558131864719066,-0.16250607232446898
Ilfov,2019,4.599213012,6.297531688,2.645228609,0.769829779,1.58111193,0.8112821514965787,2.7679335207136746,0.0374944113717168,25000,470.9516991937307,2.12336,-200.0,-0.7936507936507908,-0.5051765799999988,200.0,0.7936507936507908,0.5051765799999988,-1.8723344312616204,-0.402640616,13.07589882,579.27344,54.85473935,53084,10.87963084355714,35.90535755,22.59061111,19.85909125,-0.6311833940515151,-1.6341337273961727,0.4150016808226925,-2.062606571953066,1.409974251057823,-1.028103578844282,0.22828569911811833,-0.850184105086134,0.6344406515678106,-1.210297437103026,1.0334042483025838,-0.9146586326682224,-0.04858278195330807,-0.5671053284736052,0.577699662157933,0.5300964351299752,0.4724669949822125,-0.577699662157933,-0.5300964351299752,-0.4724669949822125,-0.43248788537134325,0.009002018275761017,-0.10116797805598957
Ilfov,2020,3.353860547,3.684400065,2.057205941,0.625432712,0.904695691,0.2792629784560248,3.351261894911046,0.583328374197372,24000,462.3742919893654,2.16275,-1000.0,-4.000000000000004,-0.6389761600000003,1000.0,4.000000000000004,0.6389761600000003,-1.8516951273527624,-0.384241301,13.47070794,598.9994899,54.98925057,51906,10.857189669408429,35.00751358,23.53870458,19.19623936,-0.7814563973099227,-1.597250280855476,0.632398119388104,-2.03986984117882,1.6220487242150805,-0.9184886241610203,0.24056317004235223,-0.8748290549746669,0.554731529537113,-1.161288365761276,0.9486659609129974,-0.9646339235267287,-0.0659682664697905,-0.5569172702346626,0.4569775105347156,0.31030683294570005,0.43127716899765023,-0.4569775105347156,-0.31030683294570005,-0.43127716899765023,-0.41272465106246103,-0.09295952281630704,-0.22346960371286403
Ilfov,2021,5.044961108,5.648280756,2.105727257,0.959610625,1.391020589,0.4314099639108972,4.45207375823689,1.100811863325843,12400,193.1975756820342,5.176048387096774,-11600.0,-48.33333333333333,-5.430580010000001,11600.0,48.33333333333333,5.430580010000001,-1.9877958015108463,-0.539931646,12.01691959,739.4148882,54.98175871,64183,11.069493657105214,36.4551361,24.15125501,17.84584703,-0.4336798139452702,-1.5276467139653702,0.8385030436228493,-2.1898014667893952,0.84113616979281,-0.13821950796626153,0.23987935278667308,-0.6416763195941217,0.6832490937872423,-1.1296242644102883,0.776033227907992,-1.5443472974854016,-0.6115606024821267,0.22245971527063516,-1.1425909984729148,-2.7286652408200363,-1.0438046568829418,1.1425909984729148,2.7286652408200363,1.0438046568829418,-0.5799561359229414,-0.06380053401364458,-0.13553805773054817
Ilfov,2022,4.391270215,3.205026231,2.084118735,1.22341699,1.523351478,0.299934487993412,3.907441493557717,-0.5446322646791724,12500,224.82014388489208,4.448,100.0,0.8064516129032251,-0.1401448389999995,-100.0,-0.8064516129032251,0.1401448389999995,-1.9387927707717345,-0.440117528,13.13697895,351.5091362,54.79755772,55600,10.925938480238674,34.36510791,21.25539568,20.41906475,-0.15913840136080537,-1.562083432471088,0.18315046820804917,-2.1358186037065408,1.442783869007192,-2.293758586616607,0.22306646313374967,-0.7993289502751545,0.4976998028070862,-1.2793177081375637,1.1049906706835364,-1.539349768399551,-0.5474650481073268,0.034153054480837206,0.6229704690166394,0.6397806425438775,0.5848409941429842,-0.6229704690166394,-0.6397806425438775,-0.5848409941429842,-0.47274291622598974,-0.08899782542655767,-0.11161154338008564
Maramures,2012,2.390554981,2.705199115,0.989810771,0.730478051,0.223116727,-0.50736132378516,30.6433005548536,,75900,3465.120525931337,0.28859025032938074,,,,,,,0.1551698409393462,1.647700203,7.498170055,973.4216478,42.56373819,21904,9.99442454752823,13.24415632,82.54200146,3.13641344,-0.6721364582156784,0.12840630200092978,,0.17093865729678842,-1.586141667570034,1.1621239707923028,-0.8935717144985663,-1.8223197278516698,-1.377383801855061,1.8887239776318,-1.104405267767803,1.629083672029747,6.0202763192549,-1.041660826434874,,,,,,,1.7698422567541905,-0.243716168781903,-0.3467046925598784
Maramures,2013,2.754218635,3.660915549,1.092375367,0.896569088,0.227212714,-0.6693563739307185,28.720437304774656,-1.92286325007894,71700,3161.793888080434,0.31627615062761505,-4200.0,-5.533596837944666,-1.9017619799999963,4200.0,5.533596837944666,1.9017619799999963,0.3263060611881255,1.949077157,7.725189764,1016.516315,42.64554892,22677,10.029106473960287,12.02099043,82.55501169,3.007452485,-0.49928669427765277,0.0068249988679531595,-0.36577563048198325,0.3594662444044449,-1.4641964470987114,1.4015951277733192,-0.8861044648604666,-1.7842319552025296,-1.485974472893145,1.8893965055105575,-1.1208915004114566,1.4191874504240207,5.40546575469295,-1.0344999844791498,-0.025911095958153947,0.20518146536082946,0.042532090862337654,0.025911095958153947,-0.20518146536082946,-0.042532090862337654,2.093559925439096,-0.2747625404149587,-0.3459641043837134
Maramures,2014,3.194220922,3.872424469,1.336538462,0.700615122,0.320986664,-0.3796284579368582,25.87150837988827,-2.848928924886387,69100,3041.239382069451,0.32881331403762665,-2600.0,-3.6262203626220346,-0.999941640000003,2600.0,3.6262203626220346,0.999941640000003,0.3611061752867653,2.008443725,8.769466331,1001.483225,42.67837872,22721,10.031044885951003,12.03292109,82.45235685,3.204084327,-0.7032145965751133,-0.1733107914471909,-0.7346119310643238,0.39780284861686904,-0.9032560038359149,1.3180583078092065,-0.8831079347944367,-1.782103186624827,-1.4849152883737606,1.884090047301183,-1.0957542928561763,1.2892516941919043,5.161114699915059,-1.0312572997629188,0.21553320728828082,0.3359287700825557,0.3201549568977772,-0.21553320728828082,-0.3359287700825557,-0.3201549568977772,2.157327266424246,-0.219236149057113,-0.32900900208424533
Maramures,2015,3.287731092,2.726338763,0.816380449,0.896562244,0.398472109,-0.49809013563617,18.57353374594754,-7.297974633940729,59900,2591.054589497361,0.3859432387312187,-9200.0,-13.314037626628073,-4.045888309999999,9200.0,13.314037626628073,4.045888309999999,0.8221947813925052,2.708458866,8.299616588,967.1549373,42.70404133,23118,10.048366813854212,12.86876027,81.26135479,3.274504715,-0.4992938167799007,-0.634756641114084,-2.5065916135966018,0.9057486372148724,-1.155639071151579,1.1273007197636913,-0.8807655878280275,-1.763080204925275,-1.4107108503836514,1.8225244878139826,-1.0867518246329506,0.8294790182936466,4.248638405582814,-1.0164808844299733,-0.7804245436032626,-0.32815407475338276,-0.6175311949986285,0.7804245436032626,0.32815407475338276,0.6175311949986285,2.9092336961662353,-0.24193934441291837,-0.31499899560915484
Maramures,2016,3.27399535,3.52681178,1.485915493,1.268783825,0.431323534,-0.8374602914739615,17.69589106545628,-0.8776426804912596,51400,2139.8834304746047,0.46731517509727627,-8500.0,-14.19031719532554,-3.555442,8500.0,14.19031719532554,3.555442,0.772944195603406,2.609261271,7.711151678,1098.981797,42.79550044,24020,10.086642095633975,12.53538718,81.28642798,3.54704413,-0.11192545801356524,-0.6902493761147999,0.05051805004930899,0.8514930618085682,-1.4717371029290178,1.8598445045207321,-0.8724176852234622,-1.721046201036671,-1.440307169121038,1.8238205770671605,-1.0519106729040781,0.40468904599634326,3.334162852238252,-0.995434374485497,-0.6747926609329474,-0.38822149892067037,-0.4665486720066252,0.6747926609329474,0.38822149892067037,0.4665486720066252,2.802682701585045,-0.30697967724926684,-0.30905918746885247
Maramures,2017,3.984096073,6.122900036,2.872941176,1.305591114,0.554080131,-0.7515109828872033,18.40128447732095,0.7053934118646694,51900,2426.2540320695616,0.41215799614643545,500.0,0.9727626459143934,-0.1195750199999992,-500.0,-0.9727626459143934,0.1195750199999992,1.10651297179644,3.626486115,7.522557484,1155.820171,42.81838851,21391,9.970725551801806,14.4032537,78.47225469,3.973633771,-0.07362037346617523,-0.6456478423175306,0.6810145600449843,1.2189600797122497,-1.5730417899460445,2.1756875558089845,-0.8703285835564278,-1.8483460203360063,-1.274481028550383,1.67834966739234,-0.9973759025551869,0.4296766914255964,3.914605349764905,-1.0097005474087501,0.6833315448282481,0.6511809715261347,0.5911733553144014,-0.6833315448282481,-0.6511809715261347,-0.5911733553144014,3.895313211839811,-0.2905074815026004,-0.28686378394719664
Maramures,2018,4.123645457,6.179691653,2.682297773,1.470858022,0.917274696,-0.553583325555273,17.54275581993937,-0.85852865738158,52300,2181.438998957248,0.45841300191204587,400.0,0.7707129094412402,-0.0159181100000012,-400.0,-0.7707129094412402,0.0159181100000012,1.092694164460604,3.199752823,8.409020996,1029.855907,42.77364839,23975,10.084766899751639,15.01147028,78.45672576,3.557872784,0.09837172526801109,-0.6999320109588377,0.05813084227863489,1.2037369644655562,-1.0968717301446589,1.4757214115445674,-0.8744122244783281,-1.7231055455364335,-1.2204845534208417,1.6775469422789278,-1.0505263491832928,0.4496668077689989,3.4183915329123997,-0.9977368842307186,0.668241275875346,0.6373308172407144,0.6230838447568743,-0.668241275875346,-0.6373308172407144,-0.6230838447568743,3.4369466891080322,-0.25257462120553736,-0.22119521603269784
Maramures,2019,3.981952949,4.750243059,3.787254902,1.222394528,0.887536452,-0.3348580754438495,16.99165915238954,-0.5510966675498281,51900,2218.89696451475,0.4506743737957611,-400.0,-0.7648183556405397,-0.518359199999999,400.0,0.7648183556405397,0.518359199999999,1.1701184274859913,3.3115742,8.604613148,962.3849468,42.72280769,23390,10.060063859578225,13.26635314,79.1534844,4.360837965,-0.1602024703107489,-0.7347774691526007,0.18057580584322036,1.2890293091868887,-0.9918080411673269,1.100794536561899,-0.8790526939946824,-1.7502344819786109,-1.3754132044091893,1.713563954289084,-0.947876126263344,0.4296766914255964,3.494314811906017,-0.99973844792552,0.5475191242521287,0.5320728480758038,0.4684087623343924,-0.5475191242521287,-0.5320728480758038,-0.4684087623343924,3.557057251614998,-0.2106558996495967,-0.2265721354141097
Maramures,2020,3.45696452,4.158889609,2.454011742,1.088114242,0.463516943,-0.6245972991097846,16.815988973121986,-0.1756701792675556,50000,2160.76058772688,0.4628,-1900.0,-3.6608863198458574,-0.7840251500000015,1900.0,3.6608863198458574,0.7840251500000015,1.2360074206706266,3.475166055,8.143938654,1123.596659,42.975297,23140,10.049318000747668,13.15471046,80.01728608,4.416594641,-0.2999470113520005,-0.7458849721516184,0.33010182850618597,1.3616141359640288,-1.239262559472366,1.9966259177455241,-0.8560068085867232,-1.7620356092562377,-1.3853246592958932,1.7582157945345862,-0.9407482515358903,0.3347236387944345,3.3764786110112395,-0.9966022055809545,0.32116508995859605,0.3335524796484154,0.3866242436496298,-0.32116508995859605,-0.3335524796484154,-0.3866242436496298,3.732775976001731,-0.2661844581242106,-0.30323835403948735
Maramures,2021,4.535535536,4.734681058,2.714864865,1.847300907,0.816947152,-1.0303537547891444,17.494350438185524,0.6783614650635386,24400,1119.574194732495,0.8931967213114754,-25600.0,-51.2,-11.428707589999998,25600.0,51.2,11.428707589999998,1.274795711765027,3.74076381,7.031726074,1166.374369,43.57126316,21794,9.989389981536831,13.75149124,80.34780215,3.395429935,0.49013316516075683,-0.7029926495102481,0.6702481926836836,1.4043442074674566,-1.8366953060674145,2.234335787023697,-0.801610177575367,-1.827848699987722,-1.3323434358227377,1.7753009092060594,-1.0712928718870982,-0.9446438071833262,1.266105454777765,-0.8852818993465993,-3.255228651879219,-2.925170201980829,-2.8903114340596763,3.255228651879219,2.925170201980829,2.8903114340596763,4.018062176274844,-0.34394773363302267,-0.23933526208999187
Maramures,2022,5.002166065,3.653377137,2.437994723,2.554162376,0.975898668,-1.5782637080111186,16.849352795373175,-0.6449976428123492,24700,1122.9314420803782,0.8905263157894737,300.0,1.2295081967213184,-0.0959153100000005,-300.0,-1.2295081967213184,0.0959153100000005,1.3066486910772783,3.856128811,7.630868808,819.1049741,43.96952108,21996,9.998615897627705,12.59319876,81.64666303,3.446081106,1.2257588813969436,-0.7437754009241118,0.14317663505103712,1.4394341803744144,-1.5148616066355247,0.3046073731841193,-0.7652593063755827,-1.8177167773784744,-1.4351747514193216,1.8424419322646064,-1.0648176795408606,-0.9296512199257743,1.2729102351028638,-0.8859725885311576,0.6531510069224438,0.6687804277434096,0.5984569307766349,-0.6531510069224438,-0.6687804277434096,-0.5984569307766349,4.141979047408766,-0.4489547447354909,-0.21059551918233424
Mehedinti,2012,2.505074015,1.619047619,1.119866667,0.368409717,0.12469252,-0.2437171973655871,54.686870315144674,,50500,570.885947161962,1.7516633663366337,,,,,,,0.0998073451869464,-0.068631128,11.49729411,714.0824456,53.69248957,88459,11.390294446813995,24.28469687,63.48025639,8.478504166,-1.0489384048573518,1.648664460403408,,0.10995006163138743,0.5620157180917775,-0.2789884181987827,0.12220170195678663,-0.2893721427189092,-0.3972226342249899,0.903379754098776,-0.4214780165517991,0.35971128422368764,0.15397322119806262,-0.6632431033144602,,,,,,,-0.07371867180367608,-0.19318873896019134,-0.36450059961539893
Mehedinti,2013,2.899052574,3.08885236,1.596353507,0.504630559,0.172033145,-0.332597413768386,53.60376044568245,-1.083109869462227,47800,425.7214107588172,2.3489539748953976,-2700.0,-5.346534653465351,-1.149666740000001,2700.0,5.346534653465351,1.149666740000001,-0.1191366645793507,-0.304346474,11.31040025,832.0980395,53.8909669,112280,11.628751030475819,37.32009263,50.38920556,7.034200214,-0.9071743409534153,1.5801801782476181,-0.03131605732850922,-0.131243683403481,0.46162437734507406,0.37680805615094376,0.14031766022550657,-0.027498565338638776,0.7600385225796626,0.226674065928658,-0.6061163123896394,0.22477799890572067,-0.14025972587419686,-0.5087563933482215,0.20044293833537866,0.21800424930121107,0.2740625041821481,-0.20044293833537866,-0.21800424930121107,-0.2740625041821481,-0.32690731568510545,-0.21022264355658657,-0.3559410248102877
Mehedinti,2014,3.10434986,3.704799665,1.91308368,0.395760704,0.221160394,-0.1746003107885532,52.52911672192469,-1.0746437237577595,46000,407.19856241203183,2.455804347826087,-1800.0,-3.765690376569042,-0.8204686499999951,1800.0,3.765690376569042,0.8204686499999951,-0.1411902553271479,-0.309591353,11.02753668,1215.40518,53.7238276,112967,11.634851019645607,37.85176202,48.67173599,7.65887383,-1.0204744267173274,1.5122312045841093,-0.027944134637954768,-0.15553842501164508,0.3096822373480774,2.5067932812049625,0.12506207116723447,-0.020799542978497548,0.8072392631353932,0.13789422370127236,-0.5262586953323807,0.1348224753604094,-0.17780355298436373,-0.4811199926812858,0.3362553589114982,0.3263683457777586,0.3754052142381165,-0.3362553589114982,-0.3263683457777586,-0.3754052142381165,-0.3325409913191569,-0.17994247899816013,-0.34705841367482376
Mehedinti,2015,3.075371346,2.807852013,1.417358491,0.515024508,0.301910919,-0.2131135895432265,48.72018615474113,-3.808930567183559,39700,348.30977636231233,2.871007556675063,-6300.0,-13.695652173913045,-4.593784400000004,6300.0,13.695652173913045,4.593784400000004,-0.1609334249567025,-0.29777876,11.86261337,757.3174655,53.81712695,113979,11.643769499881474,36.62078102,49.23099869,8.137463919,-0.8963574319649196,1.2713951795146239,-1.1169643537167273,-0.17728795370116654,0.7582495072167581,-0.03873734050742801,0.13357794112124238,-0.011005247143605342,0.6979547793887679,0.16680376314054263,-0.4650762424868592,-0.18002185704818016,-0.2971648067605399,-0.3737294247008541,-0.3428067439690996,-0.3543130811926711,-0.7861994718700658,0.3428067439690996,0.3543130811926711,0.7861994718700658,-0.31985274486789156,-0.1873235536911873,-0.3324580538508987
Mehedinti,2016,3.661361828,3.518731535,2.406933237,0.902744343,0.415262398,-0.4874819451131439,43.14638590807856,-5.573800246662572,33900,252.39176562558163,3.962094395280236,-5800.0,-14.6095717884131,-3.95435423,5800.0,14.6095717884131,3.95435423,-0.3253395369139486,-0.429439181,11.24730042,885.8616129,54.34134956,134315,11.807943066520156,32.74764546,42.58869076,16.5156535,-0.4928601502070832,0.9189676746651136,-1.8198821070654074,-0.3584014990862027,0.4277298634504542,0.6755648620865929,0.18142620130430323,0.1692905473643028,0.35410412681549774,-0.17655198554449117,0.6059826882181847,-0.46987854402751655,-0.4915803277662992,-0.0915243915591113,-0.26735539920458873,-0.416960664338515,-0.589352684820518,0.26735539920458873,0.416960664338515,0.589352684820518,-0.46127299607991096,-0.23990628337163222,-0.3119631731058623
Mehedinti,2017,4.900961689,6.497967361,3.709004943,0.753694944,0.386038874,-0.3676560700017157,44.53182150694953,1.38543559887097,34300,277.7193010865869,3.600758017492711,400.0,1.179941002949847,0.3092409799999984,-400.0,-1.179941002949847,-0.3092409799999984,-0.2990783894342674,-0.363639742,11.30372216,692.174674,54.34330688,123506,11.724045016866004,36.11889301,41.62631775,11.30228491,-0.6479748023737415,1.0065678019807889,0.9518638651414949,-0.32947161643584705,0.45803719471249704,-0.40072690123614246,0.18160485509533608,0.07715351318906283,0.6533979811347971,-0.2262991982369957,-0.06048886072356073,-0.449888427684114,-0.44024412964644427,-0.1849825296842157,0.668241275875346,0.665382683736347,0.7231831599744442,-0.668241275875346,-0.665382683736347,-0.7231831599744442,-0.39059592302854995,-0.21694163941107403,-0.31724702687304346
Mehedinti,2018,4.954082089,6.960816119,3.698912884,0.911975614,0.374784499,-0.5371911151088125,45.10518934081347,0.5733678338639407,34700,281.28369122022,3.555129682997118,400.0,1.1661807580174877,-0.0756025999999963,-400.0,-1.1661807580174877,0.0756025999999963,-0.2771953366504757,-0.360874785,11.35959038,848.0139734,53.79711957,123363,11.722886507567601,36.26046708,41.47840114,11.03572384,-0.4832532319650232,1.0428214504983564,0.6284310045836946,-0.3053647433619855,0.4880471988449596,0.4652507186218675,0.13175177356272846,0.07588123557046163,0.6659666959661862,-0.23394533854014493,-0.09456574712503976,-0.42989831134071155,-0.4330194931097244,-0.1967841069674616,0.668241275875346,0.6644394431330926,0.6047101416624616,-0.668241275875346,-0.6644394431330926,-0.6047101416624616,-0.3876260030589758,-0.2494330520220914,-0.31928191054213895
Mehedinti,2019,4.662352063,5.961173727,3.309349771,1.103668747,0.46303344,-0.6406353072512305,40.45567681409152,-4.649512526721949,34300,271.4230321830167,3.684285714285714,-400.0,-1.1527377521613813,-0.1918455799999989,400.0,1.1527377521613813,0.1918455799999989,-0.3046725119154863,-0.409744517,12.02423587,792.9549102,53.77620979,126371,11.746977303991972,34.96925719,40.72136804,14.50649279,-0.28375954834385025,0.7488360139839579,-1.4517539358452942,-0.33563423012356175,0.8450661606361595,0.15929505349040712,0.12984323971713485,0.10233780449680696,0.5513351896820221,-0.273078072157608,0.34913369944054734,-0.449888427684114,-0.45300599146861825,-0.16337844134981985,0.5475191242521287,0.5054816553036482,0.5689250658189724,-0.5475191242521287,-0.5054816553036482,-0.5689250658189724,-0.44011839009231263,-0.2692581443915744,-0.3033257753630756
Mehedinti,2020,3.360532471,5.518730085,2.373068942,0.803274791,0.237769338,-0.565505452629279,38.88944372315989,-1.566233090931625,33100,260.6689189721297,3.836283987915408,-1200.0,-3.498542274052474,-1.0408425500000007,1200.0,3.498542274052474,1.0408425500000007,-0.2309927304182045,-0.406608586,11.79323815,730.1263899,55.03567462,126981,11.751792747949377,36.0282247,40.5320481,13.66188642,-0.5963774073256666,0.6498041872549178,-0.22373586790970437,-0.254466892174242,0.7209841238039617,-0.18983441948638535,0.24480051116571847,0.10762613630310426,0.6453485965784727,-0.282864443163703,0.24116011078240024,-0.5098587767143216,-0.4748034256187917,-0.12406472558546212,0.42679697262891125,0.34468087862980423,0.30756372630116297,-0.42679697262891125,-0.34468087862980423,-0.30756372630116297,-0.436749996261918,-0.25485949835124966,-0.3440553798407351
Mehedinti,2021,3.783405531,3.399045853,2.062826314,1.517670015,0.486180005,-1.0314900103149,34.388799138395264,-4.500644584764629,16000,118.69788421021394,8.42475,-17100.0,-51.66163141993958,-14.22021316,17100.0,51.66163141993958,14.22021316,-0.2561219572623269,-0.450913166,11.18925108,740.2925381,55.40583076,134796,11.81151780342957,37.84756224,32.81106264,17.05095107,0.14708863429374316,0.36523156695464803,-1.3924623515866925,-0.2821498250794821,0.3965482554936103,-0.13334252780530823,0.2785864008950409,0.1732163317913292,0.8068664135226458,-0.6819794452296427,0.674414565700811,-1.364436250394779,-0.76256348735238,1.0627227574946707,-1.9725557908825344,-2.9568142243921645,-3.749668605907563,1.9725557908825344,2.9568142243921645,3.749668605907563,-0.4843388220142146,-0.344165497146729,-0.29914068582108355
Mehedinti,2022,3.487204324,3.40355324,1.82817122,1.677751008,0.550302331,-1.1274486775966552,36.39115007305364,2.0023509346583737,16200,120.59673048864008,8.2920987654321,200.0,1.2499999999999956,-0.428883380000002,-200.0,-1.2499999999999956,0.428883380000002,-0.3071014288325059,-0.450634771,11.804282,593.1974766,54.55557657,134332,11.80806962665314,38.42643599,32.01247655,17.11282494,0.31368378807687436,0.4918388209834012,1.197570812730984,-0.3383099807331347,0.7269164048778584,-0.9507296165632135,0.20097970685172586,0.16942953599807895,0.8582578801035459,-0.7232601458100815,0.6823244560655589,-1.3544411922230777,-0.7587147295883837,1.02841307221299,0.6380607379695415,0.6701851048390111,0.49595364293585503,-0.6380607379695415,-0.6701851048390111,-0.49595364293585503,-0.4840397899244101,-0.3625559877398997,-0.28754684129379376
Mures,2012,2.836608126,2.867684717,1.358948769,0.637643879,0.288847227,-0.3487966515521451,11.42203147353362,,71900,688.2292693666184,1.4530041724617524,,,,,,,1.1578396880168589,0.270239032,8.775468358,718.2681904,49.77751663,104471,11.55666479991171,16.51463085,71.39493257,2.877353524,-0.7687483224403691,-1.0869411454478324,,1.275502768040462,-0.9000319731602798,-0.2557288082467823,-0.23513626910623994,-0.10666383218844802,-1.0870364117511222,1.3125070625618,-1.1375232145434093,1.429182508595722,0.3918155507849588,-0.7404900507831816,,,,,,,0.29027152959069136,-0.21332722950507652,-0.33482007693160226
Mures,2013,3.684458799,4.222938273,2.241901221,0.726881215,0.275996251,-0.4508849642161296,12.171608975081746,0.7495775015481261,67900,626.7075241822345,1.595640648011782,-4000.0,-5.563282336578579,-1.426138739999999,4000.0,5.563282336578579,1.426138739999999,0.9652775094038396,0.149438857,8.989858951,801.8534954,49.94002173,108344,11.593066629335206,21.71878461,64.87945802,3.475965443,-0.6758796599245327,-1.0395458824546684,0.6986123359120501,1.0633718535599836,-0.7848705704542146,0.20874327137427018,-0.22030366525141146,-0.0666872580552021,-0.6250201361143259,0.9757076148804381,-1.060997297378032,1.2292813451616968,0.26711757121535834,-0.7035977248146309,0.0042694419476504,0.20314657660870297,0.1889513732682567,-0.0042694419476504,-0.20314657660870297,-0.1889513732682567,0.16051658148099404,-0.23289246740283795,-0.3371436392079915
Mures,2014,3.983567793,4.698936395,2.263956429,0.613245554,0.263998086,-0.3492474679558573,12.839836989895606,0.6682280148138595,65500,582.2739799093252,1.7174045801526718,-2400.0,-3.534609720176729,-0.6381694100000033,2400.0,3.534609720176729,0.6381694100000033,0.9168695131848272,0.096933779,9.753489368,714.660061,50.11968892,112490,11.63061960778687,22.18063828,63.10338697,4.570184016,-0.7941394861834987,-0.997294290809919,0.6662122107831516,1.0100444941580977,-0.3746811645657897,-0.27577868861702004,-0.20390459682229567,-0.025446489369325934,-0.5840175212141493,0.8838985311226238,-0.9211135476222648,1.1093406471012817,0.1770555422637709,-0.6721039946279328,0.24571374519408518,0.3422085185949848,0.43152552472576927,-0.24571374519408518,-0.3422085185949848,-0.43152552472576927,0.10411936457807472,-0.2134136285252648,-0.33931300623349164
Mures,2015,4.226983081,3.85664529,2.08450324,0.660573478,0.302531551,-0.3580419269872021,9.958666299255995,-2.8811706906396104,56700,488.397333195514,2.0475132275132277,-8800.0,-13.435114503816791,-3.309394509999997,8800.0,13.435114503816791,3.309394509999997,1.2548102036406004,0.344780499,9.401784069,757.1713328,50.27163148,116094,11.662155486763984,23.52059538,62.32191155,3.190518028,-0.7448856514261373,-1.1794687055022381,-0.7474532812278897,1.3823277131312992,-0.5636021195630828,-0.03954937988527882,-0.19003608561145627,0.009186286613407542,-0.4650583172003383,0.8435023193328686,-1.0974885942300099,0.6695580875464265,-0.01322235279426503,-0.5867227779615732,-0.720063467791654,-0.3364536818636522,-0.39080364128950085,0.720063467791654,0.3364536818636522,0.39080364128950085,0.3703386667666575,-0.21509908769919311,-0.3323458384749833
Mures,2016,4.131517596,4.56530856,2.188972667,1.054802014,0.468489192,-0.5863128217356544,8.569357716324708,-1.389308582931287,48600,412.29766873663846,2.425432098765432,-8100.0,-14.28571428571429,-3.330838710000002,8100.0,14.28571428571429,3.330838710000002,1.2148284301081824,0.311896912,8.938509959,896.8284511,50.43820749,117876,11.67738850346287,22.92493807,61.0913163,3.600393634,-0.3346148107110333,-1.2673137189007104,-0.15326982776977166,1.3382828739885737,-0.8124530397385019,0.7365060783161879,-0.17483191067757423,0.025915221147201024,-0.5179398008408279,0.7798900993266822,-1.0450905285094625,0.2647582315925257,-0.16746821131966705,-0.4889756474738124,-0.6144315851213387,-0.394760801784052,-0.3974051782029825,0.6144315851213387,0.394760801784052,0.3974051782029825,0.3350174586239895,-0.25884723324439757,-0.3023393304785365
Mures,2017,4.313984378,5.778497113,2.957365685,0.978570719,0.450993462,-0.5275772574491923,9.20552113900663,0.6361634226819213,49100,421.4085860926584,2.3729938900203664,500.0,1.0288065843621297,-0.0394495399999996,-500.0,-1.0288065843621297,0.0394495399999996,1.1949763601375991,0.328474706,8.827792186,759.9231685,50.61688811,116514,11.665766716441675,21.64632576,60.05458572,4.952194586,-0.4139481786244385,-1.2270895490685465,0.6534414258773351,1.3164133781845544,-0.8719258639177399,-0.024257806200712367,-0.15852289112683332,0.013152147483829101,-0.6314529145366771,0.7262991775820213,-0.8722777187517764,0.28974587702177884,-0.1490013589422466,-0.5025385701608029,0.6833315448282481,0.655022684996357,0.6158397599333806,-0.6833315448282481,-0.655022684996357,-0.6158397599333806,0.3528241447504231,-0.2475905549985115,-0.3055027025232661
Mures,2018,4.604620084,7.280711064,3.054456161,1.218173428,0.467205338,-0.7509680895887734,7.818581824335759,-1.3869393146708706,49500,408.88815463406576,2.4456565656565656,400.0,0.8146639511201537,-0.0823372300000002,-400.0,-0.8146639511201537,0.0823372300000002,1.2016702939164496,0.279524959,9.641238806,808.5248734,50.76171635,121060,11.704041569445678,21.63390055,59.15331241,5.718651908,-0.16459533913580643,-1.314784755286211,-0.15232618828066002,1.3237875692339451,-0.4349773370497385,0.24581520421698863,-0.14530373732235516,0.05518568048989181,-0.6325560043977662,0.6797103449976083,-0.7742946220701198,0.3097359933651814,-0.17437893075115665,-0.48374467396433196,0.668241275875346,0.6403435838935368,0.6026369046779316,-0.668241275875346,-0.6403435838935368,-0.6026369046779316,0.3002458113004276,-0.2904034359340167,-0.30257146185305556
Mures,2019,4.661229888,6.980631035,2.618693225,1.119383558,0.656589322,-0.4627942358977919,8.795094193690957,0.9765123693551984,49400,400.14904336838015,2.499068825910931,-100.0,-0.2020202020202033,-0.1476696500000009,100.0,0.2020202020202033,0.1476696500000009,1.2189804775679118,0.257494195,9.86324555,717.347613,50.74796961,123454,11.723623896030498,22.05031834,57.7121843,7.401137266,-0.267405256018728,-1.2530405587673992,0.7889966567999901,1.3428568647428474,-0.3157248657006519,-0.2608443306395058,-0.1465584668583227,0.07669103730347439,-0.5955871127551976,0.6052152107197704,-0.5592074661822859,0.3047384642793307,-0.1920921720579319,-0.46992981694110186,0.5927899311108351,0.5706516722566862,0.5825245021505819,-0.5927899311108351,-0.5706516722566862,-0.5825245021505819,0.27658193300193185,-0.23517488081099883,-0.26832927814851043
Mures,2020,4.519101819,6.993296915,2.438142583,0.853020481,0.33887115,-0.514149331167674,8.410650562723031,-0.384443630967926,47500,376.17803120297776,2.658315789473684,-1900.0,-3.846153846153844,-0.8014709599999996,1900.0,3.846153846153844,0.8014709599999996,1.1843180684462955,0.204556927,9.37066708,870.6079342,50.85839736,126270,11.746177750432725,23.030807,56.82901719,7.00958264,-0.5446074206439999,-1.27734866160952,0.24695089258473357,1.3046719594928826,-0.580316827289224,0.5908022609611882,-0.1364792073745892,0.10145973290972045,-0.5085409300541484,0.5595623280976836,-0.609263397118396,0.2097854116481688,-0.24067884293837244,-0.42874125793749446,0.32116508995859605,0.32085271637114554,0.381253599899779,-0.32116508995859605,-0.32085271637114554,-0.381253599899779,0.21972048836901523,-0.24501709124623816,-0.325775339753679
Mures,2021,4.887407075,6.690899826,3.026713636,1.497488277,0.507117544,-0.9903707327550204,14.404446522258583,5.993795959535554,23700,197.6779101191072,5.0587341772151895,-23800.0,-50.10526315789474,-9.03865438,23800.0,50.10526315789474,9.03865438,1.2583774120207638,0.284763871,8.360897424,853.6895828,51.6286999,119892,11.694346616521019,22.32759484,58.92553298,5.682614353,0.12608564272858674,-0.8983651205576101,2.7872958797567042,1.38625743173584,-1.1227216425741025,0.4967893018828221,-0.0661700760046296,0.04453866053377887,-0.5709709577068491,0.6679359169604095,-0.7789016251404558,-0.9796265107842805,-0.6024794450730727,0.19211688707746136,-2.9836038107269798,-2.8501279157113464,-2.1545402469323083,2.9836038107269798,2.8501279157113464,2.1545402469323083,0.3058730776078752,-0.3362849824565597,-0.29535500636912376
Mures,2022,4.570906714,6.354791544,2.928969799,1.909067769,0.648476988,-1.2605907807178094,14.05154639175258,-0.352900130506006,23900,193.7340412596766,5.161715481171548,200.0,0.8438818565400741,-0.1354558800000003,-200.0,-0.8438818565400741,0.1354558800000003,1.1621017587886884,0.22138266,9.089337619,655.4986373,52.3788525,123365,11.72290271975268,21.08053338,59.32071495,7.703157297,0.5544135002633224,-0.9206787498502578,0.2595141354888732,1.2801979629999336,-0.7314349099343014,-0.6045306085780849,0.0022998756859315636,0.07589903982999834,-0.681683038442793,0.6883637565917736,-0.5205975435579575,-0.9696314526125793,-0.6104732442896673,0.21875256928689596,0.6380607379695415,0.6423464199527489,0.5862844770392587,-0.6380607379695415,-0.6423464199527489,-0.5862844770392587,0.23779349291824392,-0.38807268846496384,-0.2697960549330807
Neamt,2012,3.258679829,3.530285694,1.873642439,0.790300314,0.913680532,0.1233802178161034,54.1333443832097,,85000,846.1921353907417,1.181764705882353,,,,,,,-0.6376128598424445,-0.427216241,8.025858771,660.8003221,64.03489598,100450,11.51741537024308,23.79890493,56.55450473,9.533101045,-0.6098798534972162,1.6136654015156864,,-0.7024089570294565,-1.302689992399183,-0.575069873051053,1.0662017190957667,-0.14976764756490243,-0.44035044965932385,0.5453721652476647,-0.28665946242070506,2.0838588188421543,0.7119893394380076,-0.81064500082661,,,,,,,-0.4588852721850493,-0.12283447340069285,-0.22184507047842683
Neamt,2013,3.53130318,5.660414006,2.57946593,0.80825561,0.76465676,-0.0435988503318543,56.597905676718376,2.464561293508673,80600,792.885671001633,1.2612158808933003,-4400.0,-5.1764705882352935,-1.2831008200000014,4400.0,5.1764705882352935,1.2831008200000014,-0.6381681872205925,-0.411235403,7.976968982,713.8064977,64.16791087,101654,11.529330168995505,21.96667126,54.69829028,10.68329825,-0.5911939043268382,1.7694978943898296,1.3816613837205933,-0.7030207184117335,-1.3289514836356173,-0.2805218228442531,1.078342612951797,-0.1366827877336112,-0.6030131639734642,0.449420289948242,-0.1396194633162458,1.8639675390647266,0.603942852990026,-0.7900952877480633,-0.056091633863958296,0.2296618420452386,0.23298519634896872,0.056091633863958296,-0.2296618420452386,-0.23298519634896872,-0.4417197936959703,-0.15483603270762678,-0.248789795525336
Neamt,2014,4.070635318,5.993277718,2.344163043,0.826021016,1.012214278,0.1861932618351207,57.05889044784044,0.4609847711220638,78100,767.1302844570172,1.3035595390524968,-2500.0,-3.101736972704716,-0.6789012699999972,2500.0,3.101736972704716,0.6789012699999972,-0.5651515010794447,-0.380117162,8.043485976,951.6821431,64.30319811,101808,11.530843965472574,19.63499921,52.74831055,11.51874116,-0.5727055723323597,1.7986456401773558,0.5836707308391292,-0.6225838615220778,-1.29322141625887,1.0413205238474046,1.090690914866833,-0.13502033290519785,-0.8100152023889111,0.3486214776723422,-0.03281732173198871,1.7390293119184608,0.5517394466087182,-0.7791432782183407,0.23062347624118298,0.37188118455878244,0.41898633569821564,-0.23062347624118298,-0.37188118455878244,-0.41898633569821564,-0.4082947945499007,-0.11079634565379169,-0.20402935786975665
Neamt,2015,3.970908922,4.125496736,2.033825715,1.110619788,1.302578763,0.1919589756246379,58.31472435450104,1.255833906660598,67600,646.2529755360745,1.5473816568047338,-10500.0,-13.444302176696542,-4.296371550000004,10500.0,13.444302176696542,4.296371550000004,-0.5804544323199905,-0.372976927,8.780367822,634.7623381,64.42332695,104603,11.557927510890012,20.60457157,53.88755581,10.93754481,-0.27652564928659085,1.8780511428224886,0.900245702408032,-0.6394419217168194,-0.8974001918920225,-0.7197593801075828,1.1016556384063414,-0.10527712004149224,-0.723938150982271,0.40751161244258866,-0.10711685090143655,1.214288757904145,0.30673410495143993,-0.7160797104193536,-0.9765980399909909,-0.33708348069006855,-0.6946417589305143,0.9765980399909909,0.33708348069006855,0.6946417589305143,-0.4006252624327821,-0.10969134588448796,-0.15152906810583638
Neamt,2016,4.523864392,5.355022389,2.254002372,1.804627357,1.481254825,-0.3233725321112402,54.91219927283979,-3.4025250816612456,58100,535.4888063484457,1.8674526678141137,-9500.0,-14.05325443786982,-3.891847399999996,9500.0,14.05325443786982,3.891847399999996,-0.6742014167798506,-0.404904068,8.301261981,913.4399895,64.56016223,108499,11.594496235330316,20.7974267,50.01612918,12.43513765,0.44572310440656016,1.662911853351941,-0.9550999202384133,-0.7427157509105692,-1.1547552368226968,0.8288141196202539,1.114145237204192,-0.06511726141080386,-0.7068167873544505,0.2073889136711049,0.08433384024543036,0.7395234947483353,0.0822270129466991,-0.6332946862822428,-0.8256953504619692,-0.3788260878170329,-0.570110132261334,0.8256953504619692,0.3788260878170329,0.570110132261334,-0.4349191243725185,-0.20845469383255882,-0.119222964868465
Neamt,2017,4.885023857,7.858868343,2.902614008,1.748369072,1.624747016,-0.1236220555875403,53.353209797335545,-1.558989475504248,58600,557.5483097532896,1.7935665529010238,500.0,0.8605851979345935,0.2321803199999976,-500.0,-0.8605851979345935,-0.2321803199999976,-0.6451556084981265,-0.379611341,8.118257188,673.257346,64.64598374,105103,11.56269610070124,18.54466571,49.70552696,13.3944797,0.3871755063094506,1.5643380353778233,-0.22085085835827004,-0.7107182220240208,-1.2530575380986348,-0.5058478992038302,1.1219785695737807,-0.100040243568011,-0.9068132306762291,0.19133319043224964,0.20697511737570315,0.7645111401775885,0.12693926056985308,-0.6524050199147323,0.6833315448282481,0.643491404645302,0.6994602516091449,-0.6833315448282481,-0.643491404645302,-0.6994602516091449,-0.40775147764156183,-0.17017249000927873,-0.09327839521367477
Neamt,2018,4.593502377,8.629180116,3.318067706,2.154359886,3.949659791,1.7952999048491052,52.47344461305007,-0.8797651842854748,59100,546.6553204084653,1.829306260575296,500.0,0.8532423208191142,-0.0269818299999968,-500.0,-0.8532423208191142,0.0269818299999968,-0.9114423215386932,-0.501599546,8.163547791,789.7123847,64.65895959,108112,11.590923005791955,19.84423561,50.14706971,12.15868729,0.8096872662962754,1.5087110959415113,0.04967269267485162,-1.0040657753086977,-1.2287293747314882,0.1412767838650314,1.1231629363581432,-0.06904139043941773,-0.7914395363510094,0.21415752244160555,0.0489927174274285,0.7894987856068416,0.10486033939000398,-0.6431610944710088,0.6833315448282481,0.642988063325865,0.6196779095398748,-0.6833315448282481,-0.642988063325865,-0.6196779095398748,-0.5387825230003134,0.19758914384939175,0.32708497795622227
Neamt,2019,4.38403266,7.875762966,2.911004965,2.355288113,5.274826084,2.919537970375062,52.31231008671162,-0.1611345263384507,59000,532.7891058173346,1.8769152542372882,-100.0,-0.1692047377326533,-0.3505909000000002,100.0,0.1692047377326533,0.3505909000000002,-0.8609709712541305,-0.512987868,8.80814511,711.7091265,64.53497474,110738,11.614922329892394,19.90734888,51.78168289,14.36814824,1.0187918467284875,1.498522672146351,0.33589113330255976,-0.9484653777226009,-0.8824794278571458,-0.2921766270350292,1.1118462566720881,-0.042685276632958694,-0.7858364432654853,0.29865433260820745,0.3314478778964873,0.784501256520991,0.07675500950037985,-0.630847228004245,0.5927899311108351,0.5729011146527205,0.5200557636383255,-0.5927899311108351,-0.5729011146527205,-0.5200557636383255,-0.5510150477476203,0.41304950979874866,0.5666859552171983
Neamt,2020,2.826015857,4.476385454,1.910047376,1.776540068,2.105255382,0.3287153140708621,51.41361256544502,-0.8986975212665982,56400,497.4729432933767,2.010159574468085,-2600.0,-4.406779661016946,-1.0579193000000018,2600.0,4.406779661016946,1.0579193000000018,-0.8982858303244187,-0.531844229,8.960037074,728.3566553,64.52363556,113373,11.638438546688523,17.79965247,52.77799829,14.3358648,0.41649286199854213,1.44169865423791,0.04213226295862472,-0.9895722826989825,-0.8008895997343273,-0.1996685920127562,1.1108112764469844,-0.016859712396972856,-0.9729542899759263,0.3501561033328641,0.32732079693328064,0.6545655002888746,0.005172935557408777,-0.5963841436041518,0.21553320728828082,0.2824228021936765,0.3023066966387238,-0.21553320728828082,-0.2824228021936765,-0.3023066966387238,-0.5712692083321784,-0.0834819765070754,-0.006398526110578827
Neamt,2021,4.832157213,6.246728391,2.555895865,2.628240315,2.966312721,0.3380724056578053,47.043547742708746,-4.370064822736275,27900,241.38080200718088,4.142831541218638,-28500.0,-50.53191489361701,-13.345139970000002,28500.0,50.53191489361701,13.345139970000002,-0.8992928463797945,-0.54425186,7.561157227,748.8925172,64.57845248,115585,11.657761469015677,19.37102565,52.88921573,15.81866159,1.3028512669972907,1.1653825012810923,-1.3404546401816944,-0.9906816346925154,-1.5523076687060626,-0.08555362307768172,1.1158146742412798,0.004360766054690226,-0.8334503441395626,0.3559051814816744,0.5168799766338565,-0.7697302891785542,-0.5138983701464993,-0.04477748704627292,-3.692846451513382,-2.8793741422545867,-3.4802797750916867,3.692846451513382,2.8793741422545867,3.4802797750916867,-0.5845966022417426,-0.08168868873345671,0.14928773077049295
Neamt,2022,3.971202532,3.966205688,2.119653433,3.750204978,3.803677482,0.0534725044382178,44.54193344399652,-2.5016142987122265,28100,241.0568756970061,4.148398576512456,200.0,0.7168458781362075,-0.5040556099999982,-200.0,-0.7168458781362075,0.5040556099999982,-0.7952805892111846,-0.51129283,8.436376198,579.1489962,64.61996801,116570,11.666247229913878,18.97572274,52.85064768,15.64381916,2.470471932442088,1.007207172712598,-0.5962823877704838,-0.8760993455364655,-1.0821776925493265,-1.028795095978567,1.1196039916861675,0.013679848501821017,-0.8685446912033182,0.3539115127414373,0.4945283045563527,-0.7597352310068529,-0.5145549340376433,-0.043337596724067694,0.6380607379695415,0.6336383269286995,0.47281208245732964,-0.6380607379695415,-0.6336383269286995,-0.47281208245732964,-0.549194358599331,-0.1362322954180743,0.3006901744632739
Olt,2012,2.486904219,1.314831271,1.191205044,0.568316528,0.115057947,-0.4532585805335899,58.80247836769576,,80400,259.14585012087025,3.8588308457711444,,,,,,,1.1053066316427016,-0.501316649,12.63482075,604.3490349,61.09319612,310250,12.645133703066854,34.61756648,43.88879936,16.25721193,-0.8408968048103035,1.9088914891290287,,1.2176311477182817,1.1730460886170206,-0.8887619360646328,0.7976989540552528,1.0886952606880085,0.5201126625424204,-0.10934646504932022,0.5729437901438715,1.8539724808930254,-0.4778905228382908,-0.11823307539659686,,,,,,,-0.5384786551826103,-0.23334737126712235,-0.36624260974536244
Olt,2013,2.764869405,4.47444242,1.856399855,0.628630962,0.084759231,-0.5438717310307075,56.92968448873961,-1.872793878956152,76600,244.7831783465951,4.085248041775457,-3800.0,-4.726368159203975,-1.1785209300000048,3800.0,4.726368159203975,1.1785209300000048,1.060614531237576,-0.498487308,12.43815892,693.1799109,61.15467074,312930,12.653734802338127,47.93596012,28.77065158,15.91346307,-0.7781280012236559,1.7904760374355175,-0.34583384652454063,1.1683973044096994,1.067407814639479,-0.39514093760946406,0.803310031403509,1.0981410080059577,1.7024979091723338,-0.8908373270263983,0.528999297976062,1.6640663756307015,-0.5070021181954402,-0.059671217585223105,0.03444997985345474,0.26051557239471906,0.2651798225995479,-0.03444997985345474,-0.26051557239471906,-0.2651798225995479,-0.5354395785037923,-0.2507133928995596,-0.37172086707932916
Olt,2014,3.298781521,4.111934961,2.177440549,0.501161621,0.14676876,-0.3543928605947356,55.00000000000001,-1.929684488739604,74600,241.3817649989969,4.142815013404825,-2000.0,-2.610966057441255,-0.4571180800000007,2000.0,2.610966057441255,0.4571180800000007,1.0861278868701807,-0.477488827,11.94379122,949.0282787,61.00004038,309054,12.64127129789316,45.83406136,30.76549729,15.26658772,-0.910784440120992,1.668463432136196,-0.36849241450867953,1.196503402402528,0.8018547556740094,1.0265733632442307,0.789196192060562,1.084453558300954,1.5158947683649033,-0.7877192919267852,0.4463034346308743,1.564115793913689,-0.5138964182653646,-0.044781761895973,0.30607482100569383,0.40552266815507065,0.4872616696148158,-0.30607482100569383,-0.40552266815507065,-0.4872616696148158,-0.5128845051147226,-0.21439974366841927,-0.36050903364651726
Olt,2015,3.432882611,2.965113545,1.634367301,0.611224705,0.207379811,-0.4038448944545911,50.40446841294299,-4.5955315870570175,64800,204.4241422388229,4.89179012345679,-9800.0,-13.136729222520104,-4.478416459999998,9800.0,13.136729222520104,4.478416459999998,1.0110685216628668,-0.491743865,12.7576143,654.9107839,60.93184875,316988,12.666619197253313,41.76183326,32.20121897,16.2621298,-0.7962425694016763,1.3778911728139538,-1.4302542402733665,1.1138162833823906,1.2390055006573493,-0.6077972293221302,0.7829720216560326,1.1122906806088542,1.1543690050858597,-0.7135036281040853,0.5735724854643368,1.0743579435003274,-0.58880555606822,0.14893750798795297,-0.8709661573206757,-0.31599989531289957,-0.750683774639943,0.8709661573206757,0.31599989531289957,0.750683774639943,-0.5281962521050871,-0.22387723214627087,-0.3495500565512442
Olt,2016,3.169570819,2.90378648,1.283854678,0.906199142,0.22192632,-0.6842728214232875,48.37423312883436,-2.030235284108634,55800,162.3560835522813,6.159301075268817,-9000.0,-13.888888888888884,-4.135336039999999,9000.0,13.888888888888884,4.135336039999999,0.8917967743473234,-0.546919933,12.24936996,741.8397378,61.13986353,343689,12.747492457670543,40.42579192,29.16153848,20.74258996,-0.4892647653965029,1.249520810803893,-0.4085400962157424,0.9824237897371192,0.9659985077067855,-0.12474495120678948,0.8019585077890177,1.2011058841760633,1.0357574358528254,-0.8706315091668411,1.1463497927383235,0.6245803257737709,-0.6740729994234951,0.4767738978218823,-0.7502440056974583,-0.36755911834540356,-0.645067428172261,0.7502440056974583,0.36755911834540356,0.645067428172261,-0.5874624563157774,-0.2776212794436089,-0.34691992794735016
Olt,2017,5.071936107,6.203636788,3.204921749,0.780875713,0.32819414,-0.4526815724648889,47.097142857142856,-1.277090271691499,56100,171.26790146447792,5.838805704099822,300.0,0.5376344086021501,-0.3293490900000009,-300.0,-0.5376344086021501,0.3293490900000009,0.8938065454770892,-0.516519169,12.02731487,736.8830156,61.0657704,327557,12.699417364714757,43.30910345,28.80994758,16.83462726,-0.619687968898772,1.1687712830128107,-0.10857517176290994,0.9846377997297587,0.8467200669665176,-0.1522887768629597,0.7951956797568246,1.148309704754676,1.2917331268153525,-0.8888060289230104,0.646759957699331,0.6395729130313228,-0.6560097002662213,0.3938791147098934,0.6531510069224438,0.6213536956983419,0.526594995357118,-0.6531510069224438,-0.6213536956983419,-0.526594995357118,-0.5548081198852619,-0.23323678759854685,-0.3277058310767218
Olt,2018,4.991603329,7.693541748,3.274449016,1.168237812,0.331579049,-0.8366587627474794,47.03453022828955,-0.0626126288533086,57300,173.7711679363385,5.754694589877836,1200.0,2.1390374331550888,0.3219850199999996,-1200.0,-2.1390374331550888,-0.3219850199999996,1.0703477882049357,-0.44891301,12.23925519,732.0211169,60.6499257,329744,12.70607187481129,44.56881702,27.25902518,16.14070309,-0.21656298045831734,1.1648123301292637,0.3751307392865825,1.1791196836236821,0.9605652884365297,-0.1793056813307472,0.7572395805314457,1.1556177032923203,1.403568441223997,-0.9689766755440847,0.5580494227651386,0.6995432620615303,-0.6509358475913696,0.3721241279052236,0.7889634274985633,0.7311270581899291,0.7271063769975494,-0.7889634274985633,-0.7311270581899291,-0.7271063769975494,-0.4821903968319556,-0.3068260641685303,-0.3270938116580091
Olt,2019,5.19108803,5.270300643,3.064187799,1.005455381,0.373118208,-0.6323371731779066,44.91014492753623,-2.1243853007533176,57100,167.46636008493564,5.971348511383538,-200.0,-0.3490401396160525,-0.2801257499999963,200.0,0.3490401396160525,0.2801257499999963,1.1092911899581106,-0.476016284,13.22692346,591.3787718,60.35414112,340964,12.739532178845046,42.52531059,27.40259969,22.10116024,-0.38596950160375376,1.030488928186081,-0.44603845597970965,1.222020628587976,1.4910981900432354,-0.9608359097767488,0.7302419324483588,1.192363887369074,1.222149276155276,-0.9615549880985982,1.320027986256925,0.6895482038898291,-0.6637150169450381,0.42816075572942736,0.577699662157933,0.560573713956523,0.5417482627214781,-0.577699662157933,-0.560573713956523,-0.5417482627214781,-0.51130280425581,-0.2676678059579627,-0.31958318967526367
Olt,2020,3.859127249,3.436383336,1.963442238,0.826594789,0.295497654,-0.5310971348707197,42.385587328456566,-2.524557599079664,54900,160.58876697663126,6.227085610200365,-2200.0,-3.852889667250437,-1.110082770000005,2200.0,3.852889667250437,1.110082770000005,1.1932270408001395,-0.455948493,13.17588888,627.5676327,60.62383543,341867,12.74217705151896,43.75853768,28.07787824,20.54746436,-0.5721084508416677,0.8708629107260443,-0.6054203163870849,1.3144862878626307,1.4636846093582152,-0.7597393715594152,0.7548581990278775,1.1952684927198551,1.3316331641056212,-0.926648329968674,1.1214051415736936,0.5796025640011152,-0.6776551605859089,0.4943060833913731,0.2758942830998895,0.32039098767475993,0.2862483184879773,-0.2758942830998895,-0.32039098767475993,-0.2862483184879773,-0.48974741180806514,-0.2482651399468377,-0.3336176249700485
Olt,2021,5.043567457,3.967991381,2.243018845,1.35070297,0.391099069,-0.9596039013140122,39.841484631741736,-2.5441026967148304,26800,82.69205847686165,12.093059701492537,-28100.0,-51.183970856102,-14.36034573,28100.0,51.183970856102,14.36034573,1.2390570429526464,-0.416231913,12.13077274,782.6181024,60.6782866,324094,12.688788876153584,40.00722013,17.75626824,30.58495375,-0.0266727849553865,0.7100010703647965,-0.613204798311409,1.3649736698463546,0.902293183601265,0.1018548298110283,0.75982821310154,1.1366374737811467,0.9985973156064114,-1.4601954293403423,2.4045872120053637,-0.8247031091229111,-0.835543434657643,2.011515671363268,-3.632485375701773,-2.9240714323416017,-3.792808025127484,3.632485375701773,2.9240714323416017,3.792808025127484,-0.4470866890318387,-0.3303885153606154,-0.31633210195114075
Olt,2022,4.328112597,3.685606331,2.127562335,1.718247956,0.507756488,-1.2104914676599738,37.882844641807615,-1.9586399899341205,27200,92.22339761846638,10.843235294117648,400.0,1.49253731343284,-0.3480572399999992,-400.0,-1.49253731343284,0.3480572399999992,1.3493561881515663,-0.294740068,13.01385432,422.5585488,60.20307532,294936,12.594513662632544,44.42184067,19.02378821,22.62728185,0.3558286745707222,0.5861576289059336,-0.3800249010618752,1.4864817391151552,1.376646615035115,-1.898946742283728,0.7164534472413544,1.0331042139989124,1.3905201207928022,-1.3946744879960014,1.3872868186788287,-0.8047129927795086,-0.8162244324091105,1.6882538320439668,0.668241275875346,0.6868106113586031,0.5208357437735702,-0.668241275875346,-0.6868106113586031,-0.5208357437735702,-0.31658879824876335,-0.3784711488478164,-0.2952394800328264
Prahova,2012,2.199188739,2.109173693,1.423300519,0.616502428,0.307278813,-0.3092236153491601,22.035666856383987,,65900,572.9488171519488,1.7453566009104704,,,,,,,-1.2763375478382135,-0.683085243,9.812065711,836.57492,50.93530695,115019,11.652852611089802,32.36508751,51.55669933,11.21640772,-0.790750080516317,-0.4158483775288252,,-1.4060427294645583,-0.34321647327090804,0.40168546727063675,-0.12945930780769996,-0.001030153190061605,0.32014125649587694,0.2870244293426984,-0.07146731023274158,1.1293307634446843,0.1581544374346171,-0.664874321731853,,,,,,,-0.7337215385844154,-0.20574305216445843,-0.3314874944161868
Prahova,2013,3.58402249,4.459262403,2.025703165,0.661459791,0.272020447,-0.3894393443328747,20.544268639016323,-1.4913982173676636,62000,550.8907548091875,1.815241935483871,-3900.0,-5.918057663125953,-1.4640690200000002,3900.0,5.918057663125953,1.4640690200000002,-1.325505178390667,-0.671803365,9.905785194,795.3069729,51.01593478,112545,11.631108420647939,32.55497801,46.0651295,12.09916034,-0.7439632717746381,-0.5101484473597476,-0.19393040305904152,-1.4602069194786875,-0.29287439915216584,0.17236514342628906,-0.12210002700934629,-0.024909673943089204,0.33699942511171116,0.0031529060247792377,0.041382854843306456,0.9344271290965098,0.1134451106897573,-0.6467987731489184,0.019359710900552572,0.1788273515747498,0.17727464279760985,-0.019359710900552572,-0.1788273515747498,-0.17727464279760985,-0.7216033484040623,-0.22111640666268012,-0.3378624973081636
Prahova,2014,3.444634127,4.372991227,2.141963467,0.498221626,0.239225463,-0.258996162507241,21.314562687166188,0.7702940481498644,60000,505.2971989691937,1.9790333333333334,-2000.0,-3.2258064516129004,-0.4150438899999997,2000.0,3.2258064516129004,0.4150438899999997,-1.373046528800429,-0.697663499,9.796103453,1045.134708,51.04583433,118742,11.684708351206481,32.55882502,43.3915548,10.0966802,-0.9138440720608478,-0.46144329156367564,0.706863386153185,-1.5125795619710996,-0.35179071151482255,1.56062361384659,-0.11937095462584825,0.033953895043564664,0.3373409563797147,-0.13505014816332478,-0.21461209690263996,0.8344765473794973,0.021031862697499223,-0.6044348152832637,0.30607482100569383,0.3633764398608432,0.5002140911735489,-0.30607482100569383,-0.3633764398608432,-0.5002140911735489,-0.7493804633401939,-0.1961169545416555,-0.3437921004509279
Prahova,2015,3.715236646,3.417304015,2.054089894,0.726433552,0.242813425,-0.48362012742688,17.926186291739896,-3.388376395426292,52100,428.6725139462555,2.3327831094049905,-7900.0,-13.166666666666671,-2.6597523400000007,7900.0,13.166666666666671,2.6597523400000007,-1.4439847699531396,-0.707451297,10.30139551,767.1903476,51.0579714,121538,11.707982250066047,30.28353272,44.75308134,11.78890553,-0.6763455396328627,-0.6756879694647345,-0.9494647377335813,-1.590726756169617,-0.08036955797403816,0.016124911665252904,-0.11826314723230585,0.059513345155391875,0.13534422013588007,-0.0646697970228977,0.0017202067458837295,0.43967174959729766,-0.1342781562052602,-0.5129389198623209,-0.5842510472155343,-0.31805205448706514,-0.19081311863963185,0.5842510472155343,0.31805205448706514,0.19081311863963185,-0.7598938191494732,-0.2391661655287776,-0.3431433673778665
Prahova,2016,4.090913815,3.851502099,2.447384449,1.144307123,0.271288498,-0.873018625077256,16.49141140356606,-1.434774888173834,45100,364.8158933540413,2.741108647450111,-7000.0,-13.435700575815734,-2.472466110000001,7000.0,13.435700575815734,2.472466110000001,-1.5300929970372246,-0.716718729,9.749191675,950.7816627,51.19712365,123624,11.72499997991353,31.13230441,43.9429237,11.95318061,-0.24146747873370794,-0.766407785655243,-0.17137828841463398,-1.6855855549597374,-0.37698970034319673,1.0363166777282093,-0.10556206769844428,0.07820225583932379,0.21069678525297014,-0.10654865689609541,0.022720959930712728,0.08984471358775373,-0.2637086778220763,-0.407327232579984,-0.4484386266394148,-0.33649385606902066,-0.13315757724701607,0.4484386266394148,0.33649385606902066,0.13315757724701607,-0.7698482348468855,-0.3137944363342396,-0.33799483971426886
Prahova,2017,4.587712694,5.808915136,2.44596603,1.099886276,0.390148339,-0.7097379365303361,13.868198459790433,-2.62321294377563,45300,374.27190482091953,2.6718543046357617,200.0,0.4434589800443422,0.0758688200000001,-200.0,-0.4434589800443422,-0.0758688200000001,-1.546984307691829,-0.70680489,9.500590789,901.5118088,51.32498139,121035,11.703835038950716,27.43421324,40.85099351,15.56574545,-0.28769593908028956,-0.9322717118010253,-0.6447130721388861,-1.7041934103638663,-0.510527400599152,0.7625308549264815,-0.09389189114894747,0.05495886821772344,-0.11761371211571688,-0.2663774417788987,0.4845474437104234,0.09983977175945499,-0.24454235669167387,-0.42523957779177085,0.6380607379695415,0.6148981356061141,0.6513401940993552,-0.6380607379695415,-0.6148981356061141,-0.6513401940993552,-0.7591994947683807,-0.28250167194067344,-0.31650400176349985
Prahova,2018,3.588881417,6.502834897,2.044169844,1.366856167,0.443647288,-0.9232088797060942,14.355416151823338,0.4872176920329067,45200,369.3987463325733,2.7071017699115045,-100.0,-0.2207505518763808,-0.0796990399999995,100.0,0.2207505518763808,0.0796990399999995,-1.5373082070441422,-0.711172974,10.07026946,787.0036601,51.35971832,122361,11.714730970836872,29.16615588,40.93624603,12.43370028,-0.009862267430022291,-0.9014652767077497,0.5941188596980639,-1.6935339958631404,-0.2045205281610187,0.12622477265226267,-0.09072128836895513,0.06692480607568536,0.03614532826847076,-0.26197054840081874,0.08415008837871224,0.09484224267360436,-0.2544197263241184,-0.4161229687792201,0.5927899311108351,0.5693677396970295,0.6034490640809301,-0.5927899311108351,-0.5693677396970295,-0.6034490640809301,-0.7638913796332726,-0.3234134049148504,-0.30683095127123605
Prahova,2019,5.057706153,5.471414035,2.405858702,1.177964974,0.459170318,-0.7187946564590674,13.697075795889258,-0.6583403559340795,44900,369.19484278384425,2.708596881959911,-300.0,-0.6637168141592875,-0.0275443400000003,300.0,0.6637168141592875,0.0275443400000003,-1.4682076207773096,-0.707904512,10.55413975,789.5242201,51.31850009,121616,11.708623818805822,29.69510591,43.63570583,14.31555059,-0.20643999197046223,-0.9430916785728886,0.13786245801000413,-1.6174112044536268,0.05539377378874157,0.14023117898181553,-0.09448346984625765,0.060217917444570286,0.08310464848243966,-0.12242943551625676,0.3247238497252516,0.07984965541605248,-0.2548330169496912,-0.41573626432065425,0.5626093932050308,0.5390031810346653,0.6195047424117365,-0.5626093932050308,-0.5390031810346653,-0.6195047424117365,-0.7603806304376816,-0.2842373934484062,-0.30402425962981844
Prahova,2020,2.241858659,3.796099419,2.162226042,0.890877329,0.257025733,-0.6338515959555476,12.36795331835407,-1.3291224775351882,43300,353.94034511227187,2.825334872979215,-1600.0,-3.563474387527843,-0.5042539999999995,1600.0,3.563474387527843,0.5042539999999995,-2.530996981962295,-0.875941896,10.7859857,749.9100934,51.45295766,122337,11.714534810671466,31.57671023,45.05587026,11.41273695,-0.5052100674909955,-1.02713116647481,-0.12929871960255487,-2.788204351436912,0.17993144328303778,-0.07989909165272739,-0.0822108958095478,0.06670938252366876,0.2501504085117334,-0.04901796073109061,-0.04636878827677911,-0.0001108099575575628,-0.2857522477565098,-0.3855424727186785,0.36643589681730254,0.3402298963844907,0.47275100865143926,-0.36643589681730254,-0.3402298963844907,-0.47275100865143926,-0.940874425594926,-0.267958045272818,-0.3405736650666005
Prahova,2021,4.405190063,4.889283921,2.521429513,1.593643184,0.42615528,-1.1674879034048031,10.012950719105715,-2.355002599248353,21700,182.08669676271668,5.491889400921659,-21600.0,-49.88452655889145,-6.961808830000001,21600.0,49.88452655889145,6.961808830000001,-2.4929629107156224,-0.866454166,9.430296287,846.4491929,52.01117366,119174,11.688339889016214,30.3304412,41.77505161,12.72593015,0.2261533723101223,-1.1760363394695128,-0.537889426749022,-2.7463051458240253,-0.5482865827515341,0.45655544792822683,-0.03125989923512025,0.03794205835204864,0.13950867841763975,-0.21861081245402658,0.12150844713345833,-1.079577092501293,-0.634081162461837,0.3041506683829631,-2.6516178937631323,-2.83499680984603,-1.515189160768125,2.6516178937631323,2.83499680984603,1.515189160768125,-0.9306833814691304,-0.37022951037668794,-0.3099936503477185
Prahova,2022,3.985221675,3.714001882,2.166019888,2.220132803,0.490363679,-1.729769124183477,9.672701949860723,-0.340248769244992,22000,183.44798832603712,5.451136363636364,300.0,1.382488479262678,-0.1189124649999993,-300.0,-1.382488479262678,0.1189124649999993,-2.5262275286561864,-0.866561358,10.41125019,525.7711896,52.5094302,119925,11.694621826370264,30.63831561,39.87075255,13.75192829,0.8781366744179511,-1.1975500320071903,0.2645529587729922,-2.782950212235309,-0.021360350221038268,-1.325408248698562,0.014218315761809912,0.044840896633305004,0.1668412659682574,-0.3170482887585173,0.252670968595834,-1.0645845052437413,-0.6313219704551334,0.29361006626881264,0.6531510069224438,0.6792669572128829,0.5913773210156031,-0.6531510069224438,-0.6792669572128829,-0.5913773210156031,-0.9307985194844336,-0.47799077670487117,-0.29838424311329925
Salaj,2012,2.554733728,2.239713608,1.657988166,0.590019073,0.226402667,-0.363616405274496,38.85999583940088,,36100,1218.894553803559,0.8204155124653739,,,,,,,0.067877562281834,1.0918276,9.768845288,692.3055807,60.72112144,29617,10.29610379977538,18.25978323,72.62383091,5.70618226,-0.8183111201890173,0.6479422180889971,,0.0747754801242031,-0.3664326250086365,-0.3999994706526767,0.7637379501676687,-1.4910148680982236,-0.9321046322130996,1.3760315654959023,-0.7758887287352919,-0.35993290413880275,1.4674171709712875,-0.9041064536605046,,,,,,,1.1727634796922581,-0.21616743716056383,-0.34611056755128156
Salaj,2013,2.945238869,3.823414979,2.029813665,0.692175646,0.200730937,-0.4914447090093582,42.83351172521164,3.9735158858107695,34400,1076.6486181966136,0.9288081395348837,-1700.0,-4.709141274238227,-1.4683501199999969,1700.0,4.709141274238227,1.4683501199999969,0.6055424865893408,1.503671373,9.961846651,838.4410589,60.66060091,31951,10.37195875822042,19.26074301,70.78964665,5.038965917,-0.7119974993777529,0.8991848581449774,1.9826524847968336,0.667079497968947,-0.2627605964170535,0.4120553452742493,0.7582139570956097,-1.4077107754831695,-0.8432410568951739,1.2812184799757005,-0.8611849631990165,-0.4448908985982634,1.179099914706653,-0.8760711554311024,0.3513456278644004,0.2616964450788292,0.1759567181522382,-0.3513456278644004,-0.2616964450788292,-0.1759567181522382,1.6151367411127566,-0.2406657475682566,-0.35075222771761055
Salaj,2014,3.292116631,3.96563622,1.991911452,0.404988339,0.167581382,-0.2374069574203639,35.27876383378576,-7.554747891425883,33700,1089.9799469564657,0.9174480712166172,-700.0,-2.034883720930236,-0.3593365999999989,700.0,2.034883720930236,0.3593365999999989,0.6135707563289343,1.599079474,10.88764703,760.6929959,60.54201109,30918,10.339093817556279,17.9701145,69.36735882,7.59751601,-1.0108712924346732,0.42150341436942224,-2.6088600605930776,0.6759236241302865,0.23453953592339077,-0.01997998088886727,0.7473897071411443,-1.4438031301162222,-0.9578209492119732,1.207697241896746,-0.53410261440872,-0.4798736021992178,1.2061210883802769,-0.8790093894403653,0.5022483173934221,0.44501209972304134,0.5173634243864899,-0.5022483173934221,-0.44501209972304134,-0.5173634243864899,1.7176173310167016,-0.1919793806850026,-0.3567459402167304
Salaj,2015,3.183603338,3.046478497,1.574139453,0.45215622,0.22607811,-0.2260781099870005,30.66205853763905,-4.6167052961467085,29300,885.8118934607129,1.1289078498293514,-4400.0,-13.056379821958451,-3.670703920000001,4400.0,13.056379821958451,3.670703920000001,0.4849234234824434,1.397007542,10.4467901,772.2864695,60.46323061,33077,10.406593455786899,18.47507331,67.90821417,6.850681743,-0.9617840132920493,0.12959235617878542,-1.4386873706038608,0.5342027703324915,-0.0022698396236485335,0.0444433623414258,0.7401990426553322,-1.3696748696845666,-0.9129915303467266,1.1322707923824555,-0.6295771204095056,-0.6997648819766454,0.7922943400122734,-0.8243162048833599,-0.056091633863958296,-0.3104920851373203,-0.5020317312766657,0.056091633863958296,0.3104920851373203,0.5020317312766657,1.500566047348559,-0.18980820565666462,-0.3461692501293004
Salaj,2016,3.309989226,3.734088696,1.888472033,0.774132506,0.258044169,-0.5160883371203704,27.549214775492143,-3.1128437621469054,25300,717.4048658764816,1.393913043478261,-4000.0,-13.651877133105806,-4.0328997000000015,4000.0,13.651877133105806,4.0328997000000015,0.362366450210218,1.218617993,9.818179913,946.7797953,60.57995358,35266,10.470674605967869,18.42284353,64.06737367,8.313956786,-0.6267055765866283,-0.0672305853567818,-0.8397247485372312,0.3991911963907385,-0.33993218701144456,1.0140788492768367,0.7508528964406542,-1.2993008008170377,-0.9176284049560826,0.9337291590593375,-0.44251358028179544,-0.8996660454106705,0.45095135596431674,-0.7557737233774613,0.0042694419476504,-0.35131237909023905,-0.6135326877859659,-0.0042694419476504,0.35131237909023905,0.6135326877859659,1.3089526935284397,-0.24538870197972681,-0.3403895234519467
Salaj,2017,3.990325271,5.614876494,2.564277588,0.735235239,0.291182273,-0.4440529660554265,30.29992834476405,2.750713569271909,25400,758.0731809228198,1.3191338582677166,100.0,0.3952569169960451,0.022768580000001,-100.0,-0.3952569169960451,-0.022768580000001,0.6491322407990301,1.634410338,9.822037882,774.0919715,60.4996115,33506,10.419479806253477,17.89231779,64.15865815,7.870232197,-0.6671856864120873,0.10669511647558183,1.4956309969639248,0.7150989714142661,-0.337859852048331,0.05447628940557889,0.7435196973871292,-1.355523049490562,-0.9647276141316885,0.9384478579369012,-0.49923886433357384,-0.8946685163248199,0.5333816690768517,-0.7751150458955041,0.6229704690166394,0.6115939689105877,0.6349934339276234,-0.6229704690166394,-0.6115939689105877,-0.6349934339276234,1.755567229888874,-0.2315831141003577,-0.3343978813879149
Salaj,2018,3.872842439,6.418760234,2.683930472,0.96070708,0.406452996,-0.5542540848526053,26.533890138130424,-3.766038206633631,25900,762.5945882283661,1.3113127413127412,500.0,1.9685039370078703,0.5371995600000012,-500.0,-1.9685039370078703,-0.5371995600000012,0.6541384983846863,1.598244524,10.64345084,835.2132513,60.19762809,33963,10.43302697574622,18.5937638,62.93613638,8.300209051,-0.4325387410051412,-0.13142885453083078,-1.0998810517233035,0.7206139796439158,0.10336784885278913,0.3941188610012226,0.7159562529705521,-1.340645516297884,-0.9024543823929531,0.8752529741637094,-0.44427107624274975,-0.8696808708955668,0.5425460767854283,-0.7771379449823502,0.6833315448282481,0.7194372867816652,0.7933595704077797,-0.6833315448282481,-0.7194372867816652,-0.7933595704077797,1.716720487167558,-0.2527031723088124,-0.31355598552452585
Salaj,2019,3.509230542,5.386988196,2.755504587,0.990106436,0.472550799,-0.5175556372310023,24.441701268095613,-2.0921888700348106,25900,718.2075314735733,1.3923552123552123,0.0,0.0,-0.3203499600000015,-0.0,-0.0,0.3203499600000015,0.6779814300641517,1.437035494,10.88197349,697.8677464,59.96965674,36062,10.492994958336313,18.77599689,60.1408685,12.09028895,-0.4019430397781691,-0.26371649859948665,-0.43321516199395765,0.7468799002805169,0.2314919543314644,-0.3690912784785152,0.6951482369464361,-1.2747885376899177,-0.8862760261370872,0.7307593274030982,0.040248745690558835,-0.8696808708955668,0.4525782730474942,-0.756176649861545,0.6078802000637373,0.5844998020072706,0.5293653523246991,-0.6078802000637373,-0.5844998020072706,-0.5293653523246991,1.543561223760327,-0.24566991022955276,-0.3016049584894581
Salaj,2020,3.608603667,5.45334197,2.110334404,0.865478784,0.212573737,-0.6529050478670504,22.62832263978002,-1.8133786283155933,25600,602.5797947462574,1.65953125,-300.0,-1.158301158301156,-0.1980335699999997,300.0,1.158301158301156,0.1980335699999997,0.6076575296668819,1.068550927,10.10666759,877.7149457,60.21941854,42484,10.656882813441431,20.02636287,58.14188871,12.45880802,-0.531642153092456,-0.37837516540538035,-0.3221697567730305,0.6694094779548199,-0.1849690187033359,0.6302949494343083,0.717945169704048,-1.0948065122557937,-0.7752705755097881,0.6274275924647421,0.08735983541258274,-0.8846734581531186,0.21821325123465657,-0.6870726886639058,0.5626093932050308,0.5051002935917582,0.5670201104275261,-0.5626093932050308,-0.5051002935917582,-0.5670201104275261,1.1477613346433675,-0.27160964171607693,-0.3486109519633937
Salaj,2021,3.592435568,5.342695716,2.007679535,1.365903723,0.490517911,-0.8753858112034291,23.492270846941,0.863948207160977,12300,280.0865307981328,3.5703252032520325,-13300.0,-51.953125,-11.51748819,13300.0,51.953125,11.51748819,0.7059392722306409,1.089290148,9.258116765,877.2997405,60.46014064,43915,10.690011226351217,20.40988273,56.02186041,10.97119435,-0.010853469144080941,-0.32374832240876145,0.7441642542055416,0.7776789007301164,-0.6407740141883219,0.6279877110661106,0.7399170065781058,-1.058424811786916,-0.7412223083905733,0.5178385893876204,-0.10281512915323832,-1.5493448265712522,-0.43544600889544466,-0.19285384940645373,-1.3991255706722519,-2.9767955969369524,-2.9176422931311694,1.3991255706722519,2.9767955969369524,2.9176422931311694,1.1700379293973944,-0.31424810785155904,-0.2983563566977452
Salaj,2022,3.544491525,3.752129869,1.470665788,1.596342652,0.404706588,-1.191636063853706,24.118031358885013,0.6257605119440157,12700,293.77746934998845,3.4039370078740157,400.0,3.2520325203251987,-0.0042581899999998,-400.0,-3.2520325203251987,0.0042581899999998,0.6702878480082634,1.12525111,10.13530037,590.8060472,60.39148993,43230,10.674289977661678,21.83668749,54.57552625,10.52741152,0.22896268950740267,-0.2841819213720845,0.6492981224203149,0.7384044737512709,-0.16958872117239893,-0.9640184618534822,0.7336509337854198,-1.0756899238336992,-0.6145529108906708,0.44307434274488167,-0.1595478586731074,-1.5293547102278495,-0.4076959447398963,-0.23588945805798436,0.668241275875346,0.8074209150654574,0.6266733184741607,-0.668241275875346,-0.8074209150654574,-0.6266733184741607,1.2086646346839125,-0.3748575083487103,-0.313871750470938
Satu Mare,2012,3.220418432,3.139021293,1.865702825,0.787696766,0.231675519,-0.5560212467512774,40.43573500680836,,57200,510.54106642389183,1.9587062937062938,,,,,,,1.1438499164597815,0.227853042,10.75423177,720.4577178,54.5435721,112038,11.626593378447135,33.70285082,48.49872365,10.6803049,-0.6125893474309635,0.7475751074081971,,1.2600913146847137,0.16287459825518685,-0.24356190468801367,0.19988400248308028,-0.029868103838337202,0.4389056994145951,0.12895082900194688,-0.14000213002714207,0.6945457329756797,0.031660619647937975,-0.6096923188005415,,,,,,,0.2447435166302122,-0.25304184910784205,-0.34515719249275034
Satu Mare,2013,3.876771282,4.858005845,2.371720117,0.845855519,0.173400381,-0.6724551379378888,41.47915576487005,1.0434207580616928,54200,387.46112878435855,2.5809040590405905,-3000.0,-5.24475524475524,-2.18535404,3000.0,5.24475524475524,2.18535404,0.9713829482471554,-0.04333375,10.80738165,847.9207645,54.73833636,139885,11.848575935462698,27.24237767,54.79072095,12.26007077,-0.5520639457683806,0.8135498747120762,0.8156451367510044,1.0700977450848195,0.19142442709240148,0.46473276954430887,0.2176610514105223,0.21391365898405781,-0.1346445608710506,0.4541982379497146,0.0619534747163554,0.5446198604001609,-0.2178092142003053,-0.4487634772324851,0.15517213147667214,0.2249810488671002,-0.04477093058215088,-0.15517213147667214,-0.2249810488671002,0.04477093058215088,-0.04654602929962838,-0.2753564189247237,-0.35569381728359706
Satu Mare,2014,4.090035692,5.424582639,2.137745479,0.757904777,0.27676298,-0.4811417963194782,35.68981809591307,-5.789337668956982,52600,366.234055589595,2.730494296577947,-1600.0,-2.952029520295208,-0.6390642,1600.0,2.952029520295208,0.6390642,1.1867679291333892,0.017472482,11.93277447,776.5212116,54.89911683,143624,11.874954052550665,25.94482816,54.76034646,12.55082716,-0.6435936590356545,0.4474940888730566,-1.9057270181108943,1.3073707822401437,0.7959370315541737,0.06797524357157565,0.23233624018369411,0.24288216880795954,-0.2498388882701222,0.45262811264616276,0.09912346534002055,0.4646593950265508,-0.26083421506186927,-0.41007258990047596,0.36643589681730254,0.38214336727548415,0.4312500661302147,-0.36643589681730254,-0.38214336727548415,-0.4312500661302147,0.01876769626332065,-0.23869119306189654,-0.337005008291506
Satu Mare,2015,4.262207018,3.50358938,1.755180751,1.036403122,0.374137227,-0.662265895456598,30.486852382192144,-5.202965713720925,45500,321.3254143685426,3.11210989010989,-7100.0,-13.498098859315588,-3.892974970000005,7100.0,13.498098859315588,3.892974970000005,1.1289244143460777,0.034583002,11.38418188,710.6467721,55.05460292,141601,11.860768522363712,26.42424842,53.81106066,12.26827494,-0.35376240709169304,0.11851419308253851,-1.6721849825749477,1.2436490390765678,0.5012566946302814,-0.2980799847779073,0.24652818602358656,0.22730358640923828,-0.2072767401851615,0.40355740710073784,0.06300228716713221,0.10983482993115624,-0.3518592145754195,-0.3113693177046883,-0.46352889559231697,-0.3407711487233133,-0.5704572515279698,0.46352889559231697,0.3407711487233133,0.5704572515279698,0.0371465987337015,-0.2734036493280648,-0.31939894264940943
Satu Mare,2016,4.200221097,4.823680978,2.160896331,1.452811887,0.452372564,-1.0004393233550386,29.75452025867758,-0.7323321235145634,39300,256.0343985146096,3.9057251908396946,-6200.0,-13.626373626373622,-3.42239961,6200.0,13.626373626373622,3.42239961,0.9987815170726608,-0.06438997,10.79320428,915.9602795,55.2472026,153495,11.941423272188965,25.34089058,48.79898368,13.22844392,0.07959124059475474,0.07220934332300145,0.1083927880175292,1.1002806371889382,0.18380895388979254,0.842819025596826,0.2641076635661793,0.3158788211337443,-0.3034554807646337,0.14447194131521474,0.18574927815754216,-0.20001197339158266,-0.48419710155556317,-0.10610404979021304,-0.3277164750161974,-0.34956415853214423,-0.42559194484298074,0.3277164750161974,0.34956415853214423,0.42559194484298074,-0.06916312181200572,-0.33821462910507377,-0.3052533495260702
Satu Mare,2017,4.711680311,6.498510094,3.547673982,1.329494528,0.515069072,-0.8144254558581403,29.55608954091312,-0.198430717764463,39700,252.64095710831108,3.958186397984887,400.0,1.0178117048346147,-0.1298843099999977,-400.0,-1.0178117048346147,0.1298843099999977,0.9569317148526264,-0.095058492,10.66777704,918.2199561,55.41126315,157140,11.964892406729813,23.55288278,45.48873616,11.86012473,-0.04874426008979316,0.059662707338136486,0.32103669085252357,1.0541779347802585,0.11643483689227074,0.8553757386419366,0.27908224064933157,0.341652679526964,-0.46219189453376514,-0.026642154499126,0.010824794253745516,-0.18002185704818016,-0.49107524335542646,-0.09253517866351975,0.668241275875346,0.654269005330826,0.5879996692600482,-0.668241275875346,-0.654269005330826,-0.5879996692600482,-0.10210506482418356,-0.30256504812083024,-0.2939173046334383
Satu Mare,2018,4.729842905,7.981207765,3.579838751,1.504495682,0.560847503,-0.9436481794712008,26.72801906779661,-2.828070473116508,39900,243.4931193360388,4.106892230576441,200.0,0.5037783375314797,0.2181268999999979,-200.0,-0.5037783375314797,-0.2181268999999979,1.0109522998875025,-0.094059958,11.65616862,803.2345384,55.50364552,163865,12.006798197083556,24.04601349,45.3336588,12.03490678,0.13337819940079376,-0.11915421760922143,-0.7263043623940165,1.1136882508078312,0.6473562695115815,0.2164175379724011,0.2875144135311682,0.3876737164149434,-0.4184125550785203,-0.03465844998076268,0.03316874741565174,-0.1700267988764789,-0.5096169294570486,-0.05407303896021439,0.6380607379695415,0.6190329215364352,0.6951339456200832,-0.6380607379695415,-0.6190329215364352,-0.6951339456200832,-0.10103251068793527,-0.3273305992726826,-0.2856401873667118
Satu Mare,2019,3.468424873,7.270964077,2.974598684,1.675862193,0.525672591,-1.1501896015671331,23.72364039955605,-3.004378668240559,39500,226.6857962697274,4.4113924050632916,-400.0,-1.0025062656641603,-0.2999161699999995,400.0,1.0025062656641603,0.2999161699999995,0.7011947527366708,-0.276120417,11.96983611,710.675332,55.50397259,174250,12.06824632862277,21.34691535,42.43098996,18.66169297,0.31171811170583325,-0.309118986853528,-0.7965249355357924,0.7724522291880948,0.8158449500372721,-0.29792128132941514,0.28754426674649963,0.4551561980575064,-0.6580340819837907,-0.18470389250557495,0.880330113490301,-0.1900169152198814,-0.5436835708057495,0.02468465363791237,0.5475191242521287,0.5157797596359498,0.535655837349429,-0.5475191242521287,-0.5157797596359498,-0.535655837349429,-0.29658889469460314,-0.36691428866472503,-0.2920001010883242
Satu Mare,2020,3.47116135,6.810775208,2.446838203,0.997669082,0.42627679,-0.5713922925528538,21.26884332356933,-2.454797075986715,37200,207.1004270054503,4.828575268817204,-2300.0,-5.82278481012658,-1.2224115100000006,2300.0,5.82278481012658,1.2224115100000006,0.6903854155206667,-0.302458724,11.13866483,878.4718154,55.67812323,179623,12.098615489011754,22.1135378,41.83985347,19.14843867,-0.39407264773620204,-0.4643340950590817,-0.5776358795331413,0.7605444152805314,0.3693754983958224,0.6345007705838647,0.30343981374277795,0.48850768096047864,-0.5899745922948165,-0.21526105941773763,0.9425551710551899,-0.30496008419444587,-0.583381013865278,0.13258725105384805,0.26080401414698734,0.18535813818346603,0.2516682304662892,-0.26080401414698734,-0.18535813818346603,-0.2516682304662892,-0.3248796290257602,-0.25598771195930364,-0.309971680339199
Satu Mare,2021,4.171519753,6.60971747,2.709462461,1.876241127,0.611718518,-1.2645226084773231,23.77721999864324,2.5083766750739045,19200,91.8251687048347,10.890260416666667,-18000.0,-48.38709677419355,-10.8736214,18000.0,48.38709677419355,10.8736214,0.5543761932852054,-0.449766815,10.14867303,913.6359687,55.94754766,209093,12.250534408051008,22.92855332,41.37106455,18.30142568,0.5202510468096896,-0.3057311861463818,1.3991123093781972,0.6107135352063676,-0.16240550356027508,0.8299031491642206,0.32803144710691884,0.6553453928391894,-0.5176188448473034,-0.2394938068751186,0.8342739226313031,-1.2045153196475589,-0.8170315997088552,1.700416682696996,-2.1083682114586537,-2.732350630189144,-2.719429705039799,2.1083682114586537,2.732350630189144,2.719429705039799,-0.48310749337979414,-0.38882622374711806,-0.27644228898019
Satu Mare,2022,3.935648805,2.751442094,1.819454317,2.28021978,0.691391941,-1.588827838827839,23.59619306594153,-0.1810269327017017,19300,99.27064366468126,10.073471502590673,100.0,0.5208333333333259,-0.2547888900000004,-100.0,-0.5208333333333259,0.2547888900000004,0.6157501940849119,-0.405078614,11.10687021,572.2342561,56.09888149,194418,12.177765759314639,22.83584853,41.73070395,18.81410157,0.9406687651183036,-0.3171773929315683,0.32796832418405136,0.6783245427715214,0.3522967964506012,-1.0672193586439493,0.34184439667111083,0.5754306927579931,-0.525849024773711,-0.22090324215800888,0.8998138683717185,-1.1995177905617083,-0.8019404204575784,1.4891576569156073,0.6229704690166394,0.6202020115204954,0.5495481441141928,-0.6229704690166394,-0.6202020115204954,-0.5495481441141928,-0.4351066092596286,-0.45097936172854974,-0.26203667806677755
Sibiu,2012,2.629152896,2.827968236,1.105744125,1.505419147,0.636908101,-0.8685110463748711,8.594629838183865,,29200,854.4507520337098,1.1703424657534247,,,,,,,-0.2348464974552326,0.626288706,8.75465194,848.7917644,33.82229253,34174,10.43922040000822,16.82273073,75.53988412,2.241470123,0.13433924287513274,-1.2657157802493555,,-0.25871229037054294,-0.9112136573127914,0.46957279656703416,-1.6914445233722086,-1.3338438833011466,-1.059683807341958,1.526768876032625,-1.2188138787070217,-0.704762411062496,0.7287286696753332,-0.8135993153138581,,,,,,,0.6727147418984935,-0.3129305583118324,-0.27188780496148396
Sibiu,2013,3.219785206,4.515173472,1.390451833,1.553447277,0.365730012,-1.1877172653534185,9.532153495707025,0.93752365752316,27700,830.8338332333534,1.203610108303249,-1500.0,-5.136986301369861,-0.8278928299999997,1500.0,5.136986301369861,0.8278928299999997,-0.2675907188665556,0.685967316,8.706255042,997.7288451,33.95484079,33340,10.414513156304785,19.82903419,70.37192561,3.518296341,0.18432177704935682,-1.2064368128058929,0.7734681120889576,-0.2947840760242268,-0.9372103887099676,1.2971957334626694,-1.6793462210283017,-1.3609774360698144,-0.7927890936040582,1.2596255454200922,-1.055585759967792,-0.7797253473502554,0.6808597080709852,-0.8049947791430042,0.3815261657702047,0.23236842050696652,0.3731197012172367,-0.3815261657702047,-0.23236842050696652,-0.3731197012172367,0.7368172561854874,-0.3741064701257172,-0.3209190363468449
Sibiu,2014,3.697967544,4.957885381,1.729411765,1.135267898,0.578549986,-0.5567179113981624,8.41908325537886,-1.113070240328165,26600,805.8896597691398,1.2408646616541354,-1100.0,-3.971119133574008,-0.4056126200000012,1100.0,3.971119133574008,0.4056126200000012,-0.2139673553902956,0.745834585,9.387461787,946.5290141,34.11665663,33007,10.404474939166215,19.2292544,71.57875602,1.287605659,-0.250874536065963,-1.2768154683301887,-0.043248766481739816,-0.23571134838024785,-0.5712954332574567,1.0126852925326952,-1.6645765291715144,-1.372001429587751,-0.8460365642894788,1.3220093077099888,-1.3407549070129767,-0.8346981672946123,0.6303005436048477,-0.7953590452205717,0.4418872415818134,0.3122865655743037,0.5031174812298806,-0.4418872415818134,-0.3122865655743037,-0.5031174812298806,0.801122414539474,-0.25317536497460075,-0.2824394326771675
Sibiu,2015,3.573891213,3.454245609,1.669090909,1.557095961,0.637493405,-0.9196025558356292,7.548678124821562,-0.8704051305572982,23300,672.4386724386724,1.4871244635193133,-3300.0,-12.406015037593988,-2.0807579900000004,3300.0,12.406015037593988,2.0807579900000004,0.1306905479855623,0.983657678,9.09073075,955.2704199,34.27550536,34650,10.453053004618049,17.24386724,75.24963925,0.793650794,0.18811893660399565,-1.331850578092903,0.053400643817269715,0.1439717064784899,-0.7306865798986019,1.0612600860414048,-1.6500776593826119,-1.3186528845959058,-1.0222959954405513,1.511765469733026,-1.4039015766375509,-0.9996166271276831,0.3598097042796062,-0.7316649806530953,0.1099013246179656,-0.2659107223378253,-0.012571329520828354,-0.1099013246179656,0.2659107223378253,0.012571329520828354,1.0565750501958604,-0.32272225249376707,-0.2717819771788611
Sibiu,2016,3.561240047,4.097547934,1.752845528,2.300344498,0.631394718,-1.668949780119559,6.556570241154919,-0.9921078836666428,20100,566.3407624468175,1.765721393034826,-3200.0,-13.733905579399142,-1.9575295499999985,3200.0,13.733905579399142,1.9575295499999985,0.1756638580486388,1.023914577,8.577752155,1161.59979,34.4935617,35491,10.477034422194833,16.63238568,73.77081514,1.732833676,0.9616124163739659,-1.394580868112091,0.004928494974402733,0.1935153367988912,-1.0062366109505065,2.2078041061565283,-1.630174632897573,-1.292316435775566,-1.0765823301647925,1.4353217449292994,-1.2838374263093437,-1.1595375578749032,0.1447606192302463,-0.6596070536895353,0.12499159357086778,-0.3569352848994084,0.025364200620216118,-0.12499159357086778,0.3569352848994084,-0.025364200620216118,1.0998161451760815,-0.4663347418038638,-0.27288467000535965
Sibiu,2017,3.841252503,5.787455183,2.124031008,2.172845386,0.759007635,-1.4138377509562008,7.516778523489933,0.9602082823350138,20500,611.0283159463488,1.6365853658536584,400.0,1.990049751243772,0.1202778399999999,-400.0,-1.990049751243772,-0.1202778399999999,0.202454949776087,1.170034092,8.415053658,939.3259325,34.67984089,33550,10.420792142399828,16.37257824,73.9880775,1.153502235,0.8289249950081288,-1.3338675676521778,0.7825030146053933,0.22302901819265644,-1.0936312436650517,0.9726587556859118,-1.6131720561681757,-1.3540818388680966,-1.0996476105825506,1.4465525221026907,-1.3578985474766703,-1.1395474415315006,0.23533749764289635,-0.693007545328718,0.668241275875346,0.7209142144757129,0.6650113865346745,-0.668241275875346,-0.7209142144757129,-0.6650113865346745,1.2567673258067318,-0.41744248948904383,-0.24981120384051822
Sibiu,2018,3.740430186,6.254314637,2.532534247,2.496958353,0.917173608,-1.5797847449695834,6.309935879248709,-1.206842644241224,20700,637.0014771048744,1.569855072463768,200.0,0.9756097560975618,0.092735489999999,-200.0,-0.9756097560975618,-0.092735489999999,0.2694214682194089,1.28053987,9.265809432,996.9748971,34.80595405,32496,10.388872283820167,16.88207779,74.17528311,1.797144264,1.1662270604724023,-1.4101753869197577,-0.08059672947928545,0.29680087151959644,-0.6366418444420937,1.2930061477994228,-1.601661115630552,-1.3891363021475953,-1.054415072232334,1.456229598663576,-1.2756160284822404,-1.1295523833597994,0.28798230981129164,-0.710267055746538,0.6380607379695415,0.6513761359247269,0.6565325512221427,-0.6380607379695415,-0.6513761359247269,-0.6565325512221427,1.3754647655265972,-0.44924625165892884,-0.22121349357546155
Sibiu,2019,3.364367585,5.452283801,2.379705401,2.324153492,0.809875204,-1.5142782881874992,6.61641541038526,0.3064795311365511,20500,620.6478958522556,1.611219512195122,-200.0,-0.9661835748792312,-0.1203244799999989,200.0,0.9661835748792312,0.1203244799999989,0.3385840592082808,1.269474342,9.509411356,892.5712423,34.83250512,33030,10.405171518384835,15.05600969,76.42446261,1.849833485,0.9863902675261743,-1.3907968997716802,0.5221339060899641,0.3729919687536653,-0.5057893714992339,0.7128493527145158,-1.5992376747463466,-1.3712364446621628,-1.2165304173064506,1.5724947160426697,-1.2688802939708228,-1.1395474415315006,0.25483535445726035,-0.6995683169548582,0.577699662157933,0.518269616243606,0.5909426361523354,-0.577699662157933,-0.518269616243606,-0.5909426361523354,1.3635789631140893,-0.4366919310189223,-0.240613928519171
Sibiu,2020,3.30387428,5.273277637,2.235516373,1.947423365,0.539052861,-1.4083705039385024,6.523712275924664,-0.0927031344605957,19800,544.165338316935,1.8376767676767676,-700.0,-3.4146341463414664,-0.2606941599999999,700.0,3.4146341463414664,0.2606941599999999,0.2067054036137751,0.996499668,9.037244714,1025.729128,35.00707125,36386,10.50193936425675,17.66338702,68.09487165,2.182157973,0.5943298969217541,-1.3966584543527287,0.3631461996661592,0.22771141567091632,-0.7594169772763784,1.4527894664584489,-1.5833042040259782,-1.2649657702076502,-0.9850517141894211,1.1419195348780573,-1.2263962814854075,-1.174530145132455,0.0998134127293942,-0.6409960979277421,0.5022483173934221,0.35043263329617386,0.5477302232829627,-0.5022483173934221,-0.35043263329617386,-0.5477302232829627,1.0703690016208087,-0.41639469091391046,-0.2895808380985012
Sibiu,2021,3.812900408,5.559983897,2.090407177,3.227787928,0.845093567,-2.382694361739172,10.56279456612143,4.039082290196767,10200,254.33871932974267,3.931764705882353,-9600.0,-48.48484848484848,-4.716352503,9600.0,48.48484848484848,4.716352503,0.0912003300715152,0.702219761,8.047819718,996.2244239,35.83747368,40104,10.599231358943339,17.12547377,68.13285458,3.613105925,1.9267962145904394,-1.1412700962449491,2.008766475082939,0.10046837628416798,-1.2908935165096203,1.288835871123351,-1.5075094733727423,-1.1581194743000804,-1.0328067744435754,1.1438829574572031,-1.043465402618763,-1.6542929373741153,-0.4876340614096345,-0.09936903847342138,-0.8407856194148714,-2.7390513381329744,-0.8239317191149951,0.8407856194148714,2.7390513381329744,0.8239317191149951,0.7542744755780149,-0.6031239801918978,-0.23424615849898087
Sibiu,2022,3.796565594,4.57506278,2.266245487,3.873324235,1.131893714,-2.741430520992213,10.647923735660042,0.0851291695386109,10600,269.95364946773293,3.7043396226415095,400.0,3.9215686274509887,0.0207045649999999,-400.0,-3.9215686274509887,-0.0207045649999999,0.1652049565108171,0.829851402,8.855197409,745.3058841,36.62315766,39266,10.578114283458694,16.46207915,69.97657006,5.643559313,2.598601269780593,-1.1358874381871245,0.433973799603647,0.18199357087548992,-0.8572049571932896,-0.10548405145614777,-1.435796405718711,-1.1813102959417074,-1.0917018658925812,1.239188733050414,-0.783894380314665,-1.634302821030713,-0.45598427264808145,-0.15819158208992495,0.668241275875346,0.853316438342144,0.6343580326903432,-0.668241275875346,-0.853316438342144,-0.6343580326903432,0.8913672981265791,-0.6718758100063122,-0.1823903303944008
Suceava,2012,2.417046244,3.426444988,1.51039069,1.943365472,1.326346934,-0.6170185372773935,50.1693023255814,,110100,1811.9281153314464,0.5518982742960945,,,,,,,0.4318945302633085,0.371688758,6.89011175,778.2080712,58.77343065,60764,11.014752787327554,21.31689816,65.23105786,1.979790666,0.5901068764637883,1.3630217850127506,,0.475784924764441,-1.912764428163229,0.0773488910858212,0.5859630623655726,-0.7017928706972502,-0.6606989591124176,0.993882596765197,-1.2522667048447234,3.338238619390662,2.6694326001152366,-0.9735573107467861,,,,,,,0.3992416029608087,-0.2647319874705986,-0.14723158708070894
Suceava,2013,2.74201788,3.894898998,1.735461802,1.39887605,1.818296426,0.4194203755873097,49.53229065329642,-0.6370116722849772,104000,1684.974563364765,0.5934807692307692,-6100.0,-5.540417801998188,-1.7594016099999976,6100.0,5.540417801998188,1.7594016099999976,0.3711580426002657,0.35845526,6.852005005,830.5166346,58.906938,61722,11.030395710359086,22.83464567,60.47438515,2.841774408,0.02346059765554644,1.322743980949386,0.14635731208723968,0.4088762162989747,-1.9332337320881563,0.3680204059458515,0.5981489053591642,-0.6846137760711147,-0.5259558127209818,0.7479995487638798,-1.1420716112548912,3.0333893451537732,2.4121113654528656,-0.9628021728916198,-0.3126262060632952,0.2047139002644051,0.08635733207309315,0.3126262060632952,-0.2047139002644051,-0.08635733207309315,0.38502712151407414,-0.06609834011628152,-0.05828306819000032
Suceava,2014,3.25725706,4.113062331,1.935289691,0.507786875,4.574941082,4.067154206856338,47.793511381968095,-1.738779271328326,100100,1607.8513259553142,0.6219480519480519,-3900.0,-3.749999999999998,-0.9988088200000008,3900.0,3.749999999999998,0.9988088200000008,-0.3145952759606394,-0.058370332,7.30392826,997.8338644,59.01372258,62257,11.039026257804146,24.51290618,59.27044348,2.134699712,-0.9038895852834642,1.2128021794926125,-0.29245809419280794,-0.34656537468286014,-1.6904800028641755,1.297779311313721,0.60789563560298,-0.6751356886999004,-0.37696258420835793,0.6857651119036239,-1.2324632955805592,2.8384857108055987,2.2557908343300546,-0.9554392296515052,0.019359710900552572,0.32744389351204867,0.3205036923622078,-0.019359710900552572,-0.32744389351204867,-0.3205036923622078,-0.06269725521595847,0.6329903051373231,0.44014098396693707
Suceava,2015,2.670242375,2.352597062,1.768220617,0.703346513,3.384855094,2.68150858058324,46.55222683869087,-1.2412845432772244,86500,1328.1741827506255,0.7529132947976879,-13600.0,-13.58641358641358,-4.627854239999998,13600.0,13.58641358641358,4.627854239999998,0.2903710231408545,0.257052695,7.755597201,745.7006382,59.09698535,65127,11.084094488756865,26.48056873,58.53179173,2.338507839,-0.7003720573381981,1.1343166229538046,-0.09431435553006233,0.3198793819283107,-1.4478628801794937,-0.10329045704662881,0.6154954197529279,-0.625641652156433,-0.20227671499972003,0.6475825513672052,-1.2064086793101592,2.1588217551299134,1.6889152591183996,-0.9215656190541619,-1.4443963775309583,-0.34682496803202845,-0.7966877766982394,1.4443963775309583,0.34682496803202845,0.7966877766982394,0.276107705132722,0.3674311474572683,0.2249636381080546
Suceava,2016,3.230050047,3.155764273,1.354881266,1.10923915,3.886026292,2.776787141680092,45.43512887344338,-1.1170979652474884,74300,1070.0501180943602,0.934535666218035,-12200.0,-14.10404624277457,-4.717251960000006,12200.0,14.10404624277457,4.717251960000006,0.6694251146582573,0.467763993,7.238829642,928.7565042,59.19426496,69436,11.14816074398844,26.1867043,56.42750158,4.36661098,-0.27796246945879466,1.0636832971900458,-0.04485294121731184,0.7374540668966757,-1.7254481796773546,0.9139258917823031,0.6243745867346548,-0.5552839409571344,-0.22836551939560154,0.5388070884530983,-0.9471381101068624,1.549123206656137,1.1657254626576292,-0.8745897546843889,-1.2331326121903279,-0.38230777676474037,-0.824208614433432,1.2331326121903279,0.38230777676474037,0.824208614433432,0.5024387807136718,0.3856912956149913,0.31557951737555884
Suceava,2017,4.001888277,5.417698267,2.461386789,1.060482173,13.72432419,12.663842017889442,45.92983417842949,0.4947053049861054,74800,1092.3694779116463,0.9154411764705882,500.0,0.6729475100942128,0.2775356600000052,-500.0,-0.6729475100942128,-0.2775356600000052,0.6929570396627307,0.523725131,7.244947491,752.9694944,59.23723078,68475,11.134223994131279,27.8422782,54.85651698,4.443957649,-0.32870350953539884,1.0949631688317436,0.597101049338582,0.7633773754437648,-1.7221619344063979,-0.06289841976590808,0.6282962789606703,-0.5705893122163508,-0.08138637108552438,0.45759938185620513,-0.9372501934165303,1.5741108520853901,1.2109644113604199,-0.8795284643464828,0.6833315448282481,0.6306291709611015,0.7134227660062077,-0.6833315448282481,-0.6306291709611015,-0.7134227660062077,0.5625482512285085,2.2805465999431074,2.0944247863786454
Suceava,2018,3.800064456,7.336448369,2.728983689,1.365421146,15.09701479,13.7315936486699,46.3555951727921,0.4257609943626121,75500,914.896453110042,1.093019867549669,700.0,0.9358288770053402,-0.0891253500000033,-700.0,-0.9358288770053402,0.0891253500000033,0.6340105042896461,0.269123299,7.285166885,908.7257398,59.22919469,82523,11.32083232134744,30.08009888,49.53406929,5.794748131,-0.011355683604527104,1.12188373976453,0.5696416961109004,0.698440519493056,-1.700557806332421,0.802617680401519,0.6275627872763373,-0.3656556112188227,0.11728369590277377,0.18247016010136852,-0.7645665610792458,1.6090935556863446,0.8512456232386056,-0.8335984809316855,0.7135120827340524,0.6486492265871829,0.6005472009467059,-0.7135120827340524,-0.6486492265871829,-0.6005472009467059,0.28907308863214737,2.4851813336045683,2.3426185496627796
Suceava,2019,3.776270709,5.652956911,2.308815057,1.39016677,8.655233613,7.265066843642689,43.667355371900825,-2.6882398008912745,74700,996.07968637491,1.0039357429718876,-800.0,-1.059602649006619,-0.5028492200000017,800.0,1.059602649006619,0.5028492200000017,0.7721365935703057,0.423868717,7.939380993,806.7088053,59.1514276,74994,11.225163389318277,28.41160626,50.34936128,6.943222124,0.01439691174412573,0.9519082107648071,-0.6706121698697437,0.8506033888777165,-1.349142134156091,0.23572356278383866,0.6204646196562882,-0.47071945592338715,-0.030842355280595035,0.22461442600615028,-0.6177468555816874,1.5691133229995395,1.0157953305447995,-0.8566397160005774,0.4871580484405199,0.5118659029181132,0.47318346624021873,-0.4871580484405199,-0.5118659029181132,-0.47318346624021873,0.4552896001794479,1.2458706621760356,1.17789147090772
Suceava,2020,3.529445644,5.034948435,2.880214251,1.188418871,2.9393729,1.750954029221421,44.36565330337709,0.6982979314762687,71800,966.690901257506,1.0344568245125347,-2900.0,-3.882195448460513,-0.9415154299999956,2900.0,3.882195448460513,0.9415154299999956,0.8091328048470923,0.45117965,7.754473137,889.5922488,59.18050831,74274,11.215516236759866,28.0515389,51.04478014,8.294961898,-0.19556069552364402,0.9960611022824231,0.6781885501749431,0.8913592641331032,-1.448466678999022,0.6962954942806368,0.6231189526664349,-0.48131398140559084,-0.06280854773328938,0.2605621817924428,-0.4449418667550783,1.4241849795098713,0.9562274149214365,-0.8487455663115288,0.1702624004295743,0.3183821278845951,0.33814130201812637,-0.1702624004295743,-0.3183821278845951,-0.33814130201812637,0.48462506011766754,0.18909025123573928,0.14441678930983826
Suceava,2021,3.8286342,5.078750472,2.032997,2.059199474,3.410235226,1.3510357522230565,40.19426295377521,-4.171390349601886,34900,439.8124810968848,2.273696275071633,-36900.0,-51.392757660167135,-13.638910630000002,36900.0,51.392757660167135,13.638910630000002,0.8553989692772034,0.396334881,6.428943981,862.7654502,60.00883132,79352,11.28164893042583,27.53301744,50.02394395,9.242363141,0.7106545006061845,0.7323069977926224,-1.261325956671996,0.9423271324899898,-2.1604839125758053,0.5472226526451709,0.6987238848880657,-0.4086869026889884,-0.10884203652608689,0.20779287660573995,-0.32382708981360275,-0.4199032531690103,-0.11169863750025767,-0.5282214816633617,-4.960429043557164,-2.9383834007684757,-3.5707162500400376,4.960429043557164,2.9383834007684757,3.5707162500400376,0.4257147137072974,0.11244586340175126,0.2295525749549508
Suceava,2022,3.627169239,5.48896137,2.073268117,2.584901499,2.446114841,-0.1387866576455339,37.87513538063795,-2.3191275731372585,35300,414.68915934401576,2.4114447592067987,400.0,1.1461318051575908,-0.2521183600000007,-400.0,-1.1461318051575908,0.2521183600000007,0.7661167611244336,0.282158381,7.252826113,682.2724855,60.79401914,85124,11.351864295952563,23.21906865,52.94511536,11.76871388,1.257748868636363,0.5856701776952654,-0.5236010104151996,0.843971803324624,-1.717929877634621,-0.4557520050554639,0.7703916656881553,-0.3315762241948857,-0.4918273680824055,0.35879475834443636,-0.0008610725208463981,-0.39991313682560775,-0.16262091633468467,-0.49259341416665886,0.668241275875346,0.6630651226552848,0.5503702592956197,-0.668241275875346,-0.6630651226552848,-0.5503702592956197,0.303074445737099,-0.17307878789144754,0.05523167073072251
Teleorman,2012,2.419864951,1.519341244,1.244530019,1.148134919,0.072289976,-1.075844942253066,57.62329242880296,,88500,228.57998879054068,4.374836158192091,,,,,,,1.288323823297294,-0.547592373,12.85167518,595.1407777,67.779768,387173,12.866626900548253,46.20621789,20.59182846,22.13351654,-0.23748391859130877,1.8343323840648578,,1.41924708554665,1.2895309585563668,-0.9399309587938021,1.4080137801307273,1.3319396077264951,1.548934217596033,-1.3136189814339896,1.3241643815657833,2.258772336846926,-0.5398442457093408,0.015229533756699961,,,,,,,-0.5881847434921569,-0.35266612540341863,-0.37397541105580834
Teleorman,2013,3.112946776,4.005378262,2.033582959,1.255074396,0.138490968,-1.1165834278245663,55.1683262209578,-2.4549662078451675,83800,218.5273654674608,4.576085918854416,-4700.0,-5.310734463276834,-1.5967205000000035,4700.0,5.310734463276834,1.5967205000000035,1.1292306112106854,-0.563205545,12.81233635,659.6776318,67.81455951,383476,12.857032316344835,43.9435584,19.00666535,23.50473041,-0.12619276351768555,1.679106581769774,-0.5777032418927226,1.2439863525685946,1.2683998315781628,-0.5813085091176606,1.4111893646837117,1.321402812934582,1.348059001602405,-1.3955596069150409,1.4994589183116123,2.0238884698119466,-0.5602198350884355,0.06728194000704324,-0.10136244072266481,0.2204582894114007,0.13643825618268385,0.10136244072266481,-0.2204582894114007,-0.13643825618268385,-0.6049553013385157,-0.3604736612613613,-0.36200572659987706
Teleorman,2014,3.388169317,4.600049454,2.241515688,0.896401588,0.172215083,-0.7241865045195419,57.65985161692248,2.491525395964679,80900,211.75959396602948,4.722336217552534,-2900.0,-3.4606205250596656,-0.4123844000000005,2900.0,3.4606205250596656,0.4123844000000005,1.1082687458396578,-0.561473619,12.25471513,904.3051894,67.69268336,382037,12.85327274153696,41.91374134,17.99590092,22.89961444,-0.4994610103393895,1.8366439960491587,1.3924007298263263,1.220894280686146,0.9688697030623689,0.7780532879241848,1.4000651559524069,1.3172740390955542,1.167855156455979,-1.447808280307521,1.4221015301175643,1.8789601263222784,-0.5739373821100279,0.1051089661710233,0.1702624004295743,0.34728034786689066,0.5010328077218942,-0.1702624004295743,-0.34728034786689066,-0.5010328077218942,-0.6030949897267169,-0.28527074180395195,-0.355908128921801
Teleorman,2015,3.457974238,3.095087184,1.761333869,1.085373685,0.289432983,-0.7959407024176699,50.540906017579445,-7.118945599343029,69600,190.84597413708005,5.239827586206896,-11300.0,-13.967861557478368,-4.395268019999996,11300.0,13.967861557478368,4.395268019999996,1.092679310957393,-0.524751824,13.16929677,589.2847582,67.6282087,364692,12.806808440718504,41.42509296,20.50607088,22.50584054,-0.3027990895800913,1.3865180274628015,-2.435287376095764,1.203720601505591,1.4601436114824704,-0.9724720562446804,1.3941802508604755,1.2662468353633292,1.1244737509412515,-1.3180519824927521,1.37176188953101,1.3142393396211576,-0.6163270466154926,0.23895593753433259,-1.0973201916142084,-0.3729725559642201,-0.7250867602510497,1.0973201916142084,0.3729725559642201,0.7250867602510497,-0.5636510517959983,-0.2990224428107137,-0.3347141674236576
Teleorman,2016,3.605786315,3.615608524,1.993374339,1.662714439,0.314943125,-1.3477713142391343,43.79690949227373,-6.743996525305711,59900,173.0248734087633,5.779515859766277,-9700.0,-13.936781609195403,-4.362721499999999,9700.0,13.936781609195403,4.362721499999999,0.8359885158872328,-0.567181681,12.64504502,684.4078001,67.72559409,346193,12.754751701993543,46.49602967,21.03797593,13.99450595,0.29803533738962956,0.9600998275012221,-2.28595149945456,0.9209441316444812,1.1785381265761934,-0.4438863545932541,1.4030690728797106,1.2090780032542998,1.5746632343403943,-1.2905566211519688,0.28368184112630745,0.8294790182936466,-0.6524485065621702,0.3785440452240341,-0.8558758883677735,-0.37084208013972353,-0.7150674052186727,0.8558758883677735,0.37084208013972353,0.7150674052186727,-0.6092261835649455,-0.40478084862442,-0.3301017236982524
Teleorman,2017,5.106599306,6.19342911,3.038402592,1.55318713,0.581254079,-0.9719330509645484,40.61415811618809,-3.182751376085648,60400,164.26121885087855,6.087864238410596,500.0,0.8347245409014992,0.4799231399999968,-500.0,-0.8347245409014992,-0.4799231399999968,0.7350377229187048,-0.606241531,12.07276732,794.0734784,67.70019037,367707,12.815041704366791,43.01060355,18.60802215,15.61515011,0.1840510439119678,0.7588566762595101,-0.8675677691880783,0.8097344216994183,0.8711351675788256,0.16551078361249005,1.4007503560197536,1.2752886247405928,1.2652327929597367,-1.4161663652641976,0.49086328340345775,0.8544666637228998,-0.67021149449008,0.458297059682319,0.6833315448282481,0.6417187020618552,0.7757271849188353,-0.6833315448282481,-0.6417187020618552,-0.7757271849188353,-0.6511814937283833,-0.33275139843405604,-0.2819505103971284
Teleorman,2018,4.784704838,7.527323609,3.59142965,1.910871829,0.54034936,-1.3705224687088595,42.23018360949396,1.6160254933058695,60700,161.01052006132724,6.210774299835255,300.0,0.4966887417218624,0.2265860999999986,-300.0,-0.4966887417218624,-0.2265860999999986,0.4521297632263686,-0.696296273,12.56271999,706.5936521,67.46160447,376994,12.839984551184138,43.33888603,17.44033062,16.86180682,0.5562909727071246,0.8610368418870832,1.0437039213369963,0.49807652171300837,1.1343166623787468,-0.32060261690030845,1.378973500154628,1.3026809173994944,1.2943771756511526,-1.476526951334817,0.6502345640196096,0.8694592509804516,-0.676800312314274,0.49008723139966953,0.6531510069224438,0.6185469422053138,0.6977380866492899,-0.6531510069224438,-0.6185469422053138,-0.6977380866492899,-0.7479118865050673,-0.4091411102257063,-0.2893464204038626
Teleorman,2019,5.028675061,7.549218854,2.649807655,1.867954263,0.730062987,-1.1378912759990536,42.82367168014511,0.5934880706511549,60300,158.05448817081418,6.326932006633499,-400.0,-0.658978583196046,-0.0252527600000007,400.0,0.658978583196046,0.0252527600000007,0.4946145348311138,-0.706668695,13.54696219,569.7946247,67.25175814,381514,12.851902826281028,42.92529239,19.62968594,23.09823493,0.5116269662328038,0.8985626789535933,0.6364445547079661,0.5448787209658554,1.6630092265832925,-1.0807760558393096,1.3598198398493235,1.3157695949604011,1.2576590074354879,-1.363354279583033,1.4474929643383831,0.8494691346370491,-0.682791871935763,0.5201309349224552,0.5475191242521287,0.539327978438643,0.6202101988969488,-0.5475191242521287,-0.539327978438643,-0.6202101988969488,-0.7590532037952277,-0.36455731303054467,-0.25504463453062026
Teleorman,2020,4.205603115,4.067761241,2.192822427,1.398666125,0.514215487,-0.8844506378843119,39.58047599838645,-3.243195681758664,58000,153.51022298683253,6.514224137931034,-2300.0,-3.814262023217252,-1.308005600000001,2300.0,3.814262023217252,1.308005600000001,0.4842427978015403,-0.702519161,13.58319025,605.669319,67.44321954,377825,12.842186404438321,44.79931185,20.16647919,22.5453583,0.023242130197277385,0.6934976763917771,-0.8916417141600035,0.533452977464812,1.6824693817539973,-0.8814252983432342,1.3772954212291744,1.3050989977883214,1.4240313959753836,-1.3356062362545413,1.3768137983426039,0.7345259656624847,-0.6920026101125275,0.5685732588969403,0.26080401414698734,0.3230388447760881,0.22531832957417178,-0.26080401414698734,-0.3230388447760881,-0.22531832957417178,-0.7545960697815607,-0.31598538301935614,-0.29407163982990053
Teleorman,2021,4.94192805,4.249142891,2.25411694,1.812359053,0.628147172,-1.184211881249292,35.83326141365323,-3.7472145847332143,29000,80.93708397641103,12.355275862068966,-29000.0,-50.0,-15.454546859999995,29000.0,50.0,15.454546859999995,0.5381500482531794,-0.674451159,12.42465847,751.4383392,67.64910501,358303,12.789134276129888,43.84026927,18.96746608,22.28644471,0.45376942558426814,0.4565639098787109,-1.092383921385594,0.5928384415149223,1.0601559537373406,-0.07140683927776624,1.3960875552358931,1.2468370265127902,1.3388891612485019,-1.3975859048284462,1.3437145577287022,-0.7147574692341974,-0.8391005797572575,2.0793367811663797,-3.768297796277893,-2.8429123112623578,-4.12965477858374,3.768297796277893,2.8429123112623578,4.12965477858374,-0.7244474202199778,-0.37343466282348464,-0.2734718530626184
Teleorman,2022,4.368907411,2.677050493,2.152328862,2.240769674,0.919949017,-1.3208206561960365,35.14633048176497,-0.6869309318882628,29300,79.25623568045401,12.617303754266212,300.0,1.0344827586206806,-0.1626527200000005,-300.0,-1.0344827586206806,0.1626527200000005,0.4481686568305238,-0.69479847,13.38784019,357.7466582,67.56263895,369687,12.820411980660268,43.29365112,16.55914328,21.8595731,0.8996133196674447,0.4131297458226367,0.12647531500996578,0.4937128760160323,1.577535734183398,-2.2590975320805007,1.38819539175999,1.2811862747148435,1.2903612941820846,-1.5220774952189624,1.289143740759868,-0.6997648819766454,-0.8425074789900519,2.1471091961430973,0.6531510069224438,0.6554117767645726,0.5779120060125934,-0.6531510069224438,-0.6554117767645726,-0.5779120060125934,-0.7463030531524373,-0.39961575163775526,-0.22071167677540288
Timis,2012,4.124538463,2.69455564,1.919509717,1.445666694,0.569081502,-0.8765851915009175,20.60018467220684,,75400,212.4440362112832,4.707122015915119,,,,,,,1.811522401692568,-0.380985635,12.07414534,684.014079,38.34454625,354917,12.779639238304512,31.28675155,54.61896725,8.597221322,0.07215528892843079,-0.5066129155526622,,1.9956146447905594,0.8718753806354539,-0.4460742087634062,-1.2786771827792938,1.2364095537858533,0.22440835022516953,0.4453199051662289,-0.4063013403817994,1.604096026600494,-0.572550091082125,0.10117387674880966,,,,,,,-0.4092276464191109,-0.3144779692356676,-0.2841514125483458
Timis,2013,4.450008507,4.418300345,2.800683829,1.44791009,0.414257632,-1.0336524577626502,19.998116642601545,-0.6020680296052916,71200,177.86793305970318,5.622148876404494,-4200.0,-5.57029177718833,-1.2694744799999995,4200.0,5.57029177718833,1.2694744799999995,1.668620657036219,-0.471503537,12.21813367,836.3573176,38.63369707,400297,12.899962050573366,35.23983442,42.30658736,11.17869982,0.07448997523073556,-0.5446812574439069,0.1602747741479367,1.8381908038621335,0.9492197166162021,0.4004762805689965,-1.2522850291339076,1.3685483473785092,0.5753565944755502,-0.19113454105597474,-0.07628784844838689,1.3941998049947675,-0.642632144045189,0.33784173521193583,-0.025911095958153947,0.2026660917756409,0.23718002695610926,0.025911095958153947,-0.2026660917756409,-0.23718002695610926,-0.5064555326950096,-0.34457993047070695,-0.31214484307195656
Timis,2014,3.97164282,4.4763269,3.358279616,1.059668729,0.514867292,-0.5448014368389542,16.763747964424404,-3.234368678177141,68600,170.5937208579422,5.861880466472303,-2600.0,-3.6516853932584303,-0.887344910000003,2600.0,3.6516853932584303,0.887344910000003,1.6590474767424437,-0.471157345,12.61156373,920.9799271,38.89504783,402125,12.904518264541327,36.44612993,44.52943736,9.297357787,-0.3295500549355387,-0.7491881347213812,-0.8881260678783152,1.8276447687848811,1.1605534180735753,0.8707125190731837,-1.228430317557234,1.3735519922046548,0.6824495407161678,-0.07623045440299,-0.3167966321986498,1.2642640487626513,-0.6573761920529554,0.39984730518718703,0.21553320728828082,0.3341831869931964,0.3548175448904352,-0.21553320728828082,-0.3341831869931964,-0.3548175448904352,-0.5060836778943358,-0.25089157113405686,-0.29395378811890505
Timis,2015,4.733866905,4.000051429,2.2,1.434020995,0.651827725,-0.7821932699288806,9.23047089622184,-7.533277068202564,60000,150.88569905344372,6.627533333333333,-8600.0,-12.536443148688049,-2.819526979999999,8600.0,12.536443148688049,2.819526979999999,1.5527990416620283,-0.469547415,12.60524339,654.5355859,39.22100825,397652,12.893332529921231,34.93959543,44.00832889,11.56790359,0.060035692594985646,-1.2255119933089509,-2.600308594726693,1.7105990547299799,1.1571584033493085,-0.6098821531652583,-1.1986783788044593,1.3612677923070962,0.5487018670485967,-0.10316771638309861,-0.02653244846699658,0.8344765473794973,-0.697322238657602,0.5978802068981168,-0.6898829298858496,-0.27485134009531853,-0.23999929409956933,0.6898829298858496,0.27485134009531853,0.23999929409956933,-0.5043544057007298,-0.29638774565383275,-0.26919021409334204
Timis,2016,4.624558285,6.500334693,2.987709736,2.309063275,0.841677785,-1.4673854904438286,8.133074723034944,-1.0973961731868958,51900,131.93651794362066,7.579402697495183,-8100.0,-13.5,-2.50216938,8100.0,13.5,2.50216938,1.5416630080867235,-0.45553422,11.868631,931.0878181,39.71843181,393371,12.882508465900646,36.32931762,44.43311785,11.89335259,0.9706859857459144,-1.2948995884921894,-0.03700605055269191,1.6983313446166555,0.7614819191526967,0.926880683481424,-1.1532761938051044,1.349380779907037,0.6720791345168838,-0.08120942523926465,0.01507260887492856,0.4296766914255964,-0.7357301965562535,0.8440772243631124,-0.6144315851213387,-0.340901468575529,-0.14230164572968562,0.6144315851213387,0.340901468575529,0.14230164572968562,-0.48930242924394013,-0.4277049204630098,-0.23486376001030343
Timis,2017,5.395474544,5.20163086,2.204040789,2.121591965,0.843768888,-1.2778230762677831,7.297965021780117,-0.8351097012548276,52600,120.48799930364348,8.29958174904943,700.0,1.348747591522148,0.1063176000000005,-700.0,-1.348747591522148,-0.1063176000000005,1.4487387961410887,-0.525946192,12.13007403,591.6316521,40.2202314,436558,12.98667652057786,29.15534706,38.372679,16.82502669,0.7755859233707696,-1.3477029928598088,0.06745821654189921,1.5959639005038657,0.9019178666502794,-0.959430688621712,-1.1074745879909758,1.4637783809636387,0.035185738873012726,-0.3944870601563824,0.6455326309434793,0.4646593950265508,-0.7589351160394613,1.0303485145306956,0.7135120827340524,0.6769540786657956,0.6607137657476534,-0.7135120827340524,-0.6769540786657956,-0.6607137657476534,-0.5649339568734445,-0.39137526006362944,-0.2344856713696551
Timis,2018,5.123057959,9.424536982,2.548477006,2.329546379,0.952163935,-1.3773824443757223,5.668452588529943,-1.6295124332501736,52700,119.42206067637754,8.373662239089184,100.0,0.1901140684410718,-0.0845278599999996,-100.0,-0.1901140684410718,0.0845278599999996,1.455453861105271,-0.532790807,12.77580123,761.6118478,40.66550769,441292,12.997462066835899,31.06741115,36.20437261,18.21197756,0.9920026067693473,-1.4507359283001264,-0.2489389600434344,1.603361370151893,1.2487747369862823,-0.014874046863063027,-1.0668321292895702,1.4756230930668655,0.20493566756087309,-0.5065716656523809,0.8228389691924312,0.46965692411240145,-0.761095659320002,1.0495091224741941,0.6229704690166394,0.5975317872288286,0.6019625253674994,-0.6229704690166394,-0.5975317872288286,-0.6019625253674994,-0.5722859550320222,-0.4104558254207433,-0.21488695434173152
Timis,2019,5.501467022,10.42053694,3.52885918,2.420891289,0.922926434,-1.4979648551251066,6.026750590086546,0.3582980015566024,52400,122.25794559988054,8.179427480916031,-300.0,-0.5692599620493399,-0.0384845400000006,300.0,0.5692599620493399,0.0384845400000006,1.5771235759166975,-0.504297154,12.98214274,690.5117982,40.85847584,428602,12.968284028366302,31.17204306,38.64727649,18.25516446,1.0870646065956246,-1.4280809953830798,0.5427723267241606,1.7373955198142497,1.3596125186052146,-0.4099672740621732,-1.0492190197591669,1.4435797030390654,0.21422471773124385,-0.38029250191554176,0.8283599369966645,0.4546643368548495,-0.7553476247154427,0.9992711171861768,0.5626093932050308,0.5454780322167243,0.6161368324808061,-0.5626093932050308,-0.5454780322167243,-0.6161368324808061,-0.5416801014687245,-0.43356545953099146,-0.22017333526560007
Timis,2020,4.721404459,6.644667824,2.827490197,1.768014227,0.702248641,-1.065765585272607,6.833168742633237,0.8064181525466916,50500,145.87955259752263,6.854970297029703,-1900.0,-3.62595419847328,-0.5002228399999993,1900.0,3.62595419847328,0.5002228399999993,1.7311746508782513,-0.340321884,12.31122296,803.8772463,41.46964467,346176,12.754702595231098,37.99339065,32.27202348,12.45002542,0.4076200797530852,-1.377091737643254,0.7212510061568597,1.907101718838764,0.9992232781685115,0.2199889776519223,-0.9934347696414214,1.209024074093035,0.8198128217145197,-0.709843584667748,0.08623707707990637,0.35971128422368764,-0.7074691606379838,0.6567058233445978,0.32116508995859605,0.3359470151671069,0.47399198996779274,-0.32116508995859605,-0.3359470151671069,-0.47399198996779274,-0.3655495399846571,-0.35073441537674566,-0.26007369731215824
Timis,2021,5.530332646,5.92021792,2.46103575,2.953417746,1.221800794,-1.7316169522662646,8.915332378044983,2.082163635411746,26700,83.08077193550194,12.036479400749064,-23800.0,-47.12871287128713,-6.340398802000001,23800.0,47.12871287128713,6.340398802000001,-0.833100295596764,-0.878420427,11.79845594,774.3369,44.42711062,321374,12.680360832933633,34.70411421,36.61092683,8.808428809,1.6412611125949406,-1.245437982172571,1.2293588619872964,-0.9177624018995686,0.7237868961038901,0.055837323498275825,-0.7234929595044178,1.1273817770231402,0.5277962287327127,-0.48555596899088044,-0.37930079772326,-0.8297006382087617,-0.8347555541646777,1.9968814139590692,-2.9836038107269798,-2.6460906255498444,-1.3238898239661585,2.9836038107269798,2.6460906255498444,1.3238898239661585,-0.9435366871462297,-0.4783449131881815,-0.16613439003093675
Timis,2022,5.485702041,2.296330352,2.041662566,4.276731319,1.500934588,-2.7757967305729188,7.625446923930464,-1.2898854541145193,26900,78.5566600862079,12.729665427509294,200.0,0.7490636704119868,-0.1643755639999984,-200.0,-0.7490636704119868,0.1643755639999984,-0.7768836163547665,-0.87526129,12.56933082,505.9246484,47.42569545,342428,12.743816695607208,39.52188489,31.44223019,8.902017358,3.018424160285679,-1.3269965404304584,-0.1136712765841628,-0.8558328181019829,1.1378677158330899,-1.4356927570155307,-0.4497980360313145,1.1970691536889353,0.9555100452525682,-0.7527374551935259,-0.36733653620243006,-0.8197055800370605,-0.8439254436933814,2.1761710715131293,0.6380607379695415,0.6358467999588757,0.5773816333121824,-0.6380607379695415,-0.6358467999588757,-0.5773816333121824,-0.9401433670826915,-0.678462098373169,-0.11566470167389668
Tulcea,2012,1.227263279,1.319417539,0.892697389,0.801902252,0.285895585,-0.5160066662482828,47.53563775272524,,31600,130.83640067405588,7.643132911392405,,,,,,,-1.32849530021454,-0.887882963,12.87188886,608.0243414,53.30835508,241523,12.394719985635144,37.84525697,25.22078643,23.88095544,-0.5978057989260257,1.1964970096446326,,-1.463500906291025,1.3003888777872328,-0.8683387617602525,0.08713994255879424,0.8136903310613461,0.806661755415131,-1.0743377939054095,1.5475551298428125,-0.584821713002081,-0.7379600162792345,0.8605607768070108,,,,,,,-0.9537006696708092,-0.24537304974687063,-0.33535375810917245
Tulcea,2013,2.969760543,4.43067521,1.42156811,1.062796492,0.197074846,-0.8657216458565014,44.882049205224256,-2.653588547500988,29900,123.77569691098914,8.07913043478261,-1700.0,-5.379746835443033,-1.3732070199999953,1700.0,5.379746835443033,1.3732070199999953,-1.4067771134450449,-0.889909923,12.7989403,539.6586078,53.35783271,241566,12.394898006662794,36.70177094,25.13060613,23.54263431,-0.3262950141701295,1.0287124552460463,-0.6568111615193674,-1.5497379479956113,1.2612040498643604,-1.2482377698455953,0.0916559982731427,0.8138858341698949,0.7051449322797391,-1.0789994152498963,1.5043045129607973,-0.6697797074615417,-0.752271305579548,0.9733297070008198,0.3513456278644004,0.21572761260484263,0.20524625502994612,-0.3513456278644004,-0.21572761260484263,-0.20524625502994612,-0.955877885801667,-0.31239596935341096,-0.35141327907484954
Tulcea,2014,3.657343434,4.689276808,1.83142821,0.945098376,0.264913939,-0.6801844373800727,42.723977213878825,-2.1580719913454303,29100,129.73117560518924,7.7082474226804125,-800.0,-2.6755852842809347,-0.7948240000000055,800.0,2.6755852842809347,0.7948240000000055,-1.363625456818653,-0.865194846,12.62341089,676.605159,53.3769631,224310,12.320784302662071,36.1339218,21.45245419,24.68770897,-0.44878260852809804,0.8922590673351883,-0.45945529527616696,-1.502201092900614,1.1669172027181898,-0.48724456137677574,0.09340211883464132,0.7324939912543871,0.6547322125782448,-1.2691313131452124,1.6506896513083895,-0.7097599401483466,-0.7402001889636127,0.8774023719632055,0.4871580484405199,0.4010931337386619,0.3832998479203341,-0.4871580484405199,-0.4010931337386619,-0.3832998479203341,-0.9293307095772767,-0.27683774013009127,-0.33914741246991154
Tulcea,2015,3.719096022,3.066821536,1.541169568,1.105449647,0.256230051,-0.8492195964742745,40.5760738659173,-2.147903347961524,25600,116.49124722992003,8.5843359375,-3500.0,-12.02749140893471,-3.628722329999999,3500.0,12.02749140893471,3.628722329999999,-1.558555307940486,-0.879494549,12.78645503,568.4097536,53.38921781,219759,12.300286770340163,36.08225374,23.31008059,23.26639637,-0.2819061783477485,0.7564486356583002,-0.4554052965453092,-1.7169402897452748,1.254497499981531,-1.088471594664275,0.09452066378360488,0.7099835533617672,0.6501452065535456,-1.173106450993258,1.4689905456918384,-0.8846734581531186,-0.7670361038599504,1.1039989906849794,0.07972078671216126,-0.2399635929373136,-0.4891078163685972,-0.07972078671216126,0.2399635929373136,0.4891078163685972,-0.944690432530899,-0.30923334952417975,-0.34071753092388646
Tulcea,2016,4.065013412,3.23175139,1.80917288,1.854164019,0.403729262,-1.4504347566035902,36.1293048806254,-4.446768985291904,22400,90.57275134949356,11.040848214285715,-3200.0,-12.5,-3.50330142,3200.0,12.5,3.50330142,-1.3278055642199815,-0.846987925,12.49993841,620.0652387,53.4984088,247315,12.418418106744872,35.72407658,20.36269535,23.31844005,0.49727555713149413,0.47528253196325204,-1.3710046112322543,-1.4627410772927778,1.1005930986918693,-0.8014291463746952,0.10448703837238145,0.8397156630395839,0.6183468229713197,-1.325463384217132,1.4756437549218095,-1.0445943889003386,-0.8195701153722338,1.7393655847588634,0.12499159357086778,-0.2723532263101364,-0.45049734047827417,-0.12499159357086778,0.2723532263101364,0.45049734047827417,-0.9097741312064891,-0.42445631020125063,-0.31404845905909
Tulcea,2017,4.706426607,6.344530637,2.771798628,1.932315494,0.404793364,-1.527522129976858,35.51953628166596,-0.609768598959441,22600,97.51593263633892,10.254734513274336,200.0,0.8928571428571397,-0.0661693599999999,-200.0,-0.8928571428571397,0.0661693599999999,-1.073518188568998,-0.788378467,12.20826405,538.8228635,53.569368,231757,12.353444687934184,36.2357987,18.68940312,22.38724181,0.5786072427489337,0.43672728843877645,0.15720776757353497,-1.1826122694125527,0.9439181813787123,-1.2528818863329663,0.11096381789164284,0.7683617026779294,0.6637766774580486,-1.41195960096216,1.3566003528161035,-1.0345993307286374,-0.8054970315274855,1.536040574138538,0.6380607379695415,0.645703589744228,0.6076141381777754,-0.6380607379695415,-0.645703589744228,-0.6076141381777754,-0.8468200238839834,-0.43923011495523623,-0.31385606065562005
Tulcea,2018,4.588523989,8.820460232,3.450986754,2.009366619,0.539479754,-1.46988686562263,35.27342500799489,-0.2461112736710689,22500,93.5947886421684,10.684355555555555,-100.0,-0.4424778761061954,0.370472160000002,100.0,0.4424778761061954,-0.370472160000002,-1.2737590590311647,-0.848915163,12.46240344,532.7796752,53.53691357,240398,12.39005116214103,35.17458548,20.28219869,21.79469047,0.6587938019273758,0.42116584413564323,0.3020463316061789,-1.4032022070288614,1.0804309276971271,-1.2864630551429934,0.10800154960883704,0.8085630181904433,0.5695639000936589,-1.3296244365580077,1.2808492136860565,-1.039596859814488,-0.8134447698793333,1.6471602542460848,0.5927899311108351,0.5541687213588667,0.7420330072537071,-0.5927899311108351,-0.5541687213588667,-0.7420330072537071,-0.9118442330642476,-0.42818430932905843,-0.28950365232904257
Tulcea,2019,3.711352193,3.573191031,2.156488096,2.239462529,0.759817644,-1.4796448852275454,33.63917635762296,-1.63424865037193,22300,94.28258562592222,10.606412556053812,-200.0,-0.8888888888888835,-0.5351189600000019,200.0,0.8888888888888835,0.5351189600000019,-1.217192266482132,-0.844232907,13.56057877,344.0806089,53.341572,236523,12.37380073377112,37.45174888,21.58986652,24.91554733,0.8982529831389733,0.317833440987697,-0.25082531524422147,-1.3408869303785664,1.6703234675251013,-2.3350378943077463,0.09017180688574493,0.7907167597821402,0.7717267495411402,-1.2620281625621732,1.679816267252793,-1.0495919179861894,-0.8120506791562707,1.6270006244354316,0.577699662157933,0.5235680311046998,0.463249317155692,-0.577699662157933,-0.5235680311046998,-0.463249317155692,-0.9068148870031485,-0.4300544350074951,-0.249664747543663
Tulcea,2020,1.580709762,1.296004843,1.171673567,1.748408866,0.318635261,-1.429773605562228,34.06219096802549,0.4230146104025323,21400,95.27752919543916,10.495654205607476,-900.0,-4.035874439461884,-1.2265955899999987,900.0,4.035874439461884,1.2265955899999987,-1.2553590719040926,-0.83890922,13.6751797,430.695013,53.40489786,224607,12.32210748731907,38.23923564,20.59419341,22.68985383,0.38721691964294747,0.3445803599768226,0.5685478578147934,-1.382932359004661,1.7318821565773748,-1.8537335263035237,0.09595185560511639,0.7339471157365958,0.8416385386133538,-1.31349673188061,1.395285954690609,-1.0945696797588451,-0.8100340352438997,1.5983534417800245,0.47206777948761774,0.307847703178332,0.2503801731562034,-0.47206777948761774,-0.307847703178332,-0.2503801731562034,-0.901096561425911,-0.42049659801856076,-0.32943415510821705
Tulcea,2021,4.738101444,4.120155773,2.438079736,2.624327516,0.500262433,-2.124065083322398,37.022979072630285,2.960788104604795,11400,59.074703590083736,16.927719298245613,-10000.0,-46.728971962616825,-10.44397553,10000.0,46.728971962616825,10.44397553,-1.0117775068816175,-0.748318121,12.2006737,641.9276703,53.64442005,192976,12.170321107823025,39.76245751,19.16145013,23.24019567,1.2987792448358122,0.5317889282635627,1.5793001324978022,-1.1145973177676993,0.939840971922838,-0.6799426115008316,0.1178141710568226,0.5672549590939431,0.9768676897493334,-1.3875584355477946,1.4656410758028586,-1.5943225883439078,-0.8834132801623992,3.261980092210767,-0.90114669522648,-2.618689088898924,-2.5871644272243857,0.90114669522648,2.618689088898924,2.5871644272243857,-0.8037900521435738,-0.5535576466174993,-0.29659446688325597
Tulcea,2022,3.212932911,2.782274774,1.863334883,3.246407227,0.705027832,-2.541379395151704,35.610743977829884,-1.4122350948004012,11700,62.16757615528079,16.085555555555555,300.0,2.631578947368429,0.3094815000000004,-300.0,-2.631578947368429,-0.3094815000000004,-1.164566884411814,-0.755147022,13.1340365,267.9304947,53.65051569,188201,12.145265819615581,40.76439551,19.23316029,21.7102991,1.946173186972408,0.442494287498596,-0.16240106981134658,-1.2829136019509957,1.4412033114619627,-2.758193638081782,0.11837054875427098,0.5397391830376939,1.065818109842029,-1.383851577037981,1.2700607098405583,-1.5793300010863558,-0.8771443591688475,3.0441579734686455,0.6531510069224438,0.7648899132319884,0.7232572033828456,-0.6531510069224438,-0.7648899132319884,-0.7232572033828456,-0.8111251714420455,-0.6335359867038413,-0.2595711966953584
Valcea,2012,2.467784384,1.242729773,0.823129252,0.426757708,0.213378854,-0.2133788541555532,44.15376401494929,,59200,1011.1534322851724,0.9889695945945945,,,,,,,-1.1340912169985704,-0.354882899,9.439594397,853.3199319,55.59583329,58547,10.97758512945524,17.52267409,81.99224555,0.251080329,-0.9882160645506437,0.9826634902546758,,-1.2493409074357023,-0.5432920380976312,0.4947352025138385,0.29592882435685985,-0.7426104794225021,-0.9975439784173213,1.8603058654242157,-1.4732632133559307,0.7944963146926922,1.046348196916223,-0.8605106474877701,,,,,,,-0.38118994568563824,-0.1873743916873359,-0.3484653801804194
Valcea,2013,3.233468402,5.154929577,1.598484848,0.410367797,0.248707756,-0.16166004136839,45.16658845612389,1.012824441174601,56000,992.415113064436,1.007642857142857,-3200.0,-5.405405405405405,-0.9864253599999984,3200.0,5.405405405405405,0.9864253599999984,-0.7264781477854685,-0.166857173,9.205070581,1042.835649,55.49448451,56428,10.940720768194392,20.55539803,78.76586092,0.23392642,-1.0052729286565332,1.046703673766364,0.8034591410499691,-0.8003049973251397,-0.6692681419957119,1.5478480582043457,0.28667824511405315,-0.7830950071003284,-0.7283036975933838,1.6935268299061288,-1.475456151013085,0.6345753839454722,1.0083676334528,-0.8556808864734832,0.12499159357086778,0.21396876273487841,0.3243159058421521,-0.12499159357086778,-0.21396876273487841,-0.3243159058421521,-0.17922609654040178,-0.1774624747443927,-0.3420776237988456
Valcea,2014,3.274737512,4.211975734,0.967948718,0.360478178,0.163472662,-0.1970055161544523,45.77097310625609,0.6043846501322037,54000,914.7580973031576,1.0931851851851853,-2000.0,-3.57142857142857,-0.1950766699999988,2000.0,3.57142857142857,0.1950766699999988,-0.355123303342396,0.050287368,9.317836119,1168.313136,55.40757403,59032,10.985834948738203,21.2969237,77.62908253,0.528526901,-1.0571927012274518,1.0849184939589205,0.640784478078549,-0.39121197960032555,-0.6086953465606799,2.2451092494210734,0.2787455173370602,-0.733550508608553,-0.6624722590652338,1.6347642131619495,-1.4377947358452283,0.5346248022284595,0.8509651908560635,-0.8335557222188507,0.30607482100569383,0.3396846510594402,0.567930383811447,-0.30607482100569383,-0.3396846510594402,-0.567930383811447,0.054015110682675865,-0.1842364394104049,-0.3574888306241396
Valcea,2015,3.301136364,2.647098948,0.68627451,0.455425738,0.306454702,-0.1489710357743301,37.08999728923828,-8.680975817017817,46500,803.0671985907466,1.2452258064516128,-7500.0,-13.888888888888884,-4.0705347,7500.0,13.888888888888884,4.0705347,-0.3675157264262387,0.090591909,9.594291087,1000.595492,55.35929079,57903,10.966524475690317,15.80574409,83.55180215,0.088078338,-0.9583814491037654,0.5360264433902957,-3.0574176013681673,-0.4048637572252948,-0.46019563183700185,1.3131252972440337,0.27433847920873333,-0.7547573152326338,-1.1499702211286982,1.9409228331488186,-1.4941012161840328,0.15981012078966253,0.624579717491992,-0.7942310534159217,-0.5238899714039257,-0.36755911834540356,-0.6251185171355715,0.5238899714039257,0.36755911834540356,0.6251185171355715,0.09730737930761922,-0.17503062523434207,-0.33163650047075866
Valcea,2016,3.114350703,3.715953394,0.900309119,0.934409635,0.40664123,-0.5277684048416262,29.80748586559794,-7.282511423640336,39800,701.4204645588806,1.425678391959799,-6700.0,-14.40860215053763,-3.6718163,6700.0,14.40860215053763,3.6718163,-0.2665927159031342,0.183567763,9.067432189,1130.664972,55.45068666,56742,10.946269956243567,17.04557471,79.5601142,2.280497691,-0.45990630545970734,0.07555832173337045,-2.5004328783821586,-0.29368465305960473,-0.7432015644800051,2.0359035639600416,0.2826806096014251,-0.7770008758179054,-1.0399000825644487,1.734583557849777,-1.2138246355243543,-0.17502432796232953,0.4185526887457468,-0.7475577492644829,-0.40316781978070826,-0.4031845489134392,-0.5023741743443395,0.40316781978070826,0.4031845489134392,0.5023741743443395,0.1971754226380597,-0.24762718842019235,-0.3135219512673975
Valcea,2017,4.028233685,6.172162461,2.696840307,0.875637477,0.39601695,-0.479620527758588,33.43819393042191,3.6307080648239705,40300,769.2601359089867,1.2999503722084367,500.0,1.2562814070351758,0.4939843699999997,-500.0,-1.2562814070351758,-0.4939843699999997,-0.0181500107645988,0.421723063,9.057485516,942.6240959,55.42278635,52388,10.866432836449293,19.53882569,75.94869054,2.235244713,-0.5210700733542285,0.30512546219361025,1.8461179258091525,-0.01999446832735695,-0.748544489273998,0.9909861974931534,0.28013401724428116,-0.8646781873318287,-0.8185533305024204,1.5479009939479036,-1.2196097285637642,-0.1500366825330764,0.5560564270852636,-0.7800767740802689,0.6833315448282481,0.6706156842502261,0.7800558951945255,-0.6833315448282481,-0.6706156842502261,-0.7800558951945255,0.452984891403725,-0.23839964175182474,-0.31544290857225876
Valcea,2018,3.789028305,6.859026128,2.939908556,0.964129884,0.403589254,-0.5605406302270414,34.58540477505677,1.1472108446348628,40800,741.0367249082785,1.3494607843137254,500.0,1.2406947890818865,0.1194991999999999,-500.0,-1.2406947890818865,-0.1194991999999999,-0.1145402701627279,0.267844708,9.349296656,1035.705725,55.23658974,55058,10.916142454026694,18.67303571,76.46481892,2.780703985,-0.428976653164085,0.37766280433339217,0.8569829733755274,-0.12618018984553456,-0.5917960996296079,1.508228048110226,0.26313897797940833,-0.810086969151581,-0.8954167516253304,1.5745808239407437,-1.1498787898014855,-0.12504903710382326,0.49885059981552476,-0.7672711137105624,0.6833315448282481,0.6695472489866658,0.6647716843913298,-0.6833315448282481,-0.6695472489866658,-0.6647716843913298,0.2876997172040139,-0.2539079895165446,-0.31407377365832295
Valcea,2019,4.793695412,6.226435769,3.299354839,1.053500495,0.442378996,-0.6111214991631284,30.429236558453987,-4.1561682166027865,40300,737.1097250928245,1.3566501240694788,-500.0,-1.225490196078427,-0.6727532899999993,500.0,1.225490196078427,0.6727532899999993,-0.0273243961480757,0.268869745,9.795272999,970.5139483,55.05410874,54673,10.909125265086246,18.2192307,76.7856163,2.835037404,-0.3359692923012161,0.1148711847038213,-1.2552632384705817,-0.0301011817807002,-0.3522367956745084,1.1459662833414037,0.24648307989354487,-0.8177932624430867,-0.9357048196292087,1.5911635577957364,-1.142932862749696,-0.1500366825330764,0.4908909923419448,-0.7654116211456689,0.5324288552992265,0.5004946031526232,0.4208789741232128,-0.5324288552992265,-0.5004946031526232,-0.4208789741232128,0.2888007389760893,-0.2636018193780225,-0.3070602689080168
Valcea,2020,3.592295874,4.126490113,2.212082262,0.740857357,0.245409,-0.4954483576118463,29.40907308144856,-1.0201634770054255,39100,725.9427043686526,1.3775191815856778,-1200.0,-2.977667493796521,-0.7019374700000007,1200.0,2.977667493796521,0.7019374700000007,0.0110784687108382,0.307552892,9.736912417,989.660795,55.27305179,53861,10.89416193284752,16.91762128,78.02862925,2.88891777,-0.6613347880934036,0.05036695907160545,-0.006245573495277642,0.012204295337748031,-0.3835855894430035,1.2523626852560044,0.26646704056565895,-0.8342260288725584,-1.0512595792107495,1.6554176764801196,-1.1360448535161944,-0.21000703156328393,0.46825663894474046,-0.7600139269754004,0.42679697262891125,0.38038592925672243,0.4118947060432817,-0.42679697262891125,-0.38038592925672243,-0.4118947060432817,0.33035142159475933,-0.24143304732395485,-0.3426740660457701
Valcea,2021,3.929113051,4.119783878,2.454063604,1.295294841,0.430222929,-0.8650719119939677,31.718366576480207,2.309293495031646,19100,368.3987192840335,2.7144502617801045,-20000.0,-51.15089514066496,-10.78350606,20000.0,51.15089514066496,10.78350606,0.0587719215544474,0.366849907,8.767975196,989.8669282,55.36210646,51846,10.856033065069454,16.78818038,79.96373876,2.183389268,-0.08433563173439515,0.1963819772643587,1.3198208448174116,0.06474449736141973,-0.9040569774039301,1.25350813918577,0.27459547863641826,-0.8760992405623734,-1.0627511310155282,1.7554478138353415,-1.2262388740296162,-1.2095128487334095,-0.2564466739032894,-0.4142223121880626,-2.410173590516697,-2.921804150186722,-2.6916879499973727,2.410173590516697,2.921804150186722,2.6916879499973727,0.39404405369885137,-0.3122714477773463,-0.30925818591529003
Valcea,2022,3.23661442,3.694315904,1.911965812,1.693947819,0.437296312,-1.2566515070611846,30.560426001688423,-1.157940574791784,19500,385.1471459608928,2.5964102564102562,400.0,2.0942408376963373,-0.1428934399999999,-400.0,-2.0942408376963373,0.1428934399999999,0.2581076672973778,0.555680498,9.413766239,746.916838,55.0703623,50630,10.832299564963956,15.75153071,79.81631444,2.310882876,0.3305396943826361,0.12316620176500734,-0.06111986204188425,0.2843373288180793,-0.5571658133550839,-0.09653220150947764,0.24796661866685554,-0.9021634258364364,-1.1547831965080577,1.7478271211030219,-1.2099402254807836,-1.1895227323900068,-0.22249940921964595,-0.44475286433919514,0.668241275875346,0.7280563303117578,0.5839948450228523,-0.668241275875346,-0.7280563303117578,-0.5839948450228523,0.59687243152801,-0.38731772617569643,-0.30797926002629505
Vaslui,2012,1.986159912,1.216640306,1.125410856,0.720408902,11.11200547,10.39159657101461,60.21076915010749,,70600,276.55040581617624,3.6159773371104817,,,,,,,-0.6787859162080305,-0.820092504,10.96403246,581.5384678,61.23867593,255288,12.45014759859961,29.20858011,43.83637304,24.5503118,-0.6826153501483406,1.9979367337707095,,-0.7477661406763053,0.2755705025437683,-1.0155171299144672,0.8109775797144211,0.8745610651369419,0.03991168215524715,-0.11205649875207899,1.633124941825588,1.3642146304796638,-0.4426133550010213,-0.18104611651785552,,,,,,,-0.8808849846779889,1.8450704756923515,1.6220960518375966
Vaslui,2013,3.24019694,3.371799245,1.850850655,0.957900668,21.72180633,20.76390565885857,59.98080614203455,-0.2299630080729429,67000,402.0788074462595,2.4870746268656716,-3600.0,-5.099150141643061,-1.2729894300000026,3600.0,5.099150141643061,1.2729894300000026,-0.4741334795738187,-0.628506254,10.92322326,681.0852515,61.00790929,166634,12.02355506952571,27.30295138,47.50591116,18.44821585,-0.4354593540645495,1.9833963330465607,0.30847791276296055,-0.5223163205373349,0.2536495560621643,-0.46234930161347515,0.7899144244409567,0.4060761528867952,-0.12926692577679016,0.07763013152747666,0.8530394233398041,1.1843035833890412,-0.18818074723023331,-0.473032066202401,0.06463051775925908,0.2349620227503113,0.2360979594425598,-0.06463051775925908,-0.2349620227503113,-0.2360979594425598,-0.6750966741289232,3.832924810406746,3.540435408964865
Vaslui,2014,3.33645803,4.151208544,1.933524863,0.801650029,29.8060732,29.00442317453412,62.34165667518114,2.3608505331465963,64700,370.2135451237097,2.701143740340031,-2300.0,-3.432835820895519,-0.311756889999998,2300.0,3.432835820895519,0.311756889999998,-0.491985418290933,-0.64496031,10.76915269,653.1919852,60.46226589,174764,12.071191771336279,25.5149802,45.80748896,18.72181914,-0.5980682856128283,2.1326712668258403,1.3403551413847203,-0.5419824258576394,0.1708894745276031,-0.6173483580359508,0.7401109881290999,0.4583908901281146,-0.2880000884820995,-0.010165109555885864,0.8880165797280228,1.0693604144144768,-0.2527682165578406,-0.41766398813092137,0.26080401414698734,0.34918494049920684,0.532010704858491,-0.26080401414698734,-0.34918494049920684,-0.532010704858491,-0.6927704497047785,5.412221023534788,5.00213742532496
Vaslui,2015,2.800618569,2.647608564,1.456654576,1.031007343,13.80900386,12.777996517305905,66.14491407338596,3.803257398204821,56300,289.9073120494336,3.4493783303730017,-8400.0,-12.982998454404948,-4.647048009999999,8400.0,12.982998454404948,4.647048009999999,-0.6256061259104275,-0.698400763,11.70523174,497.3016723,59.95340369,194200,12.176643834839362,26.47219361,47.71575695,21.15190525,-0.35937775601875027,2.373148581374804,1.9148414078725327,-0.6891820634241389,0.6737108667038936,-1.4836094529190706,0.6936647447232217,0.5741985926776374,-0.2030202444819103,0.08847752961458301,1.1986762282516503,0.649567971203024,-0.4155403385318694,-0.2241362506430506,-0.6597023919800453,-0.3054619213764969,-0.802596525038763,0.6597023919800453,0.3054619213764969,0.802596525038763,-0.7501723798424933,2.3024243240419886,2.10973556797135
Vaslui,2016,3.667805145,2.553835808,1.21869937,1.870542046,23.47016383,21.599621780509363,62.05168907187857,-4.093225001507392,48400,245.24955662528504,4.077479338842975,-7900.0,-14.031971580817048,-3.858388080000005,7900.0,14.031971580817048,3.858388080000005,-0.7253512372190076,-0.716896379,11.29248527,703.2655068,59.6908467,197350,12.192734081090993,23.14416012,46.71750697,22.51836838,0.5143200536428899,2.11433681736646,-1.2301940201266766,-0.7990635667871031,0.45200122085587513,-0.33909666401507355,0.6696999348681081,0.5918689387093482,-0.49847762509633897,0.03687575612412712,1.373363435400164,0.25476317342082444,-0.5060568194414227,-0.06168056000505469,-0.5842510472155343,-0.37736718537567987,-0.559809774305342,0.5842510472155343,0.37736718537567987,0.559809774305342,-0.770039053829819,3.9930899097057253,3.8565528410293384
Vaslui,2017,4.052639071,5.267033784,3.213532213,1.814488377,37.54948131,35.73499292975219,62.14661727432248,0.0949282024439099,48800,281.054183560634,3.5580327868852457,400.0,0.8264462809917328,0.1965977500000022,-400.0,-0.8264462809917328,-0.1965977500000022,-0.594224734500717,-0.635310221,10.82626789,602.9187973,59.38355555,173632,12.064693396018603,20.23014191,45.70413288,21.89285385,0.45598539796541215,2.1203390614452977,0.43787658873015967,-0.6546116025716482,0.20156930266650583,-0.8967095703099609,0.6416520280882911,0.4512543591694521,-0.7571794049841805,-0.015507816428788908,1.293398316782939,0.27475328976422697,-0.4334846805220833,-0.19603323132679276,0.668241275875346,0.6411512418960246,0.688506257087015,-0.668241275875346,-0.6411512418960246,-0.688506257087015,-0.6824050110996692,6.70213555941071,6.40220937122871
Vaslui,2018,3.772190147,6.143095348,3.91608023,2.563601946,42.81724574,40.25364379514953,64.02600529737539,1.8793880230529112,49400,275.806622708823,3.625728744939271,600.0,1.2295081967213184,0.5837843799999973,-600.0,-1.2295081967213184,-0.5837843799999973,-0.5814473711949807,-0.646441425,10.93093838,552.2535026,59.0862702,179111,12.095761004364904,20.69442971,45.87211282,21.18295359,1.2355825749306077,2.2391714562741556,1.1485967640655672,-0.6405357659654254,0.2577937865939846,-1.178249666310358,0.6145173976773437,0.4853728792512176,-0.715960691996038,-0.006824557737594002,1.2026454153318737,0.3047384642793307,-0.4441209235923702,-0.178523955795048,0.6984218137811503,0.6687804277434096,0.8077005767795633,-0.6984218137811503,-0.6687804277434096,-0.8077005767795633,-0.6943613579958426,7.568135563244782,7.354664555212634
Vaslui,2019,3.867255431,4.276669851,2.239459906,3.065381879,46.45928992,43.39390803854362,62.08568318986841,-1.94032210750698,49000,259.52839982203767,3.853142857142857,-400.0,-0.8097165991902799,-0.4538622699999948,400.0,0.8097165991902799,0.4538622699999948,-0.5483771998953256,-0.674633709,11.77687741,505.0026692,58.70063026,188804,12.148464718909786,19.43126205,43.79515265,26.90938751,1.757781391522308,2.116486241754227,-0.3727291982054514,-0.604104906435528,0.7121958381737746,-1.4408160690186558,0.5793182287859059,0.5432522217174757,-0.8281026548764828,-0.11418727287738198,1.9347066956134105,0.28474834793592824,-0.4771151356206889,-0.11970424979130195,0.5475191242521287,0.5289951523996655,0.4882639616051124,-0.5475191242521287,-0.5289951523996655,-0.4882639616051124,-0.7246435024340758,8.169967598475536,8.013176131733433
Vaslui,2020,2.396995131,1.848611801,1.528045779,3.051730555,12.28573305,9.23400249567635,61.65214289354329,-0.4335402963251198,47300,244.74674145326784,4.085856236786469,-1700.0,-3.469387755102038,-0.7140046300000051,1700.0,3.469387755102038,0.7140046300000051,-0.4102108754023943,-0.655929542,12.26056937,486.0446957,58.42633087,193261,12.1717968859164,21.14601497,42.73443685,26.4937054,1.7435745554794846,2.0890737909802573,0.22739652088745435,-0.4518977130177943,0.9720143489199328,-1.5461629284569962,0.5542816349221372,0.5688756620445472,-0.675869689773676,-0.16901804427328795,1.8815663325378982,0.19979035347646754,-0.5070759718705283,-0.059513910497311744,0.3513456278644004,0.3466793696579497,0.4081798646325086,-0.3513456278644004,-0.3466793696579497,-0.4081798646325086,-0.7045528178094872,1.6232174262881724,1.8343156628341166
Vaslui,2021,4.380204767,5.11427498,2.18501132,4.920521366,21.96785957,17.047338207324948,59.843295973432966,-1.8088469201103263,23700,108.63387176619425,9.205232067510549,-23600.0,-49.89429175475687,-14.478637659999997,23600.0,49.89429175475687,14.478637659999997,-0.4358492607409867,-0.70329512,10.4328483,623.0698266,58.51456742,218164,12.293002352518233,28.1155461,41.48301278,22.06734383,3.688411895081991,1.9747016609257377,-0.32036485401589415,-0.48014154660366326,-0.009758774757324675,-0.7847330633692282,0.5623353993373263,0.7019837886881829,-0.057126093001602304,-0.23370695255720753,1.3157049320237026,-0.9796265107842805,-0.7829621612581897,1.2645911697375696,-2.953423272821176,-2.835666196857982,-3.8292238644901926,2.953423272821176,2.835666196857982,3.8292238644901926,-0.7554295496981275,3.120644193215339,3.5849238607717435
Vaslui,2022,2.708765659,1.647748677,1.196202935,8.306830588,39.29022987,30.98339928453376,58.7047853263654,-1.1385106470675623,24000,111.45372812720586,8.972333333333333,300.0,1.265822784810133,-0.3386018499999998,-300.0,-1.265822784810133,0.3386018499999998,-0.4832063641669251,-0.70332941,11.53759491,349.7864848,58.44966946,215336,12.279954877920877,29.36062711,41.4199205,21.86768585,7.212519879571601,1.902714426214398,-0.05338125034582475,-0.532311218390975,0.5836635739665754,-2.303331124256089,0.5564118576659175,0.6876550215972591,0.05341016661619586,-0.23696833358078281,1.2901808661741443,-0.9646339235267287,-0.7772466148308123,1.2043528892711193,0.6531510069224438,0.6712697289254895,0.5237465591043519,-0.6531510069224438,-0.6712697289254895,-0.5237465591043519,-0.7554663815749909,5.791492042672605,6.716951044288785
Vrancea,2012,2.022679082,1.173200939,0.967643241,0.517174306,0.453099613,-0.0640746927847319,35.75919222709088,,65700,654.6171934159659,1.5276103500761036,,,,,,,-0.8571571744586131,-0.55249527,10.02288455,729.4639724,63.80497691,100364,11.51655885620265,21.61532023,64.11960464,10.74688135,-0.8941201524372203,0.4518805668360474,,-0.9442640116615029,-0.22997366314395437,-0.19351538271075125,1.045215925517715,-0.15070827328552433,-0.634205534877154,0.9364290946838064,-0.13149106678874872,1.119335705272983,0.32368747757077077,-0.7211934759540396,,,,,,,-0.5934510864078206,-0.15876023047614338,-0.3051218930803118
Vrancea,2013,3.209399931,3.586303692,2.367112025,0.634095013,0.546792077,-0.0873029365950935,33.50034384517143,-2.2588483819194494,62100,579.0533736153071,1.7269565217391305,-3600.0,-5.47945205479452,-1.391425649999995,3600.0,5.47945205479452,1.391425649999995,-0.965860328343076,-0.592763488,10.03386143,806.4528649,63.78681769,107244,11.582861891169392,26.8826228,52.81694081,13.60915296,-0.7724416021105277,0.30905515798687044,-0.499592827739068,-1.0640139002767754,-0.22407735547276805,0.23430133707266804,1.0435584482042477,-0.07789412535436939,-0.16658301097164863,0.35216912926469285,0.2344187208038225,0.9394246581823604,0.17052771870074335,-0.669633425011842,0.06463051775925908,0.20889299507361278,0.19963770080745072,-0.06463051775925908,-0.20889299507361278,-0.19963770080745072,-0.6367043394520318,-0.16321192630926748,-0.28818152412060355
Vrancea,2014,3.06875814,3.828080882,1.707538737,0.709213283,0.639682569,-0.0695307140340793,32.5922182920667,-0.908125553104732,59900,576.2385762385762,1.7353923205342237,-2200.0,-3.542673107890504,-0.2944181700000001,2200.0,3.542673107890504,0.2944181700000001,-0.580698861351229,-0.48522748,9.836953299,923.2855349,63.75935942,103950,11.55166529328616,25.11399711,54.85425685,12.91390091,-0.6942665514187022,0.251635012196318,0.03837723728436805,-0.6397111903462858,-0.3298479317507563,0.8835244654991314,1.0410522029144145,-0.11215430204700277,-0.32359871265402146,0.45748255068299626,0.1455384310891789,0.8294790182936466,0.16482242629195049,-0.6674515410459518,0.2758942830998895,0.34165578754050113,0.5373483812517573,-0.2758942830998895,-0.34165578754050113,-0.5373483812517573,-0.5211968152455146,-0.15980587763136747,-0.2713861583019735
Vrancea,2015,3.010574695,2.824027371,1.316858349,0.840718979,0.845415733,0.0046967540732599,28.34312120920381,-4.249097082862882,52000,504.97693614955085,1.9802884615384615,-7900.0,-13.188647746243742,-4.778319170000003,7900.0,13.188647746243742,4.778319170000003,-0.6085004476859415,-0.468719669,10.60200428,713.0448344,63.7579068,102975,11.542241519304282,25.98883224,55.06385045,13.34110221,-0.5574095065072073,-0.01703243487865705,-1.2922752346832818,-0.6703380557861629,0.0811045400007018,-0.2847542813717662,1.0409196154632414,-0.12250351265448708,-0.24593227787926705,0.4683169125051213,0.20015139528032722,0.43467422051144705,0.020382724308771236,-0.6041101816389077,-0.5842510472155343,-0.319558818855169,-0.8430079840074066,0.5842510472155343,0.319558818855169,0.8430079840074066,-0.503465299875527,-0.1455801740794962,-0.23418790823344973
Vrancea,2016,3.43969263,3.578285198,1.351336532,1.334648916,0.676857664,-0.6577912513763567,27.01264138389888,-1.3304798253049412,44900,431.53160079963095,2.317327394209354,-7100.0,-13.65384615384615,-4.389483069999997,7100.0,13.65384615384615,4.389483069999997,-0.7169720491467504,-0.490381701,10.30913289,861.1786774,63.82394524,104048,11.552607610108932,23.88897432,55.30716592,14.02237429,-0.04338012506398202,-0.10115774693403455,-0.12983932826954114,-0.78983286093835,-0.07621337032792323,0.5384051737557639,1.0469472541017264,-0.11111944751031673,-0.43235423624293196,0.4808944331875301,0.28724450035624594,0.07984965541605248,-0.12848309377714784,-0.5169364757530965,-0.46352889559231697,-0.3514473520009737,-0.7233058795948523,0.46352889559231697,0.3514473520009737,0.7233058795948523,-0.5267331125099922,-0.2725460832301131,-0.26466459502435274
Vrancea,2017,4.472997981,5.821154763,2.466714697,1.250278647,0.901363676,-0.3489149713598961,26.8026941362916,-0.2099472476072748,45400,489.2452260873313,2.0439647577092512,500.0,1.1135857461024523,0.5149577999999977,-500.0,-1.1135857461024523,-0.5149577999999977,-0.4245599813697533,-0.323791608,9.893755958,788.4080433,63.83765647,92796,11.438158814397037,25.62179404,58.7546877,7.478770637,-0.13118366548042062,-0.11443256507423619,0.31644985173482054,-0.46770501740517495,-0.29933598719041665,0.13402873754165154,1.0481987424731831,-0.23680738239427263,-0.2785173301280756,0.6591045424378941,-0.5492828978102768,0.10483730084530561,-0.01150376483509454,-0.5876405747887385,0.6833315448282481,0.6608341475143894,0.7865125068819411,-0.6833315448282481,-0.6608341475143894,-0.7865125068819411,-0.34779389431097346,-0.21334990551103897,-0.22407205946084485
Vrancea,2018,4.509793162,6.997104159,2.196102819,1.601411213,0.975628985,-0.6257822277847309,26.848950916168235,0.0462567798766357,45800,501.7693394831119,1.9929475982532752,400.0,0.8810572687224738,0.3067484700000022,-400.0,-0.8810572687224738,-0.3067484700000022,-0.3186974150934681,-0.27953615,10.11243911,680.8953802,63.752208,91277,11.421654118088762,25.95396431,59.77518981,7.927517337,0.23423750498317997,-0.11150778112202028,0.4184915840462037,-0.35108438527902647,-0.18186880647086137,-0.46340439039458775,1.0403994592167738,-0.25493287844663737,-0.249027795786825,0.7118565782824152,-0.4919155923783974,0.12482741718870813,0.013881269865624964,-0.6008359490391296,0.668241275875346,0.6448947291133439,0.7224158477514564,-0.668241275875346,-0.6448947291133439,-0.7224158477514564,-0.3002578319140366,-0.2664115498530505,-0.2106442800893178
Vrancea,2019,4.19245145,4.913502842,2.534272902,1.616220246,0.915691347,-0.7005288993189859,25.9433058800996,-0.9056450360686376,45600,493.97694774243865,2.024385964912281,-200.0,-0.4366812227074246,-0.4195030400000021,200.0,0.4366812227074246,0.4195030400000021,-0.2028890897938125,-0.265271545,10.83639236,656.2160547,63.53488226,92312,11.432929422874503,26.66392235,59.26315105,8.455022099,0.2496491605693897,-0.16877108554921527,0.03936518527986499,-0.22350727679793406,0.2070077323594326,-0.600544018450379,1.0205631180257742,-0.24255031238386776,-0.18599887991958905,0.6853881498915084,-0.4244799392617841,0.11483235901700688,-0.0019130724951869772,-0.5927045474026945,0.577699662157933,0.5545660717603743,0.4988413543343215,-0.577699662157933,-0.5545660717603743,-0.4988413543343215,-0.28493580873335556,-0.2807367588066652,-0.22148149856927393
Vrancea,2020,1.264689311,1.470459006,1.060517468,1.159231653,0.589784525,-0.5694471278510489,27.60381539647365,1.6605095163740486,43800,477.358182115416,2.09486301369863,-1800.0,-3.9473684210526327,-1.1913371300000009,1800.0,3.9473684210526327,1.1913371300000009,-0.185654446444273,-0.257486457,11.1998182,654.6035304,63.47535447,91755,11.426877260344774,27.08081303,60.52313225,7.455724484,-0.22593562623894634,-0.063778226146875,1.0614211555999962,-0.20452119821897305,0.4022244577221438,-0.6095045948945337,1.0151297369969725,-0.24919681141613845,-0.14898800587475833,0.7505193953583336,-0.5522290937336805,0.024876835471695575,-0.03559752813635215,-0.5744759544211225,0.3362553589114982,0.31391463517019463,0.2612343913225351,-0.3362553589114982,-0.31391463517019463,-0.2612343913225351,-0.27657362143131375,-0.2556149209007777,-0.28040813552020266
Vrancea,2021,4.410237951,5.746727613,2.524008003,1.87545225,0.644840537,-1.2306117124700344,31.070944419340265,3.4671290228666187,21800,326.1812849747135,3.0657798165137615,-22000.0,-50.22831050228312,-13.32667403,22000.0,50.22831050228312,13.32667403,0.0614019806955115,0.101797793,9.767447335,727.8102059,65.43837475,66834,11.109967212073245,39.4888829,43.20854655,8.97447407,0.5194300681121689,0.1554459254993643,1.7809671591522434,0.06764183086039763,-0.36718354521527596,-0.20270513640564547,1.1943038193626025,-0.5972281669534439,0.95258018245228,-0.14451025380077723,-0.3580737464640461,-1.0745795634154425,-0.3420168856261,-0.3233523968621357,-2.7119789695747407,-2.8585625948845945,-3.474595087178306,2.7119789695747407,2.8585625948845945,3.474595087178306,0.10934394214325491,-0.38232719628358636,-0.27045355521660297
Vrancea,2022,1.37280818,0.787877422,1.031133829,2.84105731,0.882198096,-1.9588592135156544,28.71846251935513,-2.3524818999851327,21900,260.3330836988696,3.8412328767123287,100.0,0.4587155963302836,-0.4376648999999979,-100.0,-0.4587155963302836,0.4376648999999979,-0.0932924615892659,-0.144632322,10.8330238,414.5687337,67.17459119,84123,11.340035292518802,31.38856199,52.75608335,10.23263555,1.5243284039468898,0.006700134562233927,-0.5368854748518521,-0.10277311637004834,0.20519828685498565,-1.9433450493220847,1.352776449826269,-0.34456686340674103,0.23344691489466202,0.3490232710838347,-0.1972317081698692,-1.0695820343295919,-0.4754841277009291,-0.1227847162612408,0.6229704690166394,0.6159439498354329,0.49325027659733756,-0.6229704690166394,-0.6159439498354329,-0.49325027659733756,-0.15535374380373768,-0.5218959209945636,-0.22753735413520418
