an,judet,emig_masc_nr,emig_fem_nr,emigranti_total_nr,emig_15_64_nr,imig_masc_nr,imig_fem_nr,imigranti_total_nr,imigranti_15_64_nr,populatie_15_64,populatie_rurala,populatie_totala,pondere_rurala,rata_emig_def,rata_imig_def,rata_emig_15_64,rata_imig_15_64,intensitate_migratie,sup_grau_ha,sup_orz_orzoaica_ha,sup_porumb_boabe_ha,sup_floarea_soarelui_ha,sup_rapita_ha,sup_soia_boabe_ha,sup_totala_cultivata_ha,pondere_grau,pondere_orz_orzoaica,pondere_porumb_boabe,pondere_floarea_soarelui,pondere_rapita,pondere_soia_boabe,prod_grau_tone,prod_orz_orzoaica_tone,prod_porumb_boabe_tone,prod_floarea_soarelui_tone,prod_rapita_tone,prod_soia_boabe_tone,yield_grau,yield_orz_orzoaica,yield_porumb_boabe,yield_floarea_soarelui,yield_rapita,yield_soia_boabe,ocupati_total_nr,ocupati_agri_nr,pondere_ocupati_agri,temperatura_medie_anuala_C,precipitatii_anuale_mm,tractoare_nr,pluguri_nr,semanatori_mecanice_nr,masini_stropit_prafuit_mecanice_nr,combine_cereale_nr,tractoare_1000ha,pluguri_1000ha,semanatori_1000ha,masini_stropit_1000ha,combine_1000ha
2012,Alba,143,144,287,222,43,33,76,66,229739,142659,340544,41.89150301,0.842769216,0.223172336,0.966313948,0.287282525,1.065941552,13730,5511,42421,1683,454,304,64103,21.41865435,8.59710154,66.17631,2.625462147,0.708235184,0.474236775,35078,8391,83907,2516,455,188,2.554843409,1.522591181,1.97795903,1.494949495,1.002202643,0.618421053,163400,49500,30.29375765,8.933328869,763.6737988,3655,3115,1560,177,574,57.01761228,48.59366956,24.33583452,2.761181224,8.95433911
2013,Alba,104,158,262,224,53,41,94,83,228148,141724,338669,41.84734948,0.773616717,0.277557143,0.981818819,0.363798938,1.05117386,16462,4788,37187,3288,1242,141,63108,26.08544083,7.586993725,58.92596818,5.210115992,1.968054763,0.223426507,58744,12916,153390,2099,2756,184,3.568460697,2.697577277,4.124828569,0.638381995,2.21900161,1.304964539,163300,47100,28.84262094,8.863475614,960.1238063,4105,3407,1560,177,597,65.04722064,53.98681625,24.71952843,2.804715725,9.459973379
2014,Alba,77,84,161,141,50,44,94,83,226300,140715,336867,41.77167844,0.477933428,0.279041877,0.623066726,0.366769775,0.756975305,16275,5102,40020,2637,2210,76,66320,24.54010856,7.693003619,60.3437877,3.976176116,3.332328106,0.114595899,69786,14388,244709,6630,4953,218,4.287926267,2.820070561,6.114667666,2.514220705,2.241176471,2.868421053,159600,45300,28.38345865,9.63422579,875.3168531,4113,3407,1560,177,598,62.01749095,51.3721351,23.52231604,2.668878166,9.016887817
2015,Alba,84,109,193,175,61,45,106,88,223799,139592,334800,41.69414576,0.57646356,0.31660693,0.781951662,0.393209979,0.89307049,16722,4881,43053,3904,1272,319,70151,23.83715129,6.957848071,61.37189776,5.565138059,1.813231458,0.454733361,66879,13869,209365,8433,2938,568,3.999461787,2.841425937,4.862959608,2.160092213,2.309748428,1.780564263,159200,39800,25,9.352633282,889.7366828,4181,3448,1584,177,620,59.6000057,49.15111688,22.57986344,2.52312868,8.838077861
2016,Alba,127,161,288,268,47,72,119,105,220597,138656,332327,41.72276102,0.866616315,0.358081047,1.214885062,0.475981088,1.224697361,16472,4844,40053,3611,1281,498,66759,24.67382675,7.255950509,59.99640498,5.409008523,1.918842403,0.745966836,68362,15345,237726,8853,3839,1461,4.150194269,3.167836499,5.935285746,2.451675436,2.99687744,2.93373494,159900,34400,21.5134459,8.720793196,1121.871581,4227,3448,1584,177,633,63.31730553,51.64846687,23.72713791,2.651327911,9.481867613
2017,Alba,121,193,314,264,65,56,121,105,217023,137272,329713,41.63378453,0.952343402,0.366985833,1.216460928,0.483819687,1.319329235,14773,4453,44816,4680,1290,1214,71226,20.74102154,6.251930475,62.92084351,6.570634319,1.811136383,1.704433774,66201,14606,268119,11830,3269,2035,4.481215731,3.280035931,5.982662442,2.527777778,2.534108527,1.676276771,162100,35000,21.59161012,8.747192383,816.4294184,4316,3448,1615,177,634,60.59584983,48.40928874,22.67430433,2.485047595,8.901243928
2018,Alba,184,212,396,340,61,71,132,112,213437,135390,326967,41.4078485,1.211131399,0.403710466,1.592975913,0.524745007,1.614841865,16565,4568,43999,5729,2565,401,73827,22.43759058,6.1874382,59.59743725,7.760033592,3.474338657,0.543161716,76653,15073,326064,14965,6931,1677,4.627407184,3.29969352,7.41071388,2.612148717,2.70214425,4.182044888,162500,35100,21.6,9.483492064,1033.067861,4276,3448,1615,177,639,57.91918946,46.70378046,21.87546562,2.397496851,8.655369987
2019,Alba,183,191,374,316,60,78,138,119,210356,133630,324871,41.13324981,1.151226179,0.424783991,1.502215292,0.565707657,1.57601017,15483,4359,43142,7573,883,575,72015,21.49968757,6.052905645,59.90696383,10.51586475,1.226133444,0.798444768,66505,13309,252750,21723,2130,1253,4.295356197,3.053223216,5.858560104,2.868480127,2.412231031,2.179130435,163300,34800,21.31047152,9.709572209,845.2239256,4198,3459,1626,177,644,58.29341109,48.03166007,22.57862945,2.457821287,8.942581407
2020,Alba,117,150,267,235,30,47,77,62,207208,132538,322730,41.06776562,0.827316952,0.238589533,1.134126096,0.299216246,1.065906485,15404,4187,43494,6715,1373,852,72025,21.3870184,5.813259285,60.3873655,9.323151683,1.906282541,1.182922596,50498,10113,280910,16233,3452,1907,3.278239418,2.415333174,6.45859199,2.417423678,2.514202476,2.238262911,162800,33500,20.57739558,9.267863746,980.2670288,4165,3473,1641,181,645,57.82714335,48.21936827,22.78375564,2.513016314,8.955223881
2021,Alba,208,236,444,372,91,78,169,132,207410,134576,323558,41.59254291,1.37224238,0.522317482,1.793549009,0.636420616,1.894559863,12566,2396,44266,7683,2407,1343,70661,17.78350151,3.390837945,62.6455895,10.87304171,3.406405231,1.900624107,61238,9199,277063,19233,6767,3398,4.873308929,3.839315526,6.259047576,2.503319016,2.811383465,2.530156366,145700,17200,11.80507893,8.353868799,966.8608686,4191,3483,1652,181,619,59.31135987,49.29168848,23.37923324,2.56152616,8.760136426
2022,Alba,268,305,573,497,103,112,215,187,208876,136528,325873,41.89607608,1.758353714,0.659766228,2.379402133,0.895268006,2.418119942,13063,2315,43823,7636,2434,960,70231,18.60004841,3.296265182,62.39837109,10.87269155,3.465706027,1.366917743,58894,8668,167494,18118,7379,1412,4.508459006,3.744276458,3.822056911,2.372708224,3.031635168,1.470833333,151900,17400,11.45490454,9.067242965,762.1736532,4195,3480,1658,180,627,59.73145762,49.55076818,23.60780852,2.562970768,8.927681508
2012,Arad,214,247,461,328,74,52,126,107,294460,191746,430196,44.57177659,1.071604571,0.292889753,1.113903416,0.363377029,1.364494324,58153,4832,120113,35818,1014,2428,222358,26.1528706,2.173072253,54.0178451,16.10825785,0.456021371,1.091932829,218149,16442,397383,57913,1780,3250,3.751294,3.402731788,3.308409581,1.616868614,1.755424063,1.338550247,206200,47500,23.03588749,11.57309341,714.912133,7204,5426,2779,83,1302,32.3982047,24.40209032,12.49786381,0.373271931,5.855422337
2013,Arad,166,207,373,291,56,50,106,87,292942,191473,428901,44.64270309,0.869664561,0.24714328,0.993370701,0.296987117,1.116807841,62602,11257,115148,37905,9957,1076,237945,26.30944126,4.730925214,48.39269579,15.93015193,4.18458047,0.452205342,279840,39047,465215,76784,26750,2033,4.470144724,3.468686151,4.040148331,2.025695818,2.686552174,1.889405204,210400,45400,21.57794677,11.66089249,889.6271763,7325,5136,2833,106,1259,30.78442497,21.58482002,11.90611276,0.445481099,5.291138709
2014,Arad,112,174,286,246,65,59,124,113,290809,191068,427351,44.70985209,0.669239103,0.290159611,0.845916048,0.388571193,0.959398714,75440,12341,120592,38589,14685,2580,264227,28.55120786,4.670605199,45.63954479,14.60448781,5.557721202,0.976433143,318475,44563,636061,109290,43936,5895,4.221566808,3.610971558,5.274487528,2.832154241,2.991896493,2.284883721,212100,44700,21.07496464,12.22908401,843.0182651,7388,5242,2878,106,1307,27.96080643,19.83900207,10.89214955,0.401170206,4.946504332
2015,Arad,150,228,378,325,61,83,144,119,288109,190417,425393,44.76260775,0.88859008,0.338510507,1.128045288,0.413038121,1.227100587,75171,11395,125671,35801,12795,3282,264115,28.46146565,4.314408496,47.58192454,13.55508017,4.844480624,1.242640516,323487,38052,451140,77493,36918,6622,4.303348366,3.339359368,3.589849687,2.164548476,2.885345838,2.017672151,210800,39300,18.64326376,12.09203911,699.0032461,7458,5284,2902,106,2075,28.23769949,20.00643659,10.98763796,0.401340325,7.856426178
2016,Arad,227,334,561,481,95,106,201,167,285065,189952,423111,44.89412944,1.325893205,0.475052646,1.687334468,0.585831302,1.800945851,82680,13390,120283,43924,25241,4007,289525,28.55711942,4.62481651,41.54494431,15.17105604,8.718072705,1.38399102,407658,49228,649972,122673,77982,9543,4.930551524,3.676474981,5.403689632,2.792846735,3.089497247,2.381582231,211300,34300,16.2328443,11.2958374,982.5069079,7475,5300,2910,107,2094,25.81815042,18.30584578,10.05094551,0.369570849,7.23253605
2017,Arad,241,311,552,463,106,107,213,178,281871,189031,420638,44.93911629,1.31229228,0.506373651,1.642595372,0.631494549,1.818665931,64058,12509,112660,39395,24705,5540,258867,24.74552569,4.832211135,43.52041782,15.21823948,9.54351076,2.140095107,340468,49477,679415,119415,71253,9326,5.314995785,3.955312175,6.030667495,3.031222236,2.884153005,1.683393502,210200,34700,16.50808754,11.43174934,662.2697565,7510,5311,2915,107,2104,29.01103656,20.51632692,11.26060873,0.413339669,8.127725821
2018,Arad,263,327,590,480,98,100,198,154,278819,187593,418298,44.84673606,1.410477698,0.473346753,1.721546953,0.552329648,1.883824451,72691,11771,112360,41259,27057,5080,270218,26.90087263,4.356112472,41.58124181,15.26878298,10.01302652,1.879963585,390963,51023,841249,126980,90453,12873,5.378423739,4.33463597,7.487086152,3.077631547,3.343053554,2.534055118,211300,35000,16.56412683,12.27798462,789.9546383,7551,5319,2918,107,2106,27.94410439,19.68410691,10.79868847,0.395976582,7.793707303
2019,Arad,228,330,558,470,101,121,222,174,275909,186618,416693,44.78548956,1.339115368,0.532766329,1.703460199,0.630642712,1.871881697,132341,11780,198249,85750,24943,9099,462162,28.63519718,2.548889783,42.89599751,18.55410008,5.397025286,1.968790164,686119,44491,1410102,299706,71162,22249,5.184477977,3.776825127,7.11278241,3.495113703,2.852984805,2.44521376,209300,35100,16.77018634,12.44026375,737.7360055,7581,5331,2921,107,2107,16.40333909,11.53491633,6.320294615,0.231520549,4.559007448
2020,Arad,270,287,557,446,63,61,124,94,272505,186557,414570,45.00012061,1.343560798,0.299105097,1.636667217,0.344947799,1.642665895,70668,11657,111386,40521,34334,7184,275750,25.6275612,4.227379873,40.393835,14.69483228,12.45113327,2.605258386,263001,44786,613532,98346,89847,14852,3.721642044,3.841983358,5.50816081,2.427037832,2.6168521,2.067371938,205100,33700,16.43100926,11.77550125,818.9293917,7621,5182,2410,166,1008,27.63735267,18.79238441,8.739800544,0.60199456,3.655485041
2021,Arad,362,426,788,644,131,141,272,196,267925,187514,411752,45.54051954,1.913773339,0.660591813,2.40365774,0.731548008,2.574365152,82391,8219,90592,24492,23212,5597,234503,35.13430532,3.504859213,38.63148872,10.44421607,9.898380831,2.38674985,416414,36393,471629,60197,69426,13510,5.054119989,4.427910938,5.206077799,2.457822963,2.990952955,2.413793103,187100,18100,9.673971138,11.20501709,813.9458009,7676,5174,2477,145,1054,32.73305672,22.06368362,10.56276466,0.618328977,4.494612009
2022,Arad,531,591,1122,911,140,175,315,242,264693,188633,410470,45.95536824,2.733451897,0.767412966,3.441723053,0.914266717,3.500864862,82267,9528,80201,22002,16184,2884,213066,38.61104071,4.471853792,37.64138811,10.32637774,7.595768447,1.353571194,362768,39707,227256,34574,41859,3964,4.409641776,4.167401343,2.833580629,1.5714026,2.586443401,1.374479889,192200,18300,9.521331946,11.94516373,562.663353,7732,5206,2510,131,1095,36.28922493,24.43374353,11.7803873,0.614832963,5.139252626
2012,Arges,96,118,214,170,39,29,68,61,420743,328932,608961,54.01528177,0.351418235,0.111665607,0.404047126,0.144981616,0.463083843,66962,2754,65983,15737,1392,108,152936,43.78432808,1.800753256,43.14419103,10.2899252,0.910184652,0.070617775,209675,6001,148937,20186,2049,131,3.131253547,2.179012346,2.257202613,1.282709538,1.471982759,1.212962963,249400,71800,28.78909383,9.367703996,809.8582885,4687,3678,1401,175,506,30.64680651,24.04927551,9.16069467,1.144269498,3.308573521
2013,Arges,87,121,208,167,42,42,84,70,417314,327226,605523,54.04022638,0.343504706,0.138723054,0.400178283,0.1677394,0.48222776,46399,4040,54836,13641,4559,0,123475,37.5776473,3.271917392,44.41060944,11.04758048,3.692245394,0,145712,13006,247531,27486,9272,0,3.140412509,3.219306931,4.514023634,2.014954915,2.033779338,,246800,68000,27.55267423,9.250959288,875.0642952,4907,3749,1420,160,538,39.74083823,30.36242154,11.50030371,1.295808868,4.357157319
2014,Arges,79,96,175,152,25,55,80,70,413227,325569,602278,54.05626638,0.290563494,0.132829026,0.367836564,0.169398418,0.42339252,45159,4181,54877,12325,5962,16,122520,36.85847209,3.412504081,44.79023833,10.05958211,4.866144303,0.013059092,127911,11882,208202,22242,11044,40,2.832458646,2.841903851,3.793975618,1.804624746,1.852398524,2.5,243800,65500,26.86628384,9.284967386,1039.483178,4561,6181,1701,238,650,37.22657525,50.4489063,13.8834476,1.942539993,5.305256285
2015,Arges,104,146,250,228,45,54,99,86,407635,323429,598137,54.07272916,0.417964446,0.165513921,0.559323905,0.210973052,0.583478367,47185,3979,53931,12171,6247,301,123814,38.10958373,3.213691505,43.55807905,9.830067682,5.045471433,0.243106595,125995,9733,161960,19133,9178,334,2.670234185,2.446091983,3.003096549,1.572015447,1.469185209,1.109634551,243500,57000,23.40862423,9.598097315,854.813726,4732,6198,1710,241,667,38.21861825,50.05895941,13.81103914,1.946468089,5.387112927
2016,Arges,149,218,367,319,58,65,123,107,401406,321295,593239,54.15945344,0.618637682,0.207336335,0.794706606,0.266563031,0.825974017,47474,2922,53489,12449,5933,757,123024,38.58921836,2.375146313,43.47850826,10.11916374,4.822636234,0.615327091,136318,8576,161367,17226,11120,675,2.871424359,2.934976044,3.016825889,1.3837256,1.874262599,0.891677675,244600,48800,19.95094031,9.096265109,963.9255215,4935,6086,2555,275,727,40.11412407,49.47002211,20.76830537,2.235336195,5.909416049
2017,Arges,134,226,360,312,65,85,150,132,394954,318450,588218,54.13809166,0.612017993,0.255007497,0.789965414,0.334216137,0.867025491,44721,4035,56037,12653,5293,495,123234,36.28949803,3.274258727,45.47202882,10.26745866,4.295080903,0.401674862,188726,15221,304315,34204,13721,649,4.22007558,3.772242875,5.430608348,2.703232435,2.592291706,1.311111111,249700,49400,19.78374049,8.927038805,898.8075429,5191,6098,2575,279,735,42.12311537,49.4830972,20.89520749,2.263985588,5.964263109
2018,Arges,156,250,406,353,58,79,137,119,388217,314764,582905,53.99919369,0.696511438,0.235029722,0.909285271,0.306529596,0.93154116,42367,3757,57801,12691,5856,224,122696,34.53005803,3.062039512,47.10911521,10.34345048,4.772771728,0.182565039,149807,15541,436907,34794,9147,363,3.535935988,4.136545116,7.558813861,2.741627925,1.561987705,1.620535714,251200,49800,19.82484076,9.279315301,934.8884763,5757,6211,2579,286,774,46.92084502,50.62104714,21.01943014,2.330964335,6.308274108
2019,Arges,182,254,436,364,78,81,159,138,381369,310973,577658,53.83341008,0.754771855,0.275249369,0.954456183,0.361854267,1.030021224,48828,3024,54653,20718,2755,148,130126,37.52363094,2.323901449,42.00006148,15.92149148,2.117178734,0.113735917,205061,12811,267646,52506,5927,233,4.199660031,4.236441799,4.897187712,2.534317984,2.151361162,1.574324324,251100,49300,19.63361211,9.895587273,833.3631094,6495,3920,1865,315,704,49.91316109,30.12464842,14.33226258,2.420730676,5.41014094
2020,Arges,149,199,348,293,45,60,105,86,374428,308055,571626,53.89100566,0.608789663,0.183686536,0.782526948,0.229683678,0.792476199,48442,2825,54792,20195,1624,189,128067,37.82551321,2.205876611,42.78385533,15.76908962,1.268086236,0.147579002,145592,7092,154880,41022,4181,312,3.005491103,2.510442478,2.826690028,2.031294875,2.574507389,1.650793651,246000,47400,19.26829268,9.888934441,876.0446043,6495,3920,1865,315,704,50.71564103,30.60897811,14.56268984,2.459650027,5.4971226
2021,Arges,205,286,491,409,68,90,158,130,369803,308222,567475,54.31463941,0.865236354,0.278426362,1.105994273,0.351538522,1.143662716,49348,2488,51228,24618,3592,70,131344,37.57156779,1.894262395,39.00292362,18.74314776,2.734803265,0.053295164,221375,8004,201452,46947,10984,122,4.485997406,3.217041801,3.932458812,1.907019254,3.057906459,1.742857143,218600,23400,10.70448307,8.742061399,953.7228314,6138,3900,1880,315,468,46.7322451,29.69301986,14.31355829,2.398282373,3.563162383
2022,Arges,313,387,700,570,77,85,162,132,367848,309126,566422,54.57521071,1.235827704,0.28600584,1.549553076,0.35884387,1.521833545,50397,1948,51946,24950,6113,16,135370,37.22907587,1.439018985,38.37334712,18.43096698,4.515771589,0.011819458,190039,5594,185339,57192,16262,9,3.770839534,2.871663244,3.567916683,2.292264529,2.660232292,0.5625,225400,23700,10.51464064,9.49673865,617.143777,6170,3905,1880,325,488,45.57878407,28.84686415,13.88786289,2.400827362,3.604934624
2012,Bacau,181,257,438,326,453,306,759,696,401352,347013,612186,56.68424302,0.715468828,1.239819271,0.81225458,1.734138611,1.955288099,16535,2639,80119,6802,1780,144,108019,15.3074922,2.443088716,74.17121062,6.297040335,1.647858247,0.133309881,39599,5589,210597,10152,2957,175,2.394859389,2.11784767,2.628552528,1.492502205,1.661235955,1.215277778,213300,69100,32.39568683,8.81048584,667.0289434,3162,2623,1180,32,300,29.27262796,24.28276507,10.92400411,0.296244179,2.777289181
2013,Bacau,177,302,479,364,480,423,903,861,399562,345684,608508,56.80845609,0.787171245,1.483957483,0.910997542,2.154859571,2.271128728,14922,2914,83550,9048,2209,4,112647,13.24669099,2.586842082,74.16975152,8.032171296,1.960993191,0.003550916,48959,6156,411324,17429,3935,8,3.280994505,2.112560055,4.923087971,1.926282051,1.781349027,2,208300,65400,31.39702352,8.823332013,732.0258935,3328,2607,1329,34,298,29.54361856,23.14309303,11.79791739,0.301827834,2.645432191
2014,Bacau,181,253,434,375,1326,1014,2340,2287,396531,344444,605815,56.85630102,0.716390317,3.862565305,0.945701597,5.767518807,4.578955622,14024,2786,80462,6382,2611,26,106291,13.1939675,2.621106208,75.69972999,6.004271293,2.456463859,0.024461149,43672,7831,416092,13913,5075,56,3.114090131,2.810839914,5.171285824,2.180037606,1.943699732,2.153846154,204200,63000,30.85210578,8.765987756,916.1625989,3605,2689,1344,29,304,33.91632405,25.29847306,12.64453246,0.272835894,2.860072819
2015,Bacau,251,341,592,502,706,516,1222,1114,392110,342749,602668,56.87194276,0.982298712,2.027650381,1.28025299,2.841039504,3.009949093,14134,3114,85310,6347,2108,218,111231,12.70688927,2.799579254,76.69624475,5.706143072,1.895155128,0.195988528,44756,6648,282050,11076,4214,287,3.166548748,2.134874759,3.30617747,1.745076414,1.999051233,1.316513761,201200,54600,27.13717694,9.503111641,639.1886278,3641,2694,1352,29,311,32.73368036,24.21986676,12.15488488,0.260718685,2.795983134
2016,Bacau,375,481,856,734,600,475,1075,990,386881,340608,598146,56.94395683,1.431088731,1.797220077,1.897224211,2.558926388,3.228308808,15298,3322,86774,9970,3592,490,119446,12.80746111,2.781173082,72.6470539,8.346868041,3.00721665,0.410227216,54851,8074,363079,15640,7591,670,3.585501373,2.430463576,4.184191117,1.568706118,2.11330735,1.367346939,196800,46600,23.67886179,9.12637617,901.1112847,3674,2714,1358,29,319,30.75866919,22.72156456,11.36915426,0.242787536,2.670662894
2017,Bacau,359,521,880,752,1345,1037,2382,2042,381493,337871,593393,56.93882469,1.482996935,4.014203066,1.971202617,5.352653915,5.497200001,15374,3299,79163,9527,4748,632,112743,13.63632332,2.926124017,70.21544575,8.45019203,4.211347933,0.560566953,66038,8979,421313,26954,10674,1166,4.295433849,2.721733859,5.322094918,2.829222211,2.248104465,1.844936709,197700,47000,23.77339403,8.816443677,697.7115737,4253,3343,1248,23,333,37.72296284,29.6515083,11.06942338,0.204003796,2.95362018
2018,Bacau,498,564,1062,868,1137,827,1964,1682,376165,334499,588401,56.84881569,1.804891562,3.337859725,2.307498039,4.471442053,5.142751287,15762,3298,78333,10074,4926,711,113104,13.93584665,2.91590041,69.25749752,8.906846796,4.355283633,0.628624982,70425,9333,572482,27792,9613,1604,4.468024362,2.829896907,7.30831195,2.758784991,1.951481933,2.255977496,199400,47600,23.87161484,8.914294549,749.1565528,4618,3417,1288,11,401,40.82967888,30.21113312,11.38774933,0.097255623,3.545409535
2019,Bacau,536,636,1172,986,845,763,1608,1302,371387,331162,584119,56.69426949,2.006440468,2.752863714,2.654912531,3.505776993,4.759304183,15371,3477,79968,16875,4141,751,120583,12.74723634,2.883491039,66.31780599,13.99451001,3.434149092,0.622807527,59109,9057,472844,47328,7222,1510,3.845488257,2.604831752,5.912915166,2.804622222,1.744023183,2.010652463,202200,47000,23.24431256,9.59778523,682.8555662,4844,3168,1335,10,407,40.17150013,26.27236012,11.07121236,0.08293043,3.375268487
2020,Bacau,342,440,782,652,345,309,654,540,366318,328696,579693,56.70173695,1.348989896,1.128183366,1.779874317,1.474129035,2.477173262,17272,3552,80266,17317,3837,1813,124057,13.92263234,2.863199981,64.70090362,13.95890599,3.092933087,1.46142499,58177,5024,330964,32904,7466,2791,3.368283928,1.414414414,4.123339895,1.900098169,1.945790983,1.539437397,203500,45200,22.21130221,9.895081718,668.2190169,5033,3123,1411,10,405,40.57006054,25.17391199,11.37380398,0.080608108,3.264628356
2021,Bacau,633,750,1383,1139,535,454,989,779,371808,338080,588158,57.48115302,2.351408975,1.681520952,3.063409071,2.095167398,4.032929927,22372,2391,77977,18954,3175,1074,125943,17.76359147,1.898477883,61.91451688,15.04966532,2.520981714,0.852766728,97889,6464,410146,46301,7017,2508,4.375514035,2.703471351,5.259833028,2.442808906,2.21007874,2.335195531,178600,22300,12.48600224,8.487097398,736.4337268,5372,3244,1458,19,448,42.65421659,25.75768403,11.57666563,0.150861898,3.557164749
2022,Bacau,1096,1170,2266,1864,649,601,1250,1041,379115,348140,598570,58.16195265,3.785689226,2.088310473,4.916713926,2.745868668,5.873999699,21113,2407,77696,16891,3142,676,121925,17.31638302,1.974164445,63.72442075,13.85359852,2.576994054,0.554439204,53507,6049,247433,28184,6518,1110,2.534315351,2.51308683,3.184629839,1.668580901,2.074474857,1.642011834,184500,22700,12.30352304,9.407925588,491.9825326,5400,3305,1456,19,460,44.28952225,27.10682797,11.94176748,0.155833504,3.772811154
2012,Bihor,121,142,263,194,99,47,146,124,394248,291860,575556,50.70922725,0.456949454,0.253667758,0.492076054,0.314522838,0.710617212,58341,11291,82108,22215,1874,3512,179341,32.53076541,6.295827502,45.78317284,12.38701691,1.044936741,1.958280594,171839,27658,230543,24120,1774,5856,2.945424316,2.449561598,2.807801919,1.08575287,0.946638207,1.667425968,268300,88700,33.06000745,10.68743795,732.2885444,10063,7970,3636,166,1483,56.1109841,44.44047931,20.27422619,0.925610987,8.269163214
2013,Bihor,126,133,259,203,57,66,123,112,393260,291595,574566,50.75047949,0.45077502,0.214074623,0.516197935,0.284798861,0.664849643,61099,18167,76601,24848,4168,2065,186948,32.68235017,9.717675503,40.97449558,13.29139654,2.229496972,1.104585232,243403,60873,366222,45285,8212,4078,3.983747688,3.350745858,4.780903644,1.822480683,1.97024952,1.974818402,266400,84300,31.64414414,10.70379028,905.1544377,10675,7882,3636,190,1639,57.10143997,42.16145666,19.44925862,1.016325395,8.767143805
2014,Bihor,84,92,176,153,51,55,106,94,391442,291122,572968,50.80946929,0.307172477,0.185001606,0.390862503,0.240137747,0.492174083,65484,15906,80381,25634,5435,2114,194954,33.58946213,8.158847728,41.23075187,13.14874278,2.787837131,1.084358361,246371,63499,343735,51339,11666,4460,3.76230835,3.99214133,4.276321519,2.002769759,2.146458142,2.10974456,264800,81800,30.89123867,11.53424479,844.003561,9776,8036,3636,263,1759,50.14516245,41.2199801,18.65055346,1.349036183,9.022641238
2015,Bihor,92,134,226,190,73,59,132,111,388253,290431,570620,50.89744488,0.396060426,0.231327328,0.489371621,0.285896052,0.627387754,87981,18836,94696,21613,4516,2640,230282,38.20576511,8.179536395,41.12175507,9.385449145,1.961073814,1.146420476,332807,65033,294172,33861,8667,5376,3.78271445,3.452590784,3.10648813,1.56669597,1.919176262,2.036363636,262800,71200,27.09284627,11.12762655,765.6841462,9887,8044,3649,265,1763,42.93431532,34.9310845,15.84578908,1.150762978,7.655830677
2016,Bihor,170,199,369,323,91,61,152,126,384119,290425,567778,51.15115415,0.649901898,0.267710267,0.840885246,0.328023347,0.917612165,81905,21067,95872,26990,5549,3185,234568,34.91738003,8.981190955,40.87173016,11.50625831,2.36562532,1.357815218,240400,78579,404334,53381,11466,5460,2.935107747,3.729956804,4.217435748,1.977806595,2.066318256,1.714285714,259600,61300,23.61325116,10.39111633,1002.477093,10747,8142,3608,268,1285,45.8161386,34.71061696,15.38146721,1.142525835,5.478155588
2017,Bihor,132,173,305,255,110,83,193,156,380145,289602,565378,51.22272179,0.539462094,0.341364538,0.67079667,0.410369727,0.880826633,82025,19289,87846,22218,10701,6135,228214,35.94214202,8.452154557,38.49281814,9.735599043,4.689019955,2.688266276,336943,80565,537388,55649,22975,14378,4.107808595,4.176732853,6.117387246,2.504680889,2.146995608,2.343602282,260400,61900,23.77112135,10.48769938,775.097449,10927,8427,3828,270,1305,47.88049813,36.92586783,16.77372992,1.183100073,5.718317018
2018,Bihor,208,213,421,335,99,97,196,153,376478,287577,562997,51.07966828,0.747783736,0.348136846,0.889826232,0.406398249,1.095920582,80395,20016,88573,23177,12696,6352,231209,34.77157031,8.657102448,38.30862985,10.02426376,5.491135726,2.747297899,335385,83677,664586,47964,22368,15411,4.171714659,4.180505596,7.5032572,2.069465418,1.761814745,2.426164987,261500,62700,23.97705545,11.34330241,912.9926133,11537,8914,4184,308,1398,49.89857661,38.55386252,18.09618138,1.332128075,6.04647743
2019,Bihor,172,220,392,320,89,80,169,136,373020,285532,561228,50.8762927,0.698468359,0.301125389,0.857862849,0.364591711,0.999593748,84441,18546,89568,29457,15101,6140,243253,34.71324095,7.624160853,36.82092307,12.10961427,6.207939882,2.524120977,368122,68414,673447,85048,33506,14252,4.359517296,3.6888817,7.518834852,2.887191499,2.218793457,2.321172638,260500,62200,23.87715931,11.61537476,742.3194145,11836,9065,4208,316,1466,48.65715942,37.26572745,17.29886168,1.299059004,6.026647153
2020,Bihor,124,158,282,238,68,51,119,102,369455,286036,559344,51.13776138,0.504162018,0.212749221,0.644192121,0.276082337,0.716911239,90709,13220,91261,30555,14252,7252,247249,36.68730713,5.34683659,36.91056384,12.35798729,5.764229582,2.933075564,369424,37160,600643,72377,37735,15327,4.072627854,2.810892587,6.581595643,2.368744886,2.647698569,2.113485935,259000,59800,23.08880309,10.86171061,863.4926381,11996,9098,4230,318,1548,48.51789087,36.79691323,17.10825929,1.286152826,6.260894887
2021,Bihor,248,284,532,439,94,84,178,140,363534,288413,555025,51.96396559,0.958515382,0.320706274,1.207589937,0.385108408,1.279221657,84616,5599,98267,31750,18668,6043,244943,34.5451799,2.28583793,40.11831324,12.96219937,7.621364971,2.467104592,353051,23608,619076,67694,51218,12999,4.172390564,4.216467226,6.299937924,2.132094488,2.743625455,2.151083899,230500,29600,12.84164859,10.1961792,880.1536178,13659,9255,4176,356,1863,55.76399407,37.78430084,17.04886443,1.453399362,7.605851157
2022,Bihor,298,383,681,578,159,141,300,236,359691,289780,553123,52.38979395,1.231190892,0.542374842,1.606934841,0.656118724,1.773565735,83677,5490,96930,30979,17784,5915,240775,34.75319281,2.280137057,40.25750182,12.86636902,7.386148894,2.4566504,320820,21931,284432,50183,45295,8630,3.834028467,3.994717668,2.934406273,1.619903806,2.546952317,1.459002536,235100,30000,12.76052744,10.88133545,631.7185082,15099,9437,3186,168,1132,62.70999896,39.19426851,13.23227079,0.697746859,4.701484789
2012,Bistrita-Nasaud,169,165,334,263,29,19,48,43,190330,179334,284874,62.95204196,1.17244817,0.168495545,1.38181054,0.225923396,1.340943715,4438,2363,24299,466,0,11,31577,14.05453336,7.483294803,76.95157868,1.475757672,0,0.034835482,9714,4430,52225,199,0,6,2.188823795,1.874735506,2.149265402,0.427038627,,0.545454545,131700,44700,33.94077449,7.269302029,847.1228339,2610,1992,552,45,224,82.65509706,63.08389017,17.481078,1.42508788,7.093770783
2013,Bistrita-Nasaud,157,164,321,274,34,33,67,60,189754,178070,284090,62.68084058,1.129923616,0.235840755,1.443974831,0.316198868,1.36576437,2513,2091,22649,487,1,7,27748,9.056508577,7.535678247,81.62390082,1.755081447,0.003603863,0.025227043,6874,5341,66038,590,1,8,2.735376045,2.554280249,2.915713718,1.211498973,1,1.142857143,130200,42300,32.48847926,7.520638021,916.6995652,2610,1992,552,45,224,94.06083321,71.78895776,19.89332565,1.621738504,8.072653885
2014,Bistrita-Nasaud,96,123,219,189,32,29,61,53,188913,177090,283631,62.43675762,0.772129986,0.21506817,1.000460529,0.280552424,0.987198155,2483,2104,22884,490,19,19,27999,8.868173863,7.514554091,81.73149041,1.750062502,0.067859566,0.067859566,8206,6730,79711,671,48,34,3.304873137,3.198669202,3.483263415,1.369387755,2.526315789,1.789473684,128800,40700,31.59937888,8.444218614,875.2054417,2629,1995,561,45,226,93.89621058,71.25254473,20.03642987,1.607200257,8.071716847
2015,Bistrita-Nasaud,138,129,267,222,53,50,103,85,187528,175873,282971,62.15230536,0.943559587,0.363994897,1.183823216,0.453265646,1.307554484,2965,2488,23977,521,75,14,30040,9.870173103,8.28229028,79.81691079,1.734354194,0.249667111,0.046604527,9612,5982,60454,465,172,22,3.241821248,2.404340836,2.521332944,0.892514395,2.293333333,1.571428571,129100,35300,27.34314485,8.106655545,874.4829,2721,2049,591,45,254,90.5792277,68.20905459,19.67376831,1.498002663,8.45539281
2016,Bistrita-Nasaud,180,205,385,329,63,51,114,96,185770,174775,282036,61.96903941,1.365073962,0.404203719,1.771007159,0.516768047,1.769277681,3095,2619,23836,646,0,54,30250,10.23140496,8.65785124,78.79669421,2.13553719,0,0.178512397,9725,6483,72959,720,0,112,3.142164782,2.475372279,3.060874308,1.114551084,,2.074074074,127200,30400,23.89937107,7.49047309,1011.612316,2758,2252,591,45,245,91.17355372,74.44628099,19.53719008,1.487603306,8.099173554
2017,Bistrita-Nasaud,175,187,362,306,83,89,172,137,183794,173419,280828,61.75274545,1.289045252,0.61247454,1.664907451,0.745399741,1.901519791,4018,2672,19042,373,38,45,26188,15.34290515,10.20314648,72.71269284,1.424316481,0.145104628,0.171834428,12653,7795,86367,863,23,85,3.149079144,2.917290419,4.535605504,2.313672922,0.605263158,1.888888889,127300,31000,24.35192459,7.39784885,927.6894665,3273,2298,539,41,170,124.9809073,87.75011456,20.58194593,1.565602566,6.491522835
2018,Bistrita-Nasaud,212,230,442,359,111,78,189,159,182018,171753,279568,61.43514279,1.581010702,0.676043038,1.972332407,0.87353998,2.25705374,3861,2700,18889,365,0,27,25842,14.94079406,10.44810773,73.09418776,1.412429379,0,0.104481077,12277,8166,106695,778,0,88,3.17974618,3.024444444,5.648525597,2.131506849,,3.259259259,125000,31200,24.96,8.14209866,928.5586732,3098,2238,515,32,106,119.882362,86.60320409,19.92879808,1.23829425,4.101849702
2019,Bistrita-Nasaud,169,200,369,312,72,80,152,129,180260,170107,278544,61.07006433,1.324745821,0.545694756,1.730833241,0.715632975,1.870440577,4053,2570,19021,529,0,121,26294,15.41416293,9.774092949,72.33969727,2.011865825,0,0.46018103,13270,5830,98633,1648,0,348,3.274117937,2.26848249,5.185479207,3.115311909,,2.876033058,125200,31100,24.84025559,8.317428928,848.3149728,2925,2244,515,32,98,111.2421085,85.34266373,19.58621739,1.217007682,3.727086027
2020,Bistrita-Nasaud,122,159,281,240,48,44,92,77,178296,168714,277372,60.82589447,1.013079907,0.331684525,1.346076188,0.43186611,1.344764432,3352,2408,18971,512,51,55,25349,13.22340132,9.499388536,74.83924415,2.019803543,0.201191368,0.216971084,12684,4938,84827,1101,178,79,3.784009547,2.050664452,4.471403721,2.150390625,3.490196078,1.436363636,125100,30100,24.0607514,7.93921441,1013.791611,2811,2254,511,32,97,110.8919484,88.91869502,20.15858614,1.262377214,3.82658093
2021,Bistrita-Nasaud,232,221,453,365,88,84,172,139,184882,175917,286029,61.50320422,1.583755493,0.601337627,1.974232213,0.751830898,2.18509312,3602,1479,15964,437,61,182,21725,16.57997699,6.807825086,73.48216341,2.01150748,0.280782509,0.837744534,14679,4714,84033,996,212,412,4.07523598,3.187288709,5.263906289,2.279176201,3.475409836,2.263736264,108500,15200,14.00921659,6.864635552,1020.931869,2800,2254,511,34,96,128.8837745,103.7514384,23.52128884,1.565017261,4.418872267
2022,Bistrita-Nasaud,270,309,579,484,77,100,177,156,192417,183503,295840,62.02778529,1.957138994,0.598296376,2.515370264,0.810739176,2.55543537,3797,1586,16359,543,75,218,22578,16.81725574,7.02453716,72.45548764,2.404996014,0.33218177,0.965541678,14824,5405,82175,1150,266,494,3.904134843,3.407944515,5.023228804,2.11786372,3.546666667,2.266055046,112100,15500,13.82694023,7.409889052,770.6998685,2793,2259,511,34,93,123.7044911,100.0531491,22.63265125,1.50589069,4.119053946
2012,Botosani,101,138,239,165,417,245,662,589,259760,242525,408567,59.35990915,0.584971376,1.620297283,0.635201725,2.267477672,2.205268659,23208,4915,105338,26167,1504,32058,193190,12.01304415,2.544127543,54.52559656,13.54469693,0.778508204,16.59402661,55913,7722,156339,23635,1369,24041,2.409212341,1.57110885,1.484165259,0.903236901,0.910239362,0.749922016,150800,77600,51.45888594,10.22012437,561.9203092,2832,2552,1494,53,504,14.65914385,13.20979347,7.73331953,0.274341322,2.608830685
2013,Botosani,105,165,270,202,483,331,814,701,258623,240407,404822,59.38585354,0.6669598,2.010760285,0.781059689,2.710509119,2.677720084,23841,3920,103465,29935,2748,28790,192699,12.37214516,2.034260686,53.69254641,15.53459022,1.426058257,14.94039928,72570,8356,514855,59636,4760,56463,3.043915943,2.131632653,4.976127193,1.992183063,1.73216885,1.961201806,148600,73800,49.66352624,9.999977022,680.5255267,2759,2561,1503,53,510,14.31766641,13.29015719,7.799729111,0.275040348,2.646614668
2014,Botosani,84,102,186,152,419,220,639,600,256754,238272,401287,59.37695465,0.463508661,1.592376529,0.592006356,2.336867196,2.055885189,26004,4338,105716,32804,5723,29247,203832,12.75756505,2.128223243,51.86428039,16.09364575,2.807704384,14.34858118,83156,11208,568728,71266,13709,62854,3.197815721,2.583679115,5.37977222,2.172478966,2.395421981,2.149075119,145100,72300,49.82770503,9.931383559,744.6924556,3026,2927,1689,77,524,14.84555909,14.35986499,8.286235724,0.377762079,2.570744535
2015,Botosani,119,158,277,231,288,160,448,421,253878,235572,397052,59.33026405,0.697641619,1.128315687,0.909885851,1.65827681,1.825957305,25899,4808,106315,34603,3725,30199,205549,12.59991535,2.339101625,51.72246034,16.83442877,1.812219957,14.69187396,74825,10387,367915,56465,6540,51523,2.889107688,2.160357737,3.460612331,1.631794931,1.755704698,1.706116097,139400,62600,44.90674319,11.13825109,489.2011107,3196,2927,1761,77,533,15.54860398,14.2399136,8.567300254,0.374606542,2.59305567
2016,Botosani,152,226,378,327,982,492,1474,1371,250774,232670,392568,59.26871268,0.962890506,3.754763506,1.303962931,5.467073939,4.717654012,27525,5148,106785,35802,3789,21614,200663,13.71702805,2.565495383,53.21608867,17.84185425,1.888240483,10.77129316,83140,10208,334027,50640,7032,19989,3.020526794,1.982905983,3.128032963,1.41444612,1.855898654,0.924817248,131600,53500,40.65349544,10.77735811,731.6798945,4735,3273,1864,57,555,23.59677669,16.31092927,9.289206281,0.284058347,2.765831269
2017,Botosani,149,236,385,313,1286,769,2055,1857,247671,229667,387897,59.20824343,0.992531523,5.297798127,1.263773312,7.49784997,6.290329649,26168,5118,102707,39457,5084,22121,200655,13.04128978,2.550646632,51.18586629,19.66410007,2.533702126,11.02439511,114207,14161,533912,119825,12323,36553,4.364376338,2.766901133,5.19839933,3.036850242,2.423878836,1.652411735,131700,53600,40.69855733,10.55296846,550.405002,4388,3598,1806,29,571,21.86838105,17.93127507,9.000523286,0.144526675,2.845680397
2018,Botosani,192,240,432,351,3704,2057,5761,5312,244660,226222,382815,59.09434061,1.128482426,15.04904458,1.434643996,21.71176326,16.177527,27190,4753,105528,37445,5724,20806,201446,13.4974137,2.35944124,52.38525461,18.58810798,2.841456271,10.3283262,117290,14180,772097,114984,13500,51174,4.313718279,2.983378919,7.316513153,3.070743758,2.358490566,2.459578968,132200,54500,41.22541604,10.32890769,637.7730035,4545,3463,1860,24,570,22.56187762,17.19071116,9.233243648,0.119138628,2.829542408
2019,Botosani,200,274,474,397,3134,2108,5242,4592,242340,223223,379004,58.89726758,1.250646431,13.83098859,1.638194273,18.94858463,15.08163502,28484,4461,108669,76465,4999,21729,244807,11.63528821,1.822251815,44.38966206,31.23480946,2.042016772,8.875971684,119720,12530,656634,158361,11210,41779,4.203061368,2.808787267,6.042514425,2.07102596,2.24244849,1.922729992,133700,54400,40.6881077,11.29502097,556.9807466,4975,3814,1793,9,640,20.32213131,15.57961986,7.324136973,0.036763655,2.61430433
2020,Botosani,158,208,366,295,1381,1016,2397,2070,239757,221318,375562,58.92981718,0.97453949,6.382434858,1.230412459,8.633741663,7.356974348,37439,3873,108210,74941,4567,20546,249576,15.00104177,1.551831907,43.35753438,30.02732635,1.829903516,8.232362086,107441,6482,468908,140314,9674,31571,2.869761479,1.673638007,4.333314851,1.87232623,2.118239545,1.536600798,132700,52300,39.41220799,11.31271614,643.5610824,6054,3416,1854,28,710,24.25714011,13.68721351,7.428598904,0.112190275,2.844824823
2021,Botosani,289,349,638,519,2239,1673,3912,3382,246636,230591,382265,60.32228951,1.668999254,10.23373838,2.104315672,13.71251561,11.90273763,31324,3379,116276,42733,8306,17481,219499,14.27068005,1.539414758,52.97336207,19.46842582,3.784071909,7.964045394,152326,11255,740031,115643,22292,43011,4.862916613,3.33086712,6.364434621,2.706175555,2.683843005,2.460442766,104900,25400,24.2135367,9.591180779,625.0511514,5503,3868,1726,30,620,25.07072925,17.62194816,7.863361564,0.136674882,2.824614235
2022,Botosani,479,551,1030,852,2451,2158,4609,3849,254397,240572,390566,61.59573542,2.637198322,11.8008224,3.349096098,15.1298954,14.43802072,38402,3810,121268,44306,8788,16988,233562,16.44188695,1.63125851,51.92111731,18.96969541,3.762598368,7.273443454,115074,9774,377572,78670,17591,24548,2.996562679,2.565354331,3.113533661,1.775606013,2.001706873,1.445020014,108200,26000,24.02957486,10.76804056,441.2453752,5345,3751,1659,28,691,22.88471584,16.05997551,7.103039022,0.119882515,2.958529213
2012,Braila,78,133,211,168,69,63,132,114,211425,119565,317691,37.63562707,0.664167383,0.415498078,0.794608017,0.539198297,1.079665461,67888,29223,101339,95469,8977,9176,312072,21.75395422,9.364185188,32.47295496,30.59197877,2.876579764,2.940347099,227812,83864,321456,149498,20163,21947,3.355703512,2.86979434,3.172085772,1.565932397,2.246073298,2.391782912,123800,39900,32.22940226,12.6093278,676.6279077,3350,2906,1740,46,620,10.73470225,9.311953652,5.575636392,0.147401882,1.986721013
2013,Braila,77,141,218,188,34,40,74,68,208971,118582,313925,37.7739906,0.694433384,0.235725094,0.899646362,0.325404003,0.930158477,77316,34020,99983,85448,23933,8816,329516,23.46350405,10.32423312,30.34238095,25.931366,7.263076755,2.675439129,340669,128044,523748,191217,65908,32099,4.406190181,3.763786008,5.238370523,2.237817152,2.753854511,3.640993648,122300,38100,31.1529027,12.77582845,604.4032585,3150,2806,1660,46,612,9.559475109,8.515519732,5.037691645,0.139598684,1.85726945
2014,Braila,67,100,167,148,31,40,71,60,205490,117550,310228,37.89148626,0.538313756,0.228863932,0.720229695,0.291985011,0.767177689,66229,35096,91797,79980,26700,11773,311575,21.25619835,11.26406162,29.46224825,25.66958196,8.569365321,3.778544492,269348,145103,532842,189966,76166,39896,4.066919325,4.134459767,5.804568777,2.375168792,2.852659176,3.388770917,119700,37000,30.91060986,12.19168945,745.5610301,3062,2706,1635,46,609,9.827489369,8.684907326,5.247532697,0.147637006,1.954585573
2015,Braila,93,117,210,190,37,39,76,65,201132,116348,306001,38.02209797,0.686272267,0.248365201,0.944653263,0.323170853,0.934637469,67838,33551,91119,78230,23487,17148,311373,21.78673167,10.77517961,29.26361631,25.12420794,7.543043231,5.507221243,297203,127249,438705,149559,66147,53151,4.381069607,3.792703645,4.814638001,1.91178576,2.816323924,3.099545136,117600,32300,27.46598639,12.81806315,607.8858072,2916,2557,1635,46,609,9.364973842,8.212015814,5.250936979,0.147732784,1.95585359
2016,Braila,148,186,334,291,51,55,106,87,196722,115065,301436,38.17228201,1.108029565,0.351650102,1.479244823,0.442248452,1.459679667,72839,37248,94050,99134,18900,19525,341696,21.31690157,10.90091777,27.52446619,29.01233845,5.531232441,5.714143566,362188,178781,541734,225249,53806,56992,4.97244608,4.799747637,5.760063796,2.272166966,2.846878307,2.918924456,115800,28300,24.43868739,12.55676107,664.2829973,2816,2447,1635,46,609,8.241243679,7.161336393,4.784955048,0.134622588,1.782286009
2017,Braila,160,210,370,317,59,59,118,101,192083,113782,296692,38.3502083,1.247084519,0.397718846,1.650328244,0.525814361,1.644803365,70396,32942,90732,86730,26304,20278,327382,21.50270937,10.06225144,27.71441313,26.49198795,8.034650653,6.193987452,369267,158828,624720,276994,74001,68134,5.24556793,4.82144375,6.885332628,3.193750721,2.813298358,3.359996055,119300,28500,23.88935457,12.11771159,660.555307,2637,2209,1635,46,609,8.054810588,6.747469317,4.994165837,0.140508641,1.860212229
2018,Braila,157,263,420,353,56,70,126,116,187716,112257,291917,38.45510882,1.438765128,0.431629539,1.88050033,0.617954783,1.870394667,72689,32105,97693,85551,25203,20569,333810,21.77556095,9.617746622,29.26604955,25.62865103,7.550103352,6.161888499,383338,158658,877282,252635,62989,85040,5.27367277,4.941847064,8.979988331,2.953033863,2.49926596,4.134376975,118100,28700,24.30143946,12.45958984,539.2444529,2477,2099,1617,46,619,7.420388844,6.288008148,4.844072976,0.137802942,1.854348282
2019,Braila,164,237,401,346,45,63,108,94,184021,110536,287878,38.39682088,1.392951181,0.375158921,1.880220192,0.510811266,1.768110102,65713,24693,125418,80321,6481,16690,319316,20.57930076,7.733091984,39.27707976,25.15407934,2.029650879,5.226797279,336331,125821,954648,226564,12314,55300,5.118180573,5.095411655,7.611730374,2.820731814,1.90001543,3.313361294,117900,28300,24.00339271,13.31123047,443.2826514,2416,2094,1617,46,618,7.566172694,6.557767227,5.063949191,0.144057924,1.935386889
2020,Braila,151,193,344,303,20,37,57,51,180052,108916,283505,38.41766459,1.21338248,0.201054655,1.682847177,0.283251505,1.414437135,64810,23493,118211,81454,6345,15835,310148,20.89647523,7.574770755,38.1143841,26.26294543,2.04579749,5.105626991,135522,68232,449505,128021,9701,40712,2.091066193,2.904354489,3.802564905,1.571696909,1.52892041,2.571013578,116600,27100,23.24185249,13.81882487,455.0460775,2148,1894,1617,46,621,6.925725783,6.106761933,5.21363994,0.148316288,2.002269884
2021,Braila,210,288,498,420,39,57,96,83,177491,108411,280595,38.63611255,1.774799979,0.342130116,2.366317165,0.467629345,2.116930095,66872,24135,112125,58946,5743,14651,282472,23.67385086,8.544209692,39.69419978,20.86790903,2.033121867,5.186708771,359182,113815,852229,146002,16018,52048,5.371186745,4.715765486,7.600704571,2.476877142,2.789134599,3.552522012,104000,15000,14.42307692,12.21652669,600.9708555,1948,1694,1642,46,647,6.896258744,5.997054575,5.812965533,0.162847999,2.290492509
2022,Braila,312,330,642,558,50,55,105,90,175815,108403,278705,38.89524766,2.303510881,0.376742434,3.173790632,0.511901715,2.680253314,71461,23151,110646,58730,6216,16754,286958,24.90294747,8.067731166,38.55825591,20.46640972,2.166170659,5.838485074,267758,89345,547948,116793,14157,47575,3.746910902,3.859228543,4.952262169,1.988642942,2.277509653,2.839620389,106600,15300,14.35272045,13.43127767,251.7747607,1907,1686,1649,41,637,6.645571826,5.875424278,5.746485548,0.142878052,2.219837049
2012,Brasov,202,272,474,380,141,115,256,224,384763,153665,550171,27.93040709,0.861550318,0.465309876,0.987620951,0.582176561,1.326860194,14512,5026,9227,0,725,307,29797,48.70288955,16.86746988,30.96620465,0,2.433130852,1.030305064,40860,10004,16697,0,1343,287,2.815600882,1.990449662,1.809580579,,1.852413793,0.93485342,237600,32300,13.59427609,7.901924827,809.9734041,4704,3716,1086,78,366,157.8682418,124.7105413,36.44662214,2.617713193,12.28311575
2013,Brasov,221,329,550,437,136,132,268,233,383631,155209,550863,28.17560809,0.998433367,0.48650935,1.139115452,0.607354463,1.484942717,14480,4962,9216,0,940,335,29933,48.3747035,16.57702202,30.78876157,0,3.140346774,1.119166138,49384,12732,40911,0,2210,628,3.410497238,2.565900846,4.439127604,,2.35106383,1.874626866,241700,30400,12.57757551,7.92098999,833.1713599,4599,3880,1149,20,397,153.6431363,129.6228243,38.38572813,0.668158888,13.26295393
2014,Brasov,169,252,421,382,139,153,292,249,380512,156290,551081,28.36062212,0.76395303,0.52986766,1.003910521,0.654381465,1.293820691,14249,4947,9252,0,1048,501,29997,47.50141681,16.49164916,30.84308431,0,3.493682702,1.670167017,52907,14420,44058,0,3234,1011,3.713032494,2.914897918,4.761997406,,3.085877863,2.017964072,240500,29300,12.18295218,8.333515514,931.7050619,4559,3945,1179,20,396,151.9818649,131.5131513,39.30393039,0.66673334,13.20132013
2015,Brasov,270,371,641,548,156,152,308,254,376323,157731,551151,28.61847298,1.16302066,0.55883052,1.456195874,0.674952102,1.721851181,9850,5710,10010,136,1148,869,27723,35.53006529,20.59661653,36.10720341,0.490567399,4.140965985,3.134581395,37183,13847,34287,252,3387,1785,3.774923858,2.425043783,3.425274725,1.852941176,2.950348432,2.054085155,243600,25800,10.591133,8.266625144,830.460957,4559,3945,1179,20,396,164.448292,142.3006168,42.52786495,0.721422645,14.28416838
2016,Brasov,424,510,934,817,166,205,371,307,371794,159665,550962,28.97931255,1.69521673,0.673367673,2.197453429,0.825726074,2.368584403,10219,5233,10144,228,1723,1115,28662,35.65347847,18.25762333,35.39180797,0.795478334,6.011443723,3.890168167,39412,14439,38969,435,5110,2517,3.85673745,2.759220333,3.84158123,1.907894737,2.9657574,2.257399103,253200,23100,9.123222749,7.710083701,1035.584887,4559,3945,1179,20,386,159.0607773,137.6386854,41.13460331,0.697788012,13.46730863
2017,Brasov,423,577,1000,828,222,259,481,382,367214,161222,551085,29.25537803,1.814602103,0.872823612,2.254815993,1.040265349,2.687425715,8910,5358,9259,140,2049,1462,27178,32.78386931,19.71447494,34.06799617,0.515122526,7.539186106,5.379350946,36971,16374,47172,277,6448,3208,4.149382716,3.055991041,5.094718652,1.978571429,3.146900927,2.194254446,254100,23000,9.051554506,7.499950756,909.2477561,4559,3945,1179,20,396,167.745971,145.1541688,43.38067555,0.735889322,14.57060858
2018,Brasov,480,646,1126,918,261,312,573,458,363174,162259,551887,29.40076501,2.040272737,1.03825602,2.527713988,1.261103493,3.078528757,8806,5391,9470,88,2223,1381,27359,32.18684893,19.70466757,34.61383823,0.321649183,8.125296977,5.047699112,33960,16278,56310,241,6083,3645,3.856461504,3.019476906,5.946145723,2.738636364,2.736392263,2.639391745,257100,23300,9.062621548,8.354261919,866.9030813,4634,3950,1179,20,409,169.3775357,144.376622,43.09368032,0.731020871,14.9493768
2019,Brasov,444,586,1030,859,277,293,570,465,359790,163289,553301,29.51178472,1.861554561,1.030180679,2.387503822,1.292420579,2.89173524,8339,5412,9851,158,1988,1537,27285,30.56258017,19.83507422,36.10408649,0.579072751,7.286054609,5.633131757,31120,15189,52253,335,5679,3403,3.731862334,2.80654102,5.304334585,2.120253165,2.856639839,2.214053351,257500,23200,9.009708738,8.704570423,819.568375,4521,3194,1025,333,436,165.6954371,117.060656,37.56642844,12.20450797,15.9794759
2020,Brasov,345,377,722,608,193,205,398,317,356153,165377,554009,29.8509591,1.303227926,0.718399882,1.707131486,0.890066909,2.021627807,6512,4954,8140,133,1342,1808,22889,28.45034733,21.64358425,35.56293416,0.58106514,5.863078335,7.898990782,24740,11355,34835,199,3787,2977,3.799140049,2.292087202,4.279484029,1.496240602,2.821907601,1.646570796,254800,22400,8.791208791,8.385911421,883.8504249,4521,3194,1025,333,431,197.5184586,139.5430119,44.78133601,14.54847307,18.83000568
2021,Brasov,494,641,1135,941,309,360,669,540,348792,169374,551130,30.73213216,2.059405222,1.213869686,2.697882979,1.548200647,3.273274908,8529,3459,11314,201,3018,3523,30044,28.38836373,11.5131141,37.65810145,0.669018772,10.04526694,11.726135,37068,9893,67182,533,8202,6981,4.346113261,2.860075166,5.937952979,2.651741294,2.717693837,1.981549815,246600,12600,5.109489051,7.295982361,952.9684473,4905,3104,867,326,469,163.2605512,103.3151378,28.85767541,10.85075223,15.61043802
2022,Brasov,761,861,1622,1377,307,327,634,498,343703,173660,550636,31.53807597,2.945684627,1.15139584,4.006365961,1.44892538,4.097080467,7928,3047,11219,500,2406,4107,29207,27.14417777,10.43243058,38.41202451,1.711918376,8.237751224,14.06169754,35565,8014,56737,1220,8353,8457,4.485998991,2.630127995,5.057224352,2.44,3.471737323,2.059167275,253800,12800,5.043341214,8.080502597,665.7886948,4933,3094,857,23,470,168.8978669,105.9335091,29.34228096,0.787482453,16.09203273
2012,Buzau,63,70,133,117,43,48,91,81,290556,275016,447156,61.50336795,0.297435347,0.203508395,0.402676248,0.278775864,0.500943742,57230,19712,98258,47891,2335,0,225426,25.38748858,8.744332952,43.58769618,21.24466566,1.035816632,0,113057,32231,144630,54383,2230,0,1.975484886,1.635095373,1.471941216,1.135557829,0.95503212,,176400,76300,43.25396825,10.70307666,755.2532923,3336,3000,1176,210,382,14.79864789,13.30813659,5.216789545,0.931569562,1.694569393
2013,Buzau,114,129,243,208,29,23,52,43,288594,272712,443052,61.55304569,0.548468351,0.117367713,0.720735705,0.148998247,0.665836064,93452,22957,96723,80461,17934,0,311527,29.9980419,7.369184693,31.04803115,25.82793787,5.756804386,0,292645,52271,396768,139504,38522,0,3.131500663,2.276909004,4.102106014,1.733808926,2.147987064,,175400,72400,41.27708096,10.80817073,745.3137223,3268,3191,1185,197,390,10.49026248,10.24309289,3.803843648,0.632368944,1.251897909
2014,Buzau,48,86,134,114,27,41,68,65,285186,270164,438799,61.56896438,0.305379,0.154968448,0.399739118,0.227921427,0.460347448,100475,21516,97309,75753,22127,0,317180,31.67759632,6.783529857,30.67942493,23.88328394,6.976164954,0,337849,58741,445090,145637,55582,0,3.362518039,2.730107827,4.573985962,1.92252452,2.511953722,,171800,70600,41.09429569,10.4905885,912.3452581,3261,3200,1185,197,390,10.28122832,10.08890851,3.736048931,0.62109843,1.229585724
2015,Buzau,73,104,177,155,35,31,66,61,280621,267334,433848,61.6192768,0.407976987,0.152127012,0.552346403,0.217375036,0.560104,94978,23580,98941,74621,24848,415,317383,29.92535832,7.429509457,31.17400743,23.51134119,7.829026759,0.130756846,342516,60192,355449,113855,61452,1200,3.606266714,2.552671756,3.592534945,1.525776926,2.473116549,2.891566265,166300,61200,36.80096212,11.20860124,701.8377381,3282,3217,1188,198,399,10.34081851,10.13601863,3.743111635,0.623851939,1.25715618
2016,Buzau,124,188,312,271,52,61,113,98,275704,264554,428525,61.73595473,0.728078875,0.263695234,0.982938224,0.355453675,0.991774109,51999,9430,103657,35600,21380,1678,223744,23.24039974,4.214638158,46.32839316,15.91104119,9.555563501,0.749964245,229214,30615,423947,71887,56864,2586,4.408046309,3.246553552,4.089902274,2.019297753,2.659681946,1.541120381,157600,52600,33.37563452,10.81685586,814.6457883,3325,3226,1193,200,400,14.8607337,14.41826373,5.331986556,0.893878719,1.787757437
2017,Buzau,133,164,297,247,39,48,87,73,270391,261111,422941,61.73697986,0.702225606,0.20570245,0.913491943,0.2699794,0.907928056,54242,10649,90848,37240,32389,1895,227263,23.86750153,4.685760551,39.97483092,16.38630133,14.25176998,0.833835688,281295,41179,550616,114617,99324,5646,5.185926035,3.866935863,6.06084889,3.077792696,3.066596684,2.979419525,158100,53000,33.52308665,10.49571424,773.6386003,3319,3219,1182,192,392,14.60422506,14.16420623,5.201022604,0.844836159,1.724873825
2018,Buzau,137,206,343,294,126,116,242,211,265145,256876,416919,61.61292721,0.822701772,0.58044848,1.108827245,0.795790982,1.403150252,56322,10509,101111,36301,33431,1238,238912,23.57437048,4.398690731,42.32144053,15.19429748,13.99301835,0.518182427,290396,42318,862867,105491,94119,3881,5.155995881,4.026834142,8.533858828,2.906008099,2.815321109,3.134894992,159200,53700,33.73115578,10.87766379,636.3287565,3238,3211,1185,193,393,13.55310742,13.4400951,4.959985267,0.807828824,1.644957139
2019,Buzau,142,219,361,296,83,82,165,139,260507,253002,411701,61.45285049,0.876849947,0.400776292,1.136245859,0.533574914,1.277626238,56015,10449,106283,44916,12074,1556,231293,24.21819943,4.517646448,45.95167169,19.41952415,5.220218511,0.672739772,293264,42593,783942,134113,28847,4006,5.235454789,4.076275242,7.375986752,2.985862499,2.389183369,2.574550129,160400,53100,33.10473815,11.48489712,629.1988413,3220,3212,1186,193,387,13.92173563,13.88714747,5.127695175,0.834439434,1.673202388
2020,Buzau,111,163,274,238,40,43,83,65,255942,250357,406766,61.54816283,0.673605955,0.204048519,0.92989818,0.253963789,0.877654475,63358,11913,113782,45651,13893,2969,251566,25.18543841,4.735536599,45.22948252,18.14672889,5.522606394,1.180207182,100942,15387,224136,69502,22900,5632,1.593200543,1.291614203,1.969872212,1.522463911,1.6483121,1.896934995,157700,51100,32.4032974,11.95163115,609.8351187,3209,3218,1192,193,386,12.75609582,12.79187172,4.738319169,0.767194295,1.53438859
2021,Buzau,182,236,418,356,64,68,132,116,253949,249069,403975,61.65455783,1.034717495,0.326752893,1.401856278,0.45678463,1.361470388,62762,12088,110486,49390,16583,1703,253012,24.80593806,4.777639005,43.66828451,19.52081324,6.554234582,0.673090604,315402,47359,663972,123497,45234,4680,5.025365667,3.917852416,6.009557772,2.500445434,2.727733221,2.748091603,133800,25700,19.2077728,10.45716903,722.7630969,3108,3315,1028,164,495,12.28400234,13.10214535,4.063048393,0.6481906,1.956428944
2022,Buzau,277,308,585,487,60,69,129,116,252994,247969,402417,61.61991168,1.453715922,0.320562998,1.924946837,0.458508897,1.77427892,60594,10178,101365,40729,16130,965,229961,26.34968538,4.425967882,44.07921343,17.71126408,7.014232848,0.419636373,109153,22579,25574,48134,32390,2675,1.801382975,2.218412262,0.252296157,1.181811486,2.008059516,2.772020725,137700,26300,19.09949165,11.58931921,383.5693165,3243,3269,1089,225,571,14.10239128,14.21545392,4.735585599,0.978426777,2.483029731
2012,Calarasi,36,71,107,88,15,13,28,23,197102,194766,304880,63.88283915,0.350957754,0.091839412,0.446469341,0.11669085,0.442797166,137505,35562,124097,72274,13074,6685,389197,35.33043677,9.137274953,31.8853948,18.57003009,3.359224249,1.717639139,395796,107604,404313,126409,16734,14811,2.878411694,3.025814071,3.258040082,1.749024545,1.279944929,2.215557218,100900,50700,50.24777007,12.68142034,685.422064,4164,2169,2025,174,798,10.69895194,5.573013153,5.203020578,0.447074361,2.050375517
2013,Calarasi,68,84,152,121,16,16,32,26,196074,193551,302655,63.95103335,0.502222002,0.105730948,0.617113947,0.132602997,0.60795295,121079,43209,105521,59114,46859,6638,382420,31.66126249,11.29883374,27.59296062,15.45787354,12.25328173,1.735787877,556005,194883,662008,141098,140096,16114,4.592084507,4.510240922,6.273708551,2.386879589,2.989735163,2.427538415,98800,48200,48.7854251,13.09308773,601.9171146,4965,4051,2811,143,1026,12.98310758,10.59306522,7.350556979,0.373934418,2.682914074
2014,Calarasi,50,82,132,114,11,26,37,30,194011,191862,300094,63.93396736,0.439862177,0.123294701,0.587595549,0.154630408,0.563156878,119109,48856,95164,45125,56962,7714,372930,31.93870163,13.10058188,25.51792562,12.10012603,15.27418014,2.068484702,504459,197272,616521,109410,156822,24659,4.235271894,4.037825446,6.478510781,2.424598338,2.753098557,3.196655432,95800,46200,48.22546973,12.37410622,866.1314655,5009,4093,2836,158,1056,13.43147508,10.97525005,7.604644303,0.423672003,2.831630601
2015,Calarasi,83,84,167,149,19,25,44,38,191163,189937,297244,63.89935541,0.561827993,0.148026537,0.779439536,0.198783237,0.70985453,120803,36361,109463,39527,47896,16753,370803,32.57875476,9.806015593,29.52052707,10.65983824,12.91683185,4.518032486,618397,185239,584339,95973,138587,40306,5.119053335,5.094441847,5.33823301,2.428036532,2.893498413,2.405897451,91800,40900,44.55337691,12.94092358,640.1474824,5100,4122,2880,186,1081,13.75393403,11.11641492,7.766927452,0.501614065,2.915294644
2016,Calarasi,74,125,199,181,35,36,71,64,188318,188159,294278,63.93920035,0.676231319,0.24126846,0.961140199,0.339850678,0.917499779,121533,38469,100669,36528,55077,16700,368976,32.93791466,10.42588136,27.28334634,9.899830883,14.92698712,4.526039634,613625,183652,522785,97921,181163,43388,5.049040178,4.774025839,5.193108107,2.680710688,3.289267752,2.598083832,86800,35600,41.01382488,12.64776962,662.0693624,5223,4153,2926,191,1059,14.15539222,11.25547461,7.930055071,0.517648844,2.870105373
2017,Calarasi,92,147,239,203,43,54,97,75,184891,185750,290560,63.92827643,0.822549559,0.333838106,1.097944194,0.405644407,1.156387665,128280,29720,92159,37530,68869,17228,373786,34.31910237,7.951073609,24.65555157,10.04050446,18.42471361,4.609054379,711818,167799,711259,108473,219456,54886,5.548939819,5.645995962,7.717737823,2.890301092,3.186571607,3.185860228,86500,35800,41.38728324,12.17805428,656.8533901,5262,4205,2988,192,1059,14.0775738,11.24975253,7.99387885,0.513662898,2.833171922
2018,Calarasi,94,140,234,216,34,41,75,64,181615,182717,286321,63.81543792,0.817264539,0.261943762,1.189329075,0.3523938,1.079208301,127279,21684,102302,39037,68126,18751,377179,33.7449858,5.748994509,27.12293102,10.34972785,18.06198118,4.971379637,719600,155011,924439,146290,205987,54919,5.653721352,7.148634938,9.0363727,3.747470349,3.023618002,2.928857128,87000,36100,41.49425287,12.56417812,610.466852,5280,4217,3013,192,1070,13.99865846,11.18036794,7.988249611,0.509042126,2.836849347
2019,Calarasi,117,183,300,260,48,50,98,87,178609,179876,282541,63.66368067,1.061792802,0.346852315,1.455693722,0.487097515,1.408645117,122554,30576,127300,38562,39057,20400,378449,32.38322733,8.079292058,33.63729327,10.18948392,10.32028094,5.390422488,709792,169788,999394,107817,96165,66086,5.791667347,5.552982732,7.850699136,2.795939007,2.462170674,3.239509804,88100,35800,40.63564132,13.5857579,468.4803855,4964,3762,2820,188,1292,13.11669472,9.940573234,7.45146638,0.496764425,3.413934242
2020,Calarasi,97,118,215,179,28,24,52,43,175913,178003,279402,63.70856329,0.769500576,0.186111767,1.017548447,0.244439012,0.955612344,128908,28671,120535,35771,31453,16454,361792,35.63041748,7.924719176,33.31610428,9.88717274,8.693669291,4.547917035,233158,75295,363682,62156,59831,27185,1.808716294,2.626172788,3.01723151,1.737608677,1.902235081,1.65218184,86400,34500,39.93055556,13.86304272,507.2345697,4994,3771,2828,190,1303,13.80351141,10.42311604,7.816646029,0.52516363,3.601516894
2021,Calarasi,121,156,277,233,52,49,101,88,176993,179788,280141,64.17768195,0.988787789,0.360532732,1.316436243,0.497194804,1.349320521,124923,34504,124479,39995,45506,13211,382618,32.64953557,9.017871611,32.53349294,10.45298444,11.89332441,3.452791034,665414,166211,941407,108682,183386,37331,5.326593181,4.817151635,7.562777657,2.717389674,4.029930119,2.825751268,70500,18400,26.09929078,12.39136724,734.4817382,4999,3858,2990,192,1348,13.06525046,10.08316389,7.814582691,0.501805979,3.523096143
2022,Calarasi,182,219,401,349,51,74,125,105,178501,181538,281325,64.52963654,1.425397672,0.444325958,1.955171119,0.588231999,1.869723629,121055,34753,125945,42707,49176,12827,386463,31.3238266,8.992581437,32.58914825,11.05073448,12.72463341,3.319075824,609747,173033,473217,108944,125669,22745,5.036941886,4.97893707,3.757330581,2.550963542,2.55549455,1.773212754,72700,18700,25.7221458,13.45870937,289.9939559,4996,3846,3009,198,1356,12.92749888,9.951793574,7.785997625,0.512338827,3.508744692
2012,Caras-Severin,125,194,319,233,25,9,34,28,199297,134726,293275,45.93845367,1.087716307,0.115932146,1.16910942,0.140493836,1.203648453,12096,545,36044,7170,71,0,55926,21.62858062,0.974502021,64.44945106,12.82051282,0.126953474,0,33182,1414,107718,11857,57,0,2.743220899,2.594495413,2.988514038,1.653695955,0.802816901,,115100,43200,37.53258036,9.829625802,917.5442355,6170,4260,896,77,358,110.3243572,76.17208454,16.02117083,1.376819368,6.401316025
2013,Caras-Severin,170,211,381,303,36,26,62,47,196953,133987,290484,46.12543204,1.311604081,0.213436885,1.538438105,0.238635614,1.525040966,12736,598,30601,6726,392,0,51053,24.9466241,1.171331753,59.93967054,13.1745441,0.767829511,0,37906,1663,111076,11517,384,0,2.976287688,2.780936455,3.629816019,1.712310437,0.979591837,,112200,41200,36.7201426,9.938747199,1066.960893,5841,4225,891,77,332,114.4105146,82.75713474,17.45245137,1.508236538,6.503045854
2014,Caras-Severin,131,162,293,254,38,40,78,67,194126,132682,287657,46.12507257,1.018574205,0.271156273,1.308428546,0.345136664,1.289730478,13896,1002,27178,5824,902,0,48802,28.47424286,2.053194541,55.69034056,11.93393713,1.848284906,0,45977,2795,104738,8559,1168,0,3.308649971,2.789421158,3.853778792,1.469608516,1.294900222,,112100,40300,35.9500446,10.22641488,1188.065857,5830,4225,889,77,329,119.4623171,86.57432072,18.21646654,1.577804188,6.741526987
2015,Caras-Severin,159,200,359,298,108,102,210,184,190663,131480,284443,46.22367223,1.262115784,0.738284999,1.56296712,0.965053524,2.000400783,13098,655,26231,7251,2417,2141,51793,25.28913174,1.264649663,50.64584017,13.99996138,4.666653795,4.13376325,36640,1892,68062,9385,3029,1665,2.797373645,2.888549618,2.594716176,1.294304234,1.253206454,0.777673984,112400,34900,31.04982206,10.38477698,865.4865677,5837,4226,889,77,329,112.6986272,81.5940378,17.16448169,1.48668739,6.352209758
2016,Caras-Severin,223,285,508,438,48,58,106,85,187094,130773,280891,46.55649344,1.808530711,0.377370581,2.341069195,0.454317081,2.185901293,14740,587,28100,6673,3643,1101,54844,26.87623076,1.070308511,51.23623368,12.16723798,6.642476843,2.007512216,58609,2140,119007,15856,11715,2828,3.976187246,3.645655877,4.235124555,2.376142664,3.215756245,2.568574024,108700,30000,27.59889604,9.706586498,1162.242463,7609,9752,3672,77,326,138.7389687,177.8134345,66.95354095,1.403982204,5.944132448
2017,Caras-Severin,239,278,517,417,84,73,157,128,183452,129236,277185,46.62445659,1.865180295,0.566408716,2.273074156,0.697730196,2.431589011,14674,1526,22230,6244,4242,2482,51398,28.54974902,2.96898712,43.25071014,12.14833262,8.253239426,4.828981672,68746,6223,71260,9232,11014,3471,4.68488483,4.077981651,3.205578048,1.478539398,2.596416785,1.398468977,105400,30200,28.65275142,9.806025542,776.7440804,7661,8374,3677,77,327,149.0524923,162.9246274,71.53974863,1.498112767,6.362115257
2018,Caras-Severin,320,380,700,554,81,100,181,148,179878,126750,273309,46.37607982,2.561203619,0.662254079,3.079865242,0.822779884,3.223457698,18428,1040,20487,6340,6669,2171,55135,33.42341525,1.886279133,37.15788519,11.49904779,12.09576494,3.93760769,78005,5183,120209,13816,11059,5376,4.232960712,4.983653846,5.867574559,2.179179811,1.658269606,2.476278213,103300,30500,29.52565344,10.31237036,1037.417729,7661,7590,3677,77,327,138.9498504,137.6621021,66.69084973,1.39657205,5.930896889
2019,Caras-Severin,265,368,633,509,98,87,185,147,177295,125287,270691,46.28413948,2.33845972,0.683436095,2.870921346,0.829126597,3.021895815,18858,1333,19310,4584,2116,2681,48882,38.5786179,2.726975165,39.50329365,9.377685037,4.328791784,5.484636472,82045,4067,97498,7793,5384,6422,4.350673454,3.051012753,5.049093734,1.70004363,2.54442344,2.39537486,103100,30300,29.38894277,10.67171697,901.291744,7371,5267,923,65,236,150.7917025,107.7492738,18.88220613,1.329732826,4.82795303
2020,Caras-Severin,220,265,485,390,50,49,99,78,174726,125675,268297,46.84174627,1.807698185,0.368994063,2.232066207,0.446413241,2.176692248,20454,682,16904,6170,4205,2208,50623,40.40455919,1.347213717,33.39193647,12.18813583,8.306500998,4.361653794,90236,2427,90551,13574,13041,6164,4.411655422,3.558651026,5.35677946,2.2,3.101307967,2.791666667,102300,29200,28.54349951,10.12308378,1037.270787,7697,4751,827,53,232,152.0455129,93.85062126,16.33644786,1.046954941,4.582897102
2021,Caras-Severin,336,391,727,585,89,80,169,136,164332,121819,256554,47.48279115,2.833711421,0.658730716,3.559866611,0.827592922,3.492442137,14449,931,18577,3786,3856,2152,43751,33.02553085,2.127951361,42.46074375,8.653516491,8.813512834,4.918744714,66956,4620,81263,8269,10968,4435,4.633953907,4.962406015,4.374387684,2.184099313,2.84439834,2.060873606,88300,14900,16.87429219,9.525744534,931.5078463,7933,5566,946,41,319,181.3215698,127.2199493,21.62236292,0.937121437,7.291261914
2022,Caras-Severin,435,545,980,796,108,119,227,187,154532,117029,245714,47.62813678,3.988376731,0.923838284,5.151036678,1.21010535,4.912215014,15049,1080,18717,2305,4594,1905,43650,34.47651775,2.474226804,42.87972509,5.280641466,10.52462772,4.364261168,64877,7797,65393,3593,15013,2690,4.311050568,7.219444444,3.493775712,1.558785249,3.267958206,1.412073491,90800,15300,16.85022026,10.23352335,699.0743035,7866,5330,1048,70,289,180.2061856,122.1076747,24.0091638,1.603665521,6.620847652
2012,Cluj,210,293,503,373,164,146,310,283,491678,233589,695584,33.58170976,0.723133367,0.445668676,0.758626581,0.575579953,1.168802043,9372,10576,37126,2123,664,881,60742,15.42919232,17.41134635,61.12080603,3.495110467,1.093148069,1.45039676,26988,22066,97817,3029,1073,1137,2.879641485,2.086422088,2.634730378,1.426754593,1.615963855,1.290578888,332800,74700,22.44591346,8.573215181,769.6369899,5120,4286,1389,65,661,84.29093543,70.56073228,22.86720885,1.070099766,10.88209147
2013,Cluj,208,293,501,391,158,160,318,277,492852,235210,698326,33.68197661,0.717429968,0.45537471,0.793341612,0.56203485,1.172804679,8914,11091,39268,2891,1058,595,63817,13.96806494,17.37938167,61.53219362,4.530140872,1.657865459,0.932353448,31878,29785,135371,6739,3100,827,3.576172313,2.685510775,3.447361719,2.331027326,2.930056711,1.389915966,337800,71100,21.04795737,8.787399967,912.4049419,5118,4286,1389,65,661,80.19806635,67.16078788,21.76536033,1.01853738,10.35774167
2014,Cluj,156,195,351,296,1115,1236,2351,2263,491550,237200,700090,33.88135811,0.50136411,3.358139668,0.602176788,4.603804293,3.859503778,9402,11827,43265,2253,1675,770,69192,13.5882761,17.09301653,62.52890508,3.256156781,2.420800092,1.112845416,38414,38250,218591,5604,5463,1715,4.085726441,3.234125307,5.052374899,2.4873502,3.261492537,2.227272727,343700,69100,20.10474251,9.605052847,818.4206587,5118,4286,1389,65,661,73.9680888,61.94357729,20.0745751,0.939414961,9.553127529
2015,Cluj,209,320,529,443,119,154,273,234,488764,239291,701215,34.12519698,0.754404854,0.389324244,0.906367899,0.478758665,1.143729099,9165,12349,40653,2199,1621,891,66878,13.70405814,18.46496606,60.78680583,3.288076797,2.423816502,1.332276683,39342,36975,132149,4752,4094,1571,4.292635025,2.994169568,3.250658008,2.160982265,2.525601481,1.76318743,345200,59900,17.35225956,9.260444033,844.0434516,5132,4286,1389,65,671,76.73674452,64.0868447,20.76916176,0.971919017,10.03319477
2016,Cluj,302,422,724,604,218,167,385,322,486008,242065,702123,34.47615304,1.031158358,0.548336972,1.242777897,0.662540534,1.579495331,11257,12724,42765,3287,1772,1201,73006,15.41928061,17.42870449,58.5773772,4.502369668,2.427197765,1.645070268,44024,39641,199779,7583,4756,3225,3.910811051,3.115451116,4.671553841,2.306966839,2.683972912,2.685262281,352600,51400,14.57742484,8.634456668,1050.652271,5133,4286,1391,65,674,70.30928965,58.70750349,19.0532285,0.89033778,9.232117908
2017,Cluj,348,435,783,626,281,270,551,475,483512,244830,703800,34.78687127,1.112531969,0.782892867,1.294693824,0.982395473,1.895424837,10745,12439,37739,2597,1071,2371,66962,16.04641438,18.5762074,56.35883038,3.878319047,1.599414593,3.540814193,47819,41018,192241,6748,2472,4336,4.450349,3.297531956,5.093961154,2.598382749,2.308123249,1.828764235,358400,51900,14.48102679,8.652639744,781.9669157,5259,4291,1568,65,689,78.53708073,64.08112064,23.41626594,0.9706998,10.28941788
2018,Cluj,346,492,838,668,324,290,614,540,481470,246636,705893,34.93957299,1.187148761,0.869820214,1.3874177,1.121565207,2.056968974,10852,12997,41926,3740,1397,2696,73608,14.74296272,17.65704815,56.95848277,5.08096946,1.897891534,3.662645365,44843,42946,336034,11749,3879,6110,4.13223369,3.304300993,8.014931069,3.14144385,2.776664281,2.266320475,361300,52400,14.50318295,9.454943091,935.2921548,5264,4295,1566,65,689,71.51396587,58.34963591,21.27486143,0.88305619,9.360395609
2019,Cluj,343,491,834,696,285,340,625,531,479900,247028,708510,34.86584522,1.177118178,0.882132927,1.450302146,1.106480517,2.059251104,11345,12937,41841,5102,1248,2087,74560,15.21593348,17.35112661,56.11722103,6.842811159,1.673819742,2.799087983,47064,42462,255113,15560,3731,3844,4.148435434,3.282213805,6.09720131,3.049784398,2.989583333,1.841878294,369000,51900,14.06504065,9.581030922,780.377653,5260,3810,977,65,485,70.5472103,51.09978541,13.10354077,0.871781116,6.504828326
2020,Cluj,228,308,536,443,173,180,353,313,477779,249233,710367,35.0851039,0.754539555,0.496926237,0.92720693,0.655114603,1.251465792,11621,12926,42239,5548,1173,3126,76633,15.16448527,16.86740699,55.11855206,7.239700912,1.530672165,4.079182598,36158,34327,234627,13837,3330,5888,3.111436193,2.655655268,5.554747982,2.494051911,2.83887468,1.883557262,368800,50100,13.5845987,8.991720824,963.4063598,6573,3550,1326,31,491,85.7724479,46.32469041,17.30325056,0.404525466,6.407161406
2021,Cluj,435,496,931,756,283,300,583,492,461477,260469,696946,37.37290981,1.335828027,0.836506702,1.638218156,1.066141975,2.172334729,11835,8604,41857,5158,1559,1410,70423,16.80558908,12.21759936,59.43654772,7.32431166,2.213765389,2.002186786,54540,33275,242928,13980,4833,3043,4.608365019,3.867387262,5.803760422,2.71035285,3.100064144,2.158156028,346100,24700,7.136665704,8.103779751,930.4652784,6796,3843,1493,27,487,96.50256308,54.57023984,21.20046008,0.38339747,6.915354359
2022,Cluj,583,671,1254,996,299,393,692,571,447473,271362,686043,39.55466348,1.827873763,1.008683129,2.22583262,1.276054645,2.836556892,12084,8374,41446,6334,1851,1642,71731,16.84627288,11.67417156,57.77976049,8.830212879,2.580474272,2.289107917,52649,29838,172859,13515,5535,2926,4.356918239,3.563171722,4.170704049,2.133722766,2.990275527,1.781973203,357000,25000,7.00280112,8.841350724,701.7090923,7483,4489,1678,40,610,104.3203078,62.58103191,23.39295423,0.557638957,8.503994089
2012,Constanta,200,287,487,375,201,131,332,279,479957,214118,684222,31.29364446,0.711757295,0.485222632,0.781319993,0.581302075,1.196979928,179336,71790,58357,111214,7636,147,428480,41.85399552,16.75457431,13.61953883,25.9554705,1.782113518,0.034307319,544984,158724,83426,125186,12906,218,3.03889905,2.2109486,1.429579999,1.125631665,1.690151912,1.482993197,295000,65700,22.27118644,12.87330914,630.7322332,4308,3039,2453,223,833,10.05414488,7.092513069,5.724887976,0.520444361,1.944081404
2013,Constanta,248,320,568,448,108,99,207,182,478595,215660,684475,31.50735966,0.829833084,0.302421564,0.936073298,0.380279777,1.132254648,175762,63171,59752,100068,6983,17,405753,43.31748625,15.56883128,14.72620042,24.66229455,1.72099775,0.004189741,513406,169894,195555,149567,12010,21,2.921029574,2.689430277,3.27277748,1.494653636,1.719891164,1.235294118,295100,62700,21.2470349,12.98702671,547.9684819,4202,3039,2456,223,841,10.35605405,7.489778264,6.05294354,0.549595444,2.072689543
2014,Constanta,171,273,444,381,122,125,247,211,474691,216675,683912,31.68170759,0.649206331,0.361157576,0.802627393,0.444499685,1.010363906,178379,65789,62760,89884,32655,17,429484,41.53332837,15.31814922,14.6128843,20.92836986,7.603310019,0.003958238,584832,200678,224359,164826,70776,18,3.278592211,3.050327562,3.57487253,1.833763517,2.167386311,1.058823529,291600,61400,21.05624143,12.63768806,831.4127086,4188,3104,2463,223,840,9.751236367,7.227277384,5.734788723,0.519227724,1.955835375
2015,Constanta,222,305,527,446,116,110,226,190,468912,217427,682285,31.86747474,0.772404494,0.331239878,0.951137953,0.405193299,1.103644371,177077,60048,59839,95124,38094,385,430567,41.12646812,13.94626156,13.89772091,22.09272889,8.84740354,0.089416978,670293,217714,173192,151939,87667,497,3.785319381,3.625666134,2.894299704,1.597273033,2.301333543,1.290909091,289200,53600,18.53388658,12.79519019,617.0104709,3288,3140,2453,223,825,7.63644218,7.292709381,5.697138889,0.517921717,1.916078102
2016,Constanta,371,481,852,735,113,121,234,191,463002,218314,679782,32.11529579,1.253342983,0.344228003,1.587466145,0.412525216,1.597570986,185598,63921,61521,76854,44509,180,432583,42.90459866,14.77658623,14.2217794,17.7663015,10.28912371,0.041610512,743847,255871,196321,115414,102058,229,4.007839524,4.002925486,3.191121731,1.501730554,2.292974455,1.272222222,286200,46400,16.21243885,12.61768303,597.8181359,3328,3152,2464,226,835,7.693321282,7.286462945,5.696016718,0.522443092,1.930265406
2017,Constanta,371,512,883,750,134,146,280,234,456880,219013,677303,32.33604458,1.303700116,0.41340434,1.641568902,0.512169497,1.717104457,175969,65088,58045,81318,44267,1259,425946,41.31251379,15.28081024,13.62731426,19.0911524,10.39263193,0.295577374,952479,272190,335854,258610,97882,2838,5.412765885,4.181876844,5.786096994,3.180230699,2.211173109,2.254169976,284300,46600,16.39113612,12.13515963,564.4900601,3378,3114,2449,226,859,7.93058275,7.310785874,5.749555108,0.530583689,2.016687561
2018,Constanta,448,615,1063,864,157,189,346,273,451065,219298,675030,32.48714872,1.574744826,0.512569812,1.915466729,0.605234279,2.087314638,179309,64114,56269,79822,44781,594,424889,42.20137495,15.0895881,13.24322352,18.78655366,10.53945854,0.139801219,1017944,305018,457152,296518,102463,1353,5.677037962,4.757432074,8.124402424,3.714740297,2.288090931,2.277777778,284400,47400,16.66666667,12.47508194,615.5507978,3245,3121,2457,215,861,7.637288798,7.34544787,5.782686772,0.506014512,2.026411604
2019,Constanta,418,546,964,789,176,208,384,324,446071,219180,673211,32.55740028,1.431943328,0.570400662,1.768776719,0.726341771,2.00234399,181623,68823,63499,86828,25205,925,426903,42.54432506,16.12146085,14.87433914,20.33904657,5.904151529,0.216676856,862386,302735,357400,230976,53577,1641,4.748220214,4.398747512,5.628435093,2.66015571,2.125649673,1.774054054,287200,47200,16.43454039,13.54300138,402.2710505,3134,3121,2465,216,848,7.341246138,7.310794255,5.774145415,0.50596974,1.986399721
2020,Constanta,323,404,727,626,94,117,211,183,440468,219834,670480,32.78755518,1.084297816,0.314699916,1.421215616,0.415467185,1.398997733,173253,78197,52517,74538,35213,2177,415895,41.65787038,18.80210149,12.62746607,17.92231212,8.466800515,0.523449428,170322,79538,76548,83084,42533,2647,0.983082544,1.017148995,1.457585163,1.114652929,1.207877772,1.215893431,286800,45500,15.86471409,13.58406173,462.2598898,3120,3121,2465,216,848,7.501893507,7.50429796,5.926976761,0.519361858,2.038976184
2021,Constanta,584,662,1246,1042,196,229,425,364,428501,221872,662276,33.50144049,1.88139084,0.64172641,2.431732948,0.84947293,2.52311725,164480,88025,50277,72265,34223,416,409686,40.14782053,21.4859673,12.27208155,17.63911874,8.353470707,0.10154118,836548,416660,263397,246515,101026,737,5.086016537,4.733428003,5.238916403,3.411264097,2.951991351,1.771634615,266200,23300,8.752817431,12.35763943,753.3705976,3451,3121,2325,216,848,8.423524358,7.618029418,5.675077987,0.527233052,2.069877906
2022,Constanta,708,827,1535,1262,219,261,480,381,419272,224088,656635,34.12672185,2.337676182,0.730999718,3.009979202,0.908717968,3.068675901,162688,80374,58922,74005,37309,811,414109,39.28627487,19.40889959,14.22862097,17.87089872,9.009463692,0.195842157,811647,383403,223205,176232,90544,1320,4.988978904,4.770236644,3.788143648,2.381352611,2.426867512,1.627620222,273600,23900,8.735380117,13.1747225,315.453109,3497,3126,2325,219,851,8.444636557,7.548737168,5.614463825,0.52884627,2.055014501
2012,Covasna,32,41,73,56,25,11,36,32,141036,109205,209396,52.15238113,0.34862175,0.171923055,0.397061743,0.226892425,0.520544805,17279,7420,5577,0,145,62,30483,56.68405341,24.34143621,18.29544336,0,0.475674966,0.203392055,44498,17361,15848,0,336,105,2.575264772,2.339757412,2.841671149,,2.317241379,1.693548387,84400,24400,28.90995261,7.596679688,693.2394229,3844,3075,1024,248,310,126.1030738,100.875898,33.59249418,8.135682184,10.16960273
2013,Covasna,37,62,99,87,12,12,24,19,140511,109303,208846,52.33664997,0.474033498,0.114917212,0.619168606,0.13522073,0.58895071,20016,5580,7276,0,1282,9,34163,58.58970231,16.33346018,21.29789538,0,3.75259784,0.026344291,60231,14638,36529,0,2935,14,3.009142686,2.623297491,5.020478285,,2.289391576,1.555555556,83200,23200,27.88461538,7.597218175,703.7135766,3837,3066,773,248,304,112.3144923,89.74621667,22.62681849,7.259315634,8.898515938
2014,Covasna,21,44,65,57,15,14,29,24,139557,109317,208155,52.51711465,0.312267301,0.139319257,0.408435263,0.171972742,0.451586558,19805,5667,7039,40,1701,6,34258,57.81131415,16.54212155,20.54702551,0.116761049,4.965263588,0.017514157,65135,12692,38695,98,4714,11,3.288815956,2.239632963,5.49722972,2.45,2.771310994,1.833333333,83000,23100,27.8313253,7.84055353,902.0988905,3830,3066,773,248,277,111.798704,89.49734369,22.56407263,7.239185008,8.08570261
2015,Covasna,37,43,80,66,17,17,34,28,138033,108896,207021,52.60142691,0.386434226,0.164234546,0.47814653,0.202850043,0.550668773,19523,5785,6915,7,1529,208,33967,57.47637413,17.0312362,20.35799452,0.020608237,4.501427856,0.612359054,62464,12338,27466,10,3716,402,3.199508272,2.132757131,3.971945047,1.428571429,2.430346632,1.932692308,83200,20200,24.27884615,7.999987202,722.151824,3832,3066,773,248,279,112.8153796,90.26407984,22.75738217,7.30120411,8.213854624
2016,Covasna,55,58,113,93,20,26,46,38,136266,108483,205705,52.73717216,0.549330352,0.223621205,0.682488662,0.278866335,0.772951557,20526,6136,7500,6,2282,562,37012,55.4576894,16.578407,20.26369826,0.016210959,6.165567924,1.518426456,69768,14837,30965,11,6852,1439,3.399006139,2.418024772,4.128666667,1.833333333,3.002629273,2.560498221,81800,17500,21.39364303,7.499413767,938.0629307,3764,3066,883,38,280,101.696747,82.83799849,23.85712742,1.026694045,7.565114017
2017,Covasna,46,42,88,73,27,25,52,40,134406,107983,204309,52.85278671,0.430720135,0.254516443,0.543130515,0.297605762,0.685236578,24221,6070,11152,390,2227,710,44770,54.10096046,13.55818629,24.90953764,0.871119053,4.974313156,1.585883404,109861,20358,62490,982,5711,1247,4.535774741,3.353871499,5.603479197,2.517948718,2.564436462,1.756338028,82400,17700,21.48058252,7.217642507,802.2388694,3759,3066,883,38,271,83.96247487,68.48335939,19.72302881,0.848782667,6.053160599
2018,Covasna,50,58,108,92,23,29,52,39,132638,107311,202886,52.89226462,0.532318642,0.256301568,0.693617214,0.294033384,0.78862021,24184,6104,11130,386,2211,635,44650,54.16349384,13.67077268,24.92721165,0.86450168,4.951847704,1.422172452,99463,20448,76113,896,5554,1122,4.112760503,3.349934469,6.838544474,2.321243523,2.511985527,1.766929134,82300,18100,21.9927096,7.837973318,788.9605995,3779,3083,895,38,273,84.63605823,69.0481523,20.04479283,0.85106383,6.114221725
2019,Covasna,55,65,120,103,30,26,56,45,131276,106589,201910,52.79035214,0.594324204,0.277351295,0.784606478,0.342789238,0.871675499,23880,5959,11147,416,2136,661,44199,54.02837168,13.48220548,25.2200276,0.941197765,4.832688522,1.495508948,96376,18380,69610,973,5022,929,4.035845896,3.084410136,6.244729524,2.338942308,2.351123596,1.405446293,82900,17900,21.59227986,8.332831598,725.8486089,4089,3155,947,38,275,92.51340528,71.38170547,21.42582411,0.859747958,6.221860223
2020,Covasna,28,32,60,54,19,15,34,28,129987,106088,200894,52.80794847,0.298664968,0.169243482,0.415426158,0.215406156,0.467908449,23316,5559,10271,499,2309,1168,43122,54.06984834,12.89133157,23.81846853,1.157181949,5.354575391,2.708594221,77273,10634,44007,1032,4227,1428,3.314161949,1.912933981,4.284587674,2.068136273,1.830662625,1.22260274,80900,17200,21.26081582,8.299509356,790.8621427,5176,3155,966,38,275,120.0315384,73.16450999,22.40155837,0.881220723,6.377255229
2021,Covasna,53,73,126,108,20,20,40,30,128882,106952,200094,53.45087809,0.629704039,0.199906044,0.837975823,0.232771062,0.829610083,24686,3530,10792,634,2599,649,42890,57.55653999,8.230356727,25.16204243,1.478200047,6.059687573,1.513173234,97039,12413,48106,1322,5839,1223,3.930932512,3.516430595,4.457561156,2.085173502,2.246633321,1.884437596,74500,9100,12.2147651,7.158283849,855.3660908,7312,3540,1340,38,425,170.48263,82.53672185,31.24271392,0.88598741,9.909069713
2022,Covasna,79,79,158,131,37,29,66,45,128328,108022,199957,54.02261486,0.790169887,0.330070965,1.020821645,0.350663924,1.120240852,23488,3107,10540,593,2565,699,40992,57.29898517,7.579527713,25.71233411,1.446623731,6.257318501,1.705210773,88342,10106,45206,1036,5972,1576,3.761154632,3.252655294,4.288994307,1.747048904,2.328265107,2.254649499,77100,9200,11.93255512,7.956347066,561.743894,7660,3658,1340,38,524,186.8657299,89.23692428,32.68930523,0.927010148,12.78298205
2012,Dambovita,88,123,211,164,39,26,65,56,352070,367708,516688,71.16635184,0.408370235,0.125801257,0.465816457,0.159059278,0.534171492,33717,7472,64403,5714,583,0,111889,30.13432956,6.678046993,57.55972437,5.106846964,0.521052114,0,67776,13752,140705,5915,430,0,2.010143251,1.840471092,2.184758474,1.035176759,0.737564322,,196900,72500,36.82072118,10.41187054,788.3639469,6133,4652,1961,820,608,54.81325242,41.57691998,17.52629839,7.328691829,5.433956868
2013,Dambovita,123,148,271,218,34,31,65,59,350451,366589,514233,71.28850152,0.526998462,0.126401845,0.62205558,0.168354492,0.653400307,34208,7418,61095,8839,1646,0,113206,30.21747964,6.55265622,53.96798756,7.807890041,1.453986538,0,104168,20377,260858,18283,3198,0,3.045135641,2.746966837,4.269711106,2.068446657,1.942891859,,193500,68500,35.4005168,10.42698249,777.4772123,6325,4587,2103,746,574,55.87159691,40.51905376,18.57675388,6.589756727,5.070402629
2014,Dambovita,98,113,211,180,26,27,53,52,347603,365061,511196,71.41311747,0.412757533,0.103678433,0.517832125,0.149595947,0.516435966,33791,8527,59958,7847,3617,6,113746,29.70741828,7.49652735,52.71218329,6.89870413,3.17989204,0.005274911,101491,24702,258812,13404,7937,11,3.003492054,2.89691568,4.316554922,1.708168727,2.194359967,1.833333333,188400,65900,34.97876858,10.30304486,1028.512561,6523,4610,2098,746,591,57.34707155,40.52889772,18.44460465,6.558472386,5.195787105
2015,Dambovita,101,159,260,229,38,36,74,67,343401,362949,507487,71.51887635,0.512328395,0.145816543,0.666858862,0.195107178,0.658144938,32716,8380,61733,8855,4518,373,116575,28.06433626,7.188505254,52.95560798,7.595968261,3.875616556,0.319965687,90724,20441,184120,12145,8176,450,2.773077393,2.439260143,2.982521504,1.371541502,1.809650288,1.206434316,184600,57100,30.93174431,10.78793998,769.3952469,6880,4678,2087,860,537,59.0177997,40.12867253,17.90263779,7.377224962,4.606476517
2016,Dambovita,157,226,383,325,64,54,118,108,339131,360551,503356,71.62942331,0.760892887,0.234426529,0.958331736,0.318461008,0.995319416,32420,8158,61785,9536,4836,127,116862,27.74212319,6.980883435,52.87005186,8.160052027,4.138214304,0.10867519,99573,24011,178519,15933,13109,183,3.071344849,2.943245894,2.889358258,1.670826342,2.710711332,1.440944882,180300,48900,27.12146423,10.30896704,874.4625489,7045,4706,2029,898,561,60.28478034,40.26971984,17.36235902,7.684277182,4.800533963
2017,Dambovita,185,217,402,350,50,64,114,102,334527,357915,498842,71.74917108,0.805866387,0.228529274,1.046253367,0.304908124,1.03439566,35258,8467,58988,11976,6622,111,121422,29.03757145,6.973200903,48.58098203,9.863122004,5.453706906,0.091416712,137676,27764,284143,30871,14931,192,3.904815928,3.279083501,4.816962772,2.577738811,2.254756871,1.72972973,181300,49300,27.19249862,10.01233972,913.3207659,7083,4733,2218,938,574,58.33374512,38.97975655,18.26687091,7.725123948,4.727314655
2018,Dambovita,213,290,503,419,426,300,726,661,329802,354642,493890,71.8058677,1.018445403,1.469962947,1.270459245,2.004232843,2.48840835,35302,8086,59307,13351,7966,84,124096,28.4473311,6.515923156,47.79122615,10.75860624,6.419223827,0.067689531,117118,24190,338944,28882,14960,121,3.317602402,2.991590403,5.715075792,2.163283649,1.877981421,1.44047619,184100,49700,26.99619772,10.43604223,835.3830029,7417,4796,2237,1140,605,59.76824394,38.64749871,18.02636668,9.186436307,4.875257865
2019,Dambovita,228,254,482,413,388,303,691,608,325676,350872,489481,71.6824555,0.984716465,1.411699331,1.268131517,1.866886108,2.396415796,30781,8167,64445,16503,4871,57,124824,24.65952061,6.54281228,51.6286932,13.22101519,3.902294431,0.045664295,129424,27180,291614,37755,11118,52,4.204671713,3.328027427,4.525005819,2.287765861,2.282488195,0.912280702,185900,49200,26.46584185,11.09026127,774.6874662,7961,4798,2220,1155,614,63.77779914,38.43812087,17.78504134,9.253028264,4.918925848
2020,Dambovita,184,197,381,333,139,124,263,215,321899,348000,485468,71.68340653,0.784809709,0.541745285,1.034485972,0.667911364,1.326554994,29169,9282,63079,16134,2613,590,120867,24.13313808,7.679515501,52.18876947,13.34855668,2.161880414,0.488139856,87428,26150,223155,34528,4220,452,2.997291645,2.817280758,3.537706685,2.140076856,1.615001914,0.766101695,187300,47500,25.36038441,11.25608848,766.305005,8199,4321,2271,501,620,67.8348929,35.7500393,18.78924769,4.145051999,5.129605269
2021,Dambovita,269,272,541,458,120,128,248,205,316172,347736,481081,72.28221443,1.124550751,0.515505705,1.448578622,0.648381261,1.640056456,29547,8250,61769,15858,3002,3,118429,24.94912564,6.966199157,52.15698858,13.39030136,2.534852105,0.002533163,105996,25398,227232,33601,6352,9,3.587369276,3.078545455,3.678738526,2.118867449,2.115922718,3,159800,23000,14.39299124,10.01565861,862.2385935,9186,4411,1964,603,517,77.56546116,37.24594483,16.58377593,5.091658293,4.365484805
2022,Dambovita,359,397,756,650,87,87,174,149,311479,348065,477998,72.81725028,1.581596576,0.364018259,2.086818052,0.478362907,1.945614835,29644,8099,61177,18322,4340,19,121601,24.378089,6.66030707,50.30961916,15.0673103,3.569049597,0.015624872,117352,32171,204791,41338,11751,37,3.958710026,3.972218792,3.347516223,2.256194739,2.707603687,1.947368421,165400,23400,14.14752116,10.91671266,527.0309149,9809,4434,1993,790,610,80.66545505,36.46351593,16.38966785,6.4966571,5.016406115
2012,Dolj,139,152,291,231,66,35,101,89,444584,316213,656787,48.14544137,0.443066017,0.153778927,0.51958685,0.200187141,0.596844944,163353,15369,113342,57273,8284,63,357684,45.66964136,4.296809474,31.68774673,16.01217835,2.31601078,0.017613312,380004,32652,159326,69083,10077,0,2.326275,2.124536404,1.405710152,1.206205367,1.216441333,0,266200,112300,42.18632607,12.9725801,589.1845246,7446,6536,4483,96,1872,20.81725769,18.27311258,12.53340938,0.26839333,5.233669943
2013,Dolj,115,162,277,227,38,55,93,81,441418,314651,652662,48.210406,0.424415701,0.142493358,0.514251798,0.18349954,0.566909059,175205,21909,99752,74331,4882,0,376079,46.58728618,5.825637698,26.52421433,19.76473028,1.29813151,0,496057,57397,463998,132041,5855,0,2.831294769,2.619790953,4.651515759,1.776392084,1.199303564,,262700,105900,40.31214313,12.8129502,661.9316707,7419,6335,4540,124,1977,19.72723816,16.84486504,12.0719317,0.329717958,5.256874221
2014,Dolj,119,141,260,232,70,65,135,113,437509,312115,648742,48.11080522,0.400775655,0.208095052,0.530274806,0.258280401,0.608870707,176622,24939,94005,67224,8117,16,370923,47.61689084,6.723497869,25.34353491,18.12343802,2.188324801,0.004313564,552481,76184,437407,148796,18207,31,3.128041807,3.054813746,4.653018456,2.213435678,2.2430701,1.9375,257300,102000,39.64244073,12.21788991,998.7731859,7716,6248,4506,118,1256,20.8021611,16.84446637,12.14807386,0.318125325,3.386147529
2015,Dolj,131,172,303,272,77,63,140,122,432533,309758,643929,48.10437176,0.470548772,0.217415274,0.628853752,0.282059404,0.687964046,171526,24478,94208,67560,13845,1336,372953,45.99131794,6.563293498,25.26001936,18.11488311,3.712264012,0.358222082,569306,83032,326960,112113,32336,2533,3.319065331,3.392107198,3.470618207,1.659458259,2.335572409,1.895958084,248800,88200,35.45016077,13.16154942,658.0883158,7684,6306,4433,137,1196,20.6031323,16.90829676,11.88621623,0.367338512,3.206838395
2016,Dolj,247,279,526,452,71,88,159,148,427165,308387,638421,48.30464537,0.823907735,0.249051958,1.058139127,0.346470333,1.072959693,197770,32045,98409,91007,17768,2523,439522,44.99660995,7.290875087,22.39000551,20.70590323,4.042573523,0.574032699,663827,120372,396105,154412,46277,4994,3.356560651,3.756342643,4.025089169,1.696704649,2.604513733,1.979389616,239200,75600,31.60535117,12.72778992,763.8752352,7819,6408,4538,165,1258,17.78978072,14.57947498,10.32485291,0.375407829,2.862200299
2017,Dolj,210,258,468,376,108,98,206,182,421758,305892,633412,48.29273838,0.738855595,0.325222762,0.891506504,0.431527084,1.064078357,198238,29094,85294,77329,29061,1028,420044,47.19457962,6.926417232,20.30596795,18.40973803,6.918560913,0.244736266,894001,135684,584754,234064,79166,2177,4.509735772,4.663641988,6.855746008,3.026859264,2.724131998,2.11770428,242500,76400,31.50515464,12.642166,677.5830618,7806,6316,4525,136,1286,18.58376741,15.03651998,10.77268096,0.323775604,3.061584025
2018,Dolj,217,298,515,442,87,108,195,175,416414,302044,628620,48.04874169,0.819254876,0.310203302,1.061443659,0.420254843,1.129458178,200534,29005,85006,74132,30111,984,419772,47.77212391,6.909703363,20.25051695,17.66006308,7.173179726,0.234412967,906619,136720,661290,204998,64682,3542,4.521023866,4.713670057,7.779333224,2.765310527,2.148118628,3.599593496,246400,77000,31.25,12.72097414,735.9938971,7788,6429,4516,138,1324,18.55292873,15.31545696,10.75822113,0.328749893,3.154093174
2019,Dolj,230,289,519,439,119,98,217,194,411223,299289,624174,47.9496102,0.831498909,0.347659467,1.067547292,0.471763496,1.179158376,199203,28796,97165,112769,14933,305,453171,43.95757893,6.354334236,21.4411337,24.88442553,3.295224099,0.067303512,894700,131830,615240,332272,27712,474,4.491398222,4.578066398,6.331909638,2.946483519,1.855755709,1.554098361,248300,76300,30.72895691,13.74585185,590.7833968,7829,6357,4626,143,1495,17.27603929,14.02781731,10.20806715,0.315554173,3.298975442
2020,Dolj,195,215,410,358,41,61,102,92,405457,299739,619496,48.38433178,0.661828325,0.164649974,0.882954296,0.226904456,0.826478298,202360,30180,88872,89937,12702,2195,426246,47.47493232,7.08041835,20.84993173,21.09978745,2.979969313,0.514960844,661670,125574,427134,183900,33345,3164,3.269766752,4.16083499,4.806170672,2.044764669,2.625177137,1.441457859,248100,73600,29.66545748,13.56747577,609.2989473,7841,6234,4635,152,1534,18.39548054,14.62535719,10.87400234,0.356601587,3.598860752
2021,Dolj,316,358,674,562,120,149,269,225,392777,300097,608212,49.34085483,1.108166232,0.442279994,1.430837345,0.572844133,1.550446226,202280,33208,83335,93151,17319,2351,431644,46.8626924,7.69337695,19.30641918,21.58051542,4.012334238,0.544661805,945187,140096,373749,263712,46858,3492,4.672666601,4.218742472,4.484898302,2.831016307,2.705583463,1.485325393,209600,35800,17.08015267,12.75942965,685.4523404,7742,6192,4604,164,1520,17.93607695,14.3451548,10.66619714,0.379942731,3.52142043
2022,Dolj,435,479,914,770,156,160,316,258,382510,298855,599703,49.83383441,1.524087757,0.526927496,2.013019267,0.67449217,2.051015253,201110,29992,75754,101297,17340,2235,427728,47.01819848,7.011932817,17.71078816,23.68257397,4.053978229,0.522528336,782903,118587,296497,206560,40775,5336,3.892909353,3.953954388,3.913945138,2.039152196,2.351499423,2.387472036,214000,36300,16.96261682,13.50476858,478.5552472,7726,5917,4513,175,1467,18.06288108,13.83355778,10.55109789,0.409138518,3.429749748
2012,Galati,210,270,480,377,867,649,1516,1445,363201,241021,532796,45.23701379,0.900907664,2.845366707,1.037992737,3.978513275,3.746274371,48612,10570,116891,49830,1108,718,227729,21.34642492,4.641481761,51.32899192,21.88127116,0.486543216,0.31528703,55196,14755,134424,37880,1147,1957,1.135439809,1.395931883,1.149994439,0.760184628,1.035198556,2.725626741,185900,61700,33.18988704,11.93077596,616.7058346,3666,3568,1485,146,423,16.09808149,15.66774543,6.520908624,0.641112902,1.857470941
2013,Galati,221,283,504,395,697,494,1191,1115,361834,239875,529619,45.29199292,0.951627491,2.248786392,1.091660817,3.081523572,3.200413882,51001,17505,107851,50666,6569,651,234243,21.77268905,7.473008799,46.04235772,21.62967517,2.804352745,0.277916523,157947,39738,466985,100392,12100,2141,3.096939276,2.270094259,4.329908856,1.981447124,1.841985081,3.288786482,186300,58700,31.50831991,11.8911438,637.106237,3897,3003,1373,115,485,16.63656972,12.82002024,5.861434493,0.490943166,2.070499439
2014,Galati,168,250,418,371,691,511,1202,1099,358334,238910,526530,45.37443261,0.793876892,2.282870872,1.035346911,3.066971038,3.076747764,54772,19824,112674,49918,16167,2192,255547,21.43323929,7.757477098,44.09130219,19.53378439,6.326429189,0.857767847,198941,51936,481538,101106,43578,7248,3.63216607,2.619854722,4.273727746,2.025441724,2.695490815,3.306569343,183400,56900,31.02508179,11.61037276,666.3768149,3772,2997,1393,115,497,14.76049416,11.72778393,5.451052057,0.450015066,1.944847719
2015,Galati,237,300,537,476,585,375,960,882,352997,237647,522511,45.48172192,1.02772956,1.837281895,1.348453386,2.498604804,2.865011454,53945,13706,114002,51406,4859,4991,242909,22.20790502,5.642442231,46.93197864,21.16265762,2.000337575,2.054678913,164967,34742,280975,85661,10844,12627,3.058059134,2.534802276,2.464649743,1.666361903,2.231734925,2.529953917,180600,49600,27.46400886,12.3818885,546.0780619,3732,3057,1413,135,529,15.36377821,12.5849598,5.816993195,0.555763681,2.177770276
2016,Galati,360,471,831,723,903,531,1434,1339,346822,236289,517781,45.6349306,1.604925635,2.769510662,2.084642843,3.860770078,4.374436296,56143,16419,108169,56157,16423,4531,257842,21.77418729,6.367853181,41.95166032,21.77961697,6.369404519,1.757277713,235961,60774,352771,112104,51289,12415,4.20285699,3.70144345,3.261294826,1.996260484,3.122998234,2.740013242,175100,42500,24.27184466,12.01761542,700.8095798,3741,3049,1413,135,536,14.50888529,11.82507117,5.480100216,0.523576454,2.078792439
2017,Galati,394,484,878,726,1564,1082,2646,2433,340362,234289,513176,45.65470716,1.710913994,5.156125774,2.133023075,7.148271546,6.867039768,44383,14767,96914,53108,20970,4557,234699,18.91060465,6.29188876,41.29289004,22.6281322,8.934848465,1.941635883,186170,56912,452929,140280,48102,14767,4.194624068,3.853998781,4.673514662,2.641409957,2.293848355,3.240509107,177000,42800,24.18079096,11.56413608,635.9119395,2691,2653,1417,135,398,11.46574975,11.30384024,6.037520398,0.575204837,1.695789075
2018,Galati,457,639,1096,914,2379,1555,3934,3617,334468,231658,508599,45.54826101,2.154939353,7.734973919,2.732697896,10.8141885,9.889913272,47577,15562,96671,54058,23127,5080,242075,19.65382629,6.428586182,39.93431788,22.33109573,9.553650728,2.098523185,177788,58620,639398,147179,43743,16470,3.736847636,3.766868012,6.614165572,2.722612749,1.891425606,3.242125984,178200,43400,24.35465769,11.79375543,524.8820848,2760,2671,1440,138,387,11.40142518,11.03377053,5.948569658,0.570071259,1.598678096
2019,Galati,508,633,1141,932,3533,2421,5954,5403,329002,229112,504922,45.3757214,2.259754972,11.79192034,2.832809527,16.42239257,14.05167531,43873,16316,101749,56723,9974,4431,233066,18.82428153,7.000592107,43.65673243,24.33774124,4.279474484,1.901178207,179454,57681,491551,141184,17476,12902,4.090306111,3.535241481,4.831015538,2.489007986,1.752155605,2.911758068,179400,43000,23.96878484,12.68693882,467.4397027,2777,2697,1477,146,394,11.91507985,11.57182944,6.33726069,0.626431998,1.690508268
2020,Galati,396,464,860,701,2474,1922,4396,3975,323304,227427,501541,45.34564472,1.714715248,8.764986312,2.168237943,12.29492985,10.47970156,44908,13299,104116,56098,10120,3926,232467,19.31801073,5.720811986,44.78743219,24.13159717,4.353306061,1.688841857,71715,21124,124984,74597,13677,7075,1.596931504,1.588390105,1.200430289,1.329762202,1.351482213,1.80208864,175800,41300,23.49260523,13.1397561,478.2385226,3092,2144,1477,146,398,13.30081259,9.222814421,6.353589972,0.628046131,1.712070961
2021,Galati,690,787,1477,1198,2958,2533,5491,4794,318084,231943,497298,46.64064605,2.970050151,11.04166918,3.766300726,15.07149055,14.01171933,75298,18172,211051,70618,11297,3362,389798,19.3171848,4.661901806,54.14368468,18.11656294,2.898167769,0.862498012,408811,106607,1510470,213758,32216,11233,5.429241149,5.866552939,7.156895727,3.026961964,2.851730548,3.341165973,155200,20300,13.07989691,11.4588284,573.5487489,3052,2153,1485,146,393,7.829696407,5.523373645,3.809665519,0.374552974,1.008214511
2022,Galati,1123,1244,2367,1893,3718,3211,6929,6053,314545,236744,494747,47.85152815,4.784263472,14.00513798,6.018216789,19.24366943,18.78940145,67095,15892,113622,61038,6717,2843,267207,25.10974638,5.947448982,42.52208962,22.84296444,2.51378145,1.063969133,116263,41243,249362,60691,8863,6166,1.732811685,2.595205135,2.194663005,0.994315017,1.319487867,2.168835737,158100,20500,12.96647691,12.67271508,282.0907991,3060,2161,1493,146,397,11.4517958,8.087362981,5.587428473,0.546392871,1.48573952
2012,Giurgiu,35,47,82,68,13,7,20,18,182954,200052,281693,71.01773917,0.291097045,0.070999279,0.371678127,0.098385386,0.362096325,79661,22245,55051,40741,4583,1712,203993,39.05084978,10.90478595,26.98671033,19.97176374,2.246645718,0.839244484,224889,53259,136408,57231,7721,4918,2.823075282,2.394200944,2.477847814,1.40475197,1.684704342,2.872663551,89800,47800,53.22939866,12.57330115,642.0561247,4059,4289,4060,5,865,19.89774159,21.02523126,19.90264372,0.024510645,4.24034158
2013,Giurgiu,56,66,122,107,10,15,25,24,182370,199121,280275,71.04486665,0.435286772,0.089198109,0.586719307,0.131600592,0.524484881,89728,27745,50552,42200,14731,2523,227479,39.44452015,12.19673025,22.22271067,18.55116296,6.475762598,1.109113369,337822,76491,288585,103882,43364,8779,3.764956312,2.756929176,5.708676215,2.461658768,2.943724119,3.479587792,87900,45100,51.30830489,12.77502028,678.5685804,4171,4326,4241,5,948,18.33575847,19.01714004,18.64347918,0.021980051,4.167417652
2014,Giurgiu,41,51,92,79,22,21,43,42,180282,196737,277617,70.86633744,0.33139181,0.15488965,0.438202372,0.23296835,0.48628146,88966,31370,49789,37207,18418,2387,228137,38.99674319,13.75050956,21.82416706,16.30905991,8.073219162,1.046301126,330597,99253,281055,85749,47911,8008,3.715992626,3.163946446,5.644921569,2.304646975,2.601313932,3.35483871,86600,43300,50,12.18788276,924.6166009,3561,4346,4251,5,978,15.60904194,19.04995682,18.63354037,0.021916655,4.286897785
2015,Giurgiu,45,63,108,100,31,29,60,52,178400,195417,275719,70.87542026,0.391703147,0.217612859,0.560538117,0.291479821,0.609316007,92471,23975,56105,37439,13868,5131,228989,40.38228911,10.46993524,24.50117691,16.34969365,6.056186105,2.240718987,344170,87592,213223,71780,39468,14176,3.72192363,3.653472367,3.800427769,1.917252063,2.845976348,2.762814266,82000,37800,46.09756098,13.00353383,606.0112546,3608,4377,4251,5,985,15.75621536,19.11445528,18.56421051,0.02183511,4.301516667
2016,Giurgiu,68,75,143,125,31,38,69,64,177208,195194,274376,71.1410619,0.521182611,0.251479721,0.705385761,0.36115751,0.772662332,83583,25187,51957,32646,21490,3610,218473,38.25781676,11.52865571,23.78188609,14.94280758,9.836455763,1.652378097,289733,94086,191248,55697,59534,4597,3.466410634,3.735498471,3.680889967,1.706089567,2.770311773,1.273407202,78200,32600,41.68797954,12.57799465,676.1490912,3579,4374,4063,4,1000,16.38188701,20.0207806,18.59726374,0.018308899,4.577224646
2017,Giurgiu,84,75,159,134,35,34,69,59,175207,193351,271715,71.15948696,0.585171963,0.25394255,0.764809625,0.336744536,0.839114513,82572,25041,44581,29819,25372,6771,214156,38.5569398,11.69287809,20.81706793,13.92396197,11.84743832,3.161713891,386843,110530,297957,85801,81688,23513,4.684917405,4.413961104,6.683497454,2.877393608,3.219612171,3.472603751,79300,32800,41.36191677,11.97874425,769.9440015,3751,3180,1958,128,433,17.51526924,14.84898859,9.142867816,0.597695138,2.021890584
2018,Giurgiu,96,114,210,176,35,33,68,54,172406,189872,267824,70.89431866,0.784097019,0.253898082,1.020846142,0.313214157,1.037995101,85861,22598,44404,27350,27079,5154,212446,40.41544675,10.637056,20.90131139,12.87385971,12.74629788,2.426028261,410625,114707,374286,81339,84443,23775,4.782439058,5.075980175,8.429105486,2.974003656,3.118394328,4.612922002,79400,33100,41.68765743,12.48704399,679.0618021,3777,3180,1970,128,448,17.77863551,14.96850964,9.272944654,0.602506049,2.10877117
2019,Giurgiu,67,99,166,153,39,55,94,78,170275,187647,264862,70.84708263,0.626741473,0.354901798,0.898546469,0.458082514,0.981643271,84198,23431,47846,37214,21963,4304,218956,38.45430132,10.70123678,21.85187892,16.99610881,10.03078244,1.965691737,416464,114947,329835,91324,57687,15548,4.946245754,4.905765866,6.893679722,2.45402268,2.626553749,3.612453532,78800,32900,41.75126904,13.46454788,565.18787,3774,3308,1970,128,453,17.23633972,15.10805824,8.997241455,0.584592338,2.068908822
2020,Giurgiu,64,80,144,128,27,48,75,58,168198,186550,262321,71.11516043,0.548945757,0.285909249,0.76100786,0.344831686,0.834855006,87958,24570,50680,36557,21904,6092,227761,38.6185519,10.78762387,22.2513951,16.0505969,9.617098625,2.674733602,329506,101834,211912,72560,52337,10579,3.74617431,4.144647945,4.181373323,1.984845584,2.389380935,1.736539724,78700,31700,40.27954257,13.63414493,585.4258115,3905,2507,1776,88,610,17.14516533,11.00715223,7.797647534,0.386369923,2.678246056
2021,Giurgiu,81,106,187,159,48,47,95,80,166725,185945,260751,71.31132767,0.717159282,0.364332256,0.953666217,0.479832059,1.081491538,89901,24872,44010,24164,30099,3391,216437,41.53679824,11.49156568,20.33386159,11.1644497,13.90658714,1.566737665,423198,113492,218929,53407,79508,9251,4.707378116,4.563042779,4.974528516,2.21018871,2.641549553,2.728103804,62500,15900,25.44,12.34327103,744.7007993,4008,2530,1802,88,637,18.51809071,11.68931375,8.32574837,0.406584826,2.943119707
2022,Giurgiu,154,152,306,263,50,65,115,90,165682,184919,259580,71.2377687,1.178827336,0.443023345,1.587378231,0.54320928,1.621850682,88007,23457,46664,24034,27859,2439,212460,41.42285607,11.04066648,21.96366375,11.31224701,13.1125859,1.147980796,394260,105747,220594,61787,82929,4483,4.479870919,4.508121243,4.727284416,2.570816344,2.976740012,1.83804838,64400,16000,24.8447205,13.33788545,357.4765001,3757,2593,1852,89,598,17.68332863,12.20465029,8.716934952,0.418902382,2.814647463
2012,Gorj,32,39,71,54,11,14,25,23,234101,185765,338564,54.86850344,0.209709243,0.073841283,0.230669668,0.098248192,0.283550525,8854,519,60604,56,0,0,70033,12.64261134,0.741079206,86.53634715,0.079962303,0,0,19685,1018,115249,41,0,0,2.223288909,1.961464355,1.901673157,0.732142857,,,135300,39100,28.89874353,9.693924126,830.4868026,3197,2653,1079,21,392,45.6499079,37.88214128,15.4070224,0.299858638,5.597361244
2013,Gorj,27,57,84,68,11,11,22,19,232617,184400,335972,54.88552617,0.250020835,0.065481647,0.292326012,0.081679327,0.315502482,8457,524,55836,88,0,0,64905,13.0298128,0.807333796,86.02727063,0.135582775,0,0,26402,1389,205030,124,0,0,3.121910843,2.650763359,3.672003725,1.409090909,,,134400,37000,27.5297619,9.510267937,1057.448543,3483,2734,1195,21,393,53.66304599,42.123103,18.41152454,0.323549804,6.055003467
2014,Gorj,24,45,69,65,10,31,41,37,230741,182756,333191,54.85022104,0.207088427,0.123052543,0.281701128,0.16035295,0.33014097,8430,533,59388,76,10,0,68437,12.31789821,0.778818475,86.77762029,0.11105104,0.014611979,0,27835,1540,219885,135,20,0,3.301897983,2.889305816,3.70251566,1.776315789,2,,131400,36000,27.39726027,9.54373625,1254.282987,3513,2750,1215,21,410,51.33188188,40.18294198,17.75355436,0.306851557,5.990911349
2015,Gorj,44,69,113,87,16,19,35,34,227821,180828,329593,54.86402927,0.342847087,0.106191576,0.381878756,0.149239973,0.449038663,9017,579,59691,129,0,42,69458,12.98194592,0.833597282,85.93826485,0.185723747,0,0.060468197,27668,1571,151042,122,0,0,3.068426306,2.713298791,2.530398217,0.945736434,,0,127100,31500,24.78363493,9.980284943,983.5786147,3530,2912,1222,21,437,50.82207953,41.92461631,17.59336578,0.302340983,6.291571885
2016,Gorj,56,87,143,133,21,20,41,33,224820,179178,325694,55.0142158,0.439062433,0.125885033,0.591584379,0.146784094,0.564947466,9344,687,61167,64,0,0,71262,13.1121776,0.96404816,85.83396481,0.089809436,0,0,29680,2241,187242,76,0,0,3.176369863,3.262008734,3.06116043,1.1875,,,125900,28200,22.39872915,9.406546056,1116.330293,3826,3129,1011,15,364,53.68920322,43.90839438,14.18708428,0.210490865,5.10791165
2017,Gorj,62,86,148,125,23,30,53,49,221650,177139,321874,55.03364671,0.459807254,0.164660706,0.563952177,0.221069253,0.62446796,9839,761,53113,209,0,0,63922,15.39219674,1.190513438,83.09032884,0.326960984,0,0,43394,2764,326947,547,0,0,4.410407562,3.632063075,6.155686932,2.61722488,,,127200,28600,22.48427673,9.464323899,905.1284368,4136,3249,1074,15,364,64.70385783,50.8275711,16.8017271,0.234660993,5.694440099
2018,Gorj,76,95,171,140,23,31,54,47,218106,174256,317800,54.83196979,0.538074261,0.169918188,0.641889723,0.21549155,0.707992448,9808,759,53061,224,31,0,63883,15.35306733,1.188109513,83.05965593,0.350641016,0.048526212,0,43936,2819,364563,615,99,0,4.479608483,3.714097497,6.870639453,2.745535714,3.193548387,,129900,28800,22.17090069,9.6655077,1032.355334,4690,3458,1207,15,365,73.41546264,54.13020678,18.89391544,0.234804252,5.71357012
2019,Gorj,96,108,204,162,29,50,79,65,214682,171485,313869,54.63585126,0.649952687,0.251697364,0.754604485,0.302773404,0.901650051,9669,768,53136,299,0,0,63872,15.13808868,1.20240481,83.19138277,0.468123747,0,0,35981,2812,248307,918,0,0,3.721274175,3.661458333,4.673046522,3.070234114,,,130500,29100,22.29885057,10.06731546,974.4621473,5365,3771,1241,15,410,83.99611723,59.03995491,19.42948397,0.234844689,6.419088176
2020,Gorj,67,73,140,123,17,27,44,40,211231,170517,310101,54.98756857,0.451465813,0.141889255,0.582300893,0.189366144,0.593355068,11492,690,52983,300,0,0,65465,17.55441839,1.05399832,80.93332315,0.458260139,0,0,36871,1936,241618,450,0,0,3.208405848,2.805797101,4.560292924,1.5,,,130300,27800,21.33537989,9.912418059,944.9746114,5670,3997,1271,15,399,86.61116627,61.05552585,19.41495456,0.22913007,6.094859849
2021,Gorj,125,152,277,226,23,33,56,49,210483,173540,310592,55.87394395,0.89184525,0.180300845,1.073720918,0.232797898,1.072146095,11608,673,53659,312,0,0,66252,17.5209805,1.01581839,80.99227193,0.470929179,0,0,42512,1927,192777,481,0,0,3.662301861,2.863298663,3.592631245,1.541666667,,,115200,14300,12.41319444,9.153873137,920.1735607,5747,4174,1327,15,418,86.74455111,63.00187164,20.02958401,0.226408259,6.309243495
2022,Gorj,182,195,377,306,35,50,85,67,210653,175736,312269,56.27712005,1.207292431,0.272201211,1.452625882,0.318058608,1.479493642,11326,586,52947,251,0,2,65112,17.39464308,0.899987713,81.31680796,0.385489618,0,0.00307163,42209,1645,217680,567,0,6,3.726734946,2.807167235,4.111281092,2.258964143,,3,118000,14600,12.37288136,9.696001426,749.2786765,6027,4127,1350,15,419,92.56358275,63.38309375,20.73350534,0.230372282,6.435065733
2012,Harghita,48,66,114,95,52,42,94,82,209934,177637,310994,57.11910841,0.366566558,0.302256635,0.452523174,0.39059895,0.668823193,7776,6828,2473,0,0,0,17077,45.53493002,39.98360368,14.4814663,0,0,0,17497,11278,3617,0,0,0,2.250128601,1.651728178,1.462596037,,,,134900,44200,32.76501112,7.009012495,707.7978624,3102,1920,495,135,403,181.6478304,112.431926,28.98635592,7.905369796,23.5989928
2013,Harghita,48,63,111,93,53,38,91,73,209603,177621,310652,57.17684097,0.357313006,0.292932284,0.443695939,0.348277458,0.650245291,8946,6570,2412,0,0,0,17928,49.89959839,36.64658635,13.45381526,0,0,0,21849,12896,10508,0,0,0,2.44232059,1.962861492,4.35655058,,,,134200,41900,31.22205663,6.95300184,744.4876774,2981,1940,525,135,429,166.276216,108.2106203,29.28380187,7.530120482,23.92904953
2014,Harghita,48,41,89,82,43,35,78,67,208287,177749,309797,57.3759591,0.287284899,0.251777777,0.393687556,0.32167154,0.539062677,9681,6704,2416,0,4,0,18805,51.4809891,35.65009306,12.8476469,0,0.021270939,0,27083,17474,11103,0,4,0,2.797541576,2.60650358,4.595612583,,1,,130500,40700,31.18773946,7.412185124,880.1162993,3429,2070,610,135,448,182.345121,110.0771072,32.43818133,7.178941771,23.82345121
2015,Harghita,39,61,100,93,45,48,93,71,206112,177447,308450,57.5286108,0.324201653,0.301507538,0.451210992,0.344472908,0.625709191,10143,7265,2430,0,12,10,19860,51.07250755,36.58106747,12.23564955,0,0.060422961,0.050352467,31169,14414,7208,0,7,17,3.072956719,1.984033035,2.966255144,,0.583333333,1.7,128500,35200,27.39299611,7.346505301,745.6706096,3429,2070,610,135,448,172.6586103,104.2296073,30.71500504,6.797583082,22.55790534
2016,Harghita,48,67,115,101,61,46,107,90,203627,176846,306724,57.65639467,0.374929904,0.348847824,0.49600495,0.441984609,0.723777729,10534,6633,2878,0,4,10,20059,52.51508051,33.06745102,14.34767436,0,0.019941174,0.049852934,33941,15420,10093,0,11,11,3.222042909,2.324739937,3.50694927,,2.75,1.1,127600,30200,23.6677116,6.838813237,956.2609933,3619,2089,628,135,459,180.4177676,104.1427788,31.30764245,6.730146069,22.88249663
2017,Harghita,46,50,96,87,40,42,82,59,201070,176220,305053,57.76701098,0.314699413,0.268805749,0.432685135,0.293430149,0.583505161,9934,6190,2343,0,11,4,18482,53.7495942,33.49204632,12.67719944,0,0.059517368,0.021642679,34539,16220,10607,0,34,8,3.476847191,2.620355412,4.527102006,,3.090909091,2,128400,30300,23.59813084,6.701997484,766.9622079,3693,2101,642,135,470,199.8160372,113.6781734,34.73650038,7.304404285,25.43014825
2018,Harghita,46,53,99,90,47,39,86,61,198664,175404,303351,57.82212684,0.326354619,0.283499972,0.453026215,0.307051101,0.609854591,10196,6085,2469,0,19,0,18769,54.32361873,32.42048058,13.15466993,0,0.101230753,0,33676,16215,16541,0,43,0,3.302863868,2.664749384,6.699473471,,2.263157895,,129000,30900,23.95348837,7.201952253,886.6758353,3808,2124,662,135,476,202.8877404,113.1653258,35.27092546,7.192711386,25.36096755
2019,Harghita,46,59,105,98,43,42,85,68,196657,174478,302006,57.77302438,0.347675212,0.281451362,0.498329579,0.345779708,0.629126574,10611,6041,2515,0,38,0,19205,55.25123666,31.45535017,13.09554803,0,0.197865139,0,33914,15561,14108,0,84,0,3.196117237,2.57589803,5.609542744,,2.210526316,,129900,30800,23.71054657,7.651442936,774.391223,4214,2201,680,135,480,219.4220255,114.6055715,35.40744598,7.029419422,24.99349128
2020,Harghita,36,45,81,72,22,25,47,38,194594,173600,300434,57.78307382,0.269609964,0.15644035,0.370001131,0.195278374,0.426050314,11585,5236,2472,0,41,4,19338,59.90795325,27.07622298,12.78312132,0,0.212017789,0.020684662,36453,10896,11893,0,104,9,3.146568839,2.080977846,4.811084142,,2.536585366,2.25,129800,29500,22.72727273,7.521057129,872.6115146,6408,2260,519,11,289,331.3682904,116.8683421,26.83834936,0.568828214,14.94466853
2021,Harghita,69,69,138,127,42,35,77,63,189837,172839,295499,58.49055327,0.467006657,0.260576178,0.66899498,0.331863651,0.727582834,14476,7072,2561,4,0,0,24113,60.03400655,29.32857795,10.62082694,0.016588562,0,0,54764,16701,12567,7,0,0,3.783089251,2.361566742,4.907067552,1.75,,,113900,14700,12.90605795,6.465825762,871.7075497,9135,4669,599,37,395,378.8412889,193.6299921,24.84137187,1.534442002,16.38120516
2022,Harghita,101,99,200,174,49,44,93,64,186193,172813,291816,59.21985086,0.68536338,0.318693972,0.934514187,0.343729356,1.004057351,14278,6652,2271,4,0,0,23205,61.52984271,28.66623573,9.786683904,0.017237664,0,0,51181,15616,10599,10,0,0,3.584605687,2.347564642,4.667107001,2.5,,,117800,14900,12.64855688,7.009835379,681.4825227,11023,4694,746,38,358,475.0269339,202.2839905,32.14824391,1.637578108,15.42770955
2012,Hunedoara,160,179,339,252,52,30,82,67,284917,104700,414722,25.24582733,0.817415039,0.197722812,0.884468108,0.235156203,1.015137851,5537,1819,22174,487,2,252,30271,18.29143405,6.009051568,73.25162697,1.608800502,0.006606984,0.832479931,15180,3792,48253,617,3,214,2.7415568,2.084661902,2.176107153,1.266940452,1.5,0.849206349,180900,43500,24.04643449,8.563667015,925.7147062,4713,3596,1061,37,269,155.6935681,118.7935648,35.0500479,1.222291963,8.886392917
2013,Hunedoara,182,213,395,304,32,29,61,54,281063,103875,410224,25.32153165,0.962888568,0.148699247,1.081608038,0.192127744,1.111587815,6109,1632,20444,605,129,72,28991,21.07205685,5.629333241,70.51843676,2.086854541,0.444965679,0.248352937,20685,3546,85033,1204,320,167,3.385987887,2.172794118,4.159313246,1.990082645,2.480620155,2.319444444,179500,41100,22.89693593,8.542677138,1128.876387,4770,3596,1061,37,358,164.5338208,124.0384947,36.59756476,1.276258149,12.34865993
2014,Hunedoara,135,155,290,251,34,37,71,58,276662,102773,405900,25.3197832,0.71446169,0.174919931,0.907244219,0.20964209,0.889381621,6349,1648,20687,254,414,153,29505,21.51838671,5.585493984,70.11354008,0.860871039,1.403152008,0.518556177,23541,4323,94905,514,610,224,3.707828004,2.623179612,4.58766375,2.023622047,1.473429952,1.464052288,176900,39800,22.49858677,9.148180926,1110.016221,4768,3596,1061,37,268,161.5997289,121.8776479,35.96000678,1.254024742,9.083206236
2015,Hunedoara,158,196,354,312,49,57,106,89,271477,102104,401428,25.43519635,0.881851789,0.264057315,1.14926863,0.327836244,1.145909104,7549,1700,21734,229,224,150,31586,23.89982904,5.382131324,68.808966,0.725004749,0.709174951,0.47489394,26946,4070,71902,328,285,178,3.569479401,2.394117647,3.308272752,1.43231441,1.272321429,1.186666667,175100,34900,19.93146773,9.122602675,958.4868878,4864,3612,1074,37,363,153.9922751,114.3544608,34.00240613,1.171405053,11.49243336
2016,Hunedoara,255,300,555,496,64,58,122,110,265764,101634,396172,25.65400886,1.400906677,0.307947053,1.866317485,0.413901055,1.70885373,8342,698,20399,457,140,180,30216,27.60788986,2.310034419,67.51059042,1.512443738,0.463330686,0.595710882,31272,1755,49133,754,339,345,3.748741309,2.514326648,2.408598461,1.649890591,2.421428571,1.916666667,170500,30200,17.71260997,8.418353611,1260.069888,4882,3612,1074,37,273,161.5700291,119.5393169,35.54408261,1.224516812,9.034948372
2017,Hunedoara,297,335,632,544,72,84,156,125,259975,100383,391004,25.67313889,1.616351751,0.398972901,2.092508895,0.480815463,2.015324651,8084,588,17188,464,235,311,26870,30.08559732,2.188314105,63.96724972,1.726832899,0.874581317,1.157424637,33087,1819,71948,678,516,490,4.092899555,3.093537415,4.185943682,1.461206897,2.195744681,1.575562701,168600,30400,18.03084223,8.418757686,905.4878926,4882,3612,1074,37,273,181.6896167,134.4250093,39.97022702,1.377000372,10.16002977
2018,Hunedoara,298,335,633,521,51,76,127,110,254446,98547,386298,25.51061616,1.638631316,0.328761733,2.047585735,0.432311768,1.967393049,7923,592,17742,336,290,287,27170,29.16083916,2.178873758,65.29996319,1.236658079,1.067353699,1.056312109,33059,1858,120819,896,714,631,4.172535656,3.138513514,6.809773419,2.666666667,2.462068966,2.198606272,166400,30900,18.56971154,9.184618915,1077.949511,4882,3612,1074,37,273,179.6834744,132.9407435,39.52889216,1.361796099,10.04784689
2019,Hunedoara,266,305,571,497,88,75,163,142,249505,97536,382254,25.51601815,1.493771157,0.426418036,1.991944049,0.569126871,1.920189194,7539,584,17245,484,183,283,26318,28.64579375,2.219013603,65.52549586,1.83904552,0.695341591,1.075309674,31307,2094,104156,1104,586,587,4.152672768,3.585616438,6.039779646,2.280991736,3.202185792,2.074204947,166400,30700,18.44951923,9.433462072,927.5625621,6317,4664,1074,37,273,240.0258378,177.2171138,40.80857208,1.405881906,10.37312866
2020,Hunedoara,230,267,497,407,64,64,128,103,244276,97785,377507,25.90283094,1.316531879,0.33906656,1.666148128,0.421654194,1.655598439,8755,594,17167,338,340,1262,28456,30.76679786,2.08743323,60.32822603,1.187798707,1.194827101,4.434917065,34250,1713,72045,623,765,2102,3.912050257,2.883838384,4.196714627,1.843195266,2.25,1.665610143,165300,29300,17.72534785,8.990982056,1082.009306,9041,5098,1098,48,416,317.7185831,179.1537813,38.58588698,1.686814732,14.61906101
2021,Hunedoara,351,433,784,677,94,74,168,140,236131,96519,367584,26.25767172,2.132845826,0.457038391,2.867052611,0.592891234,2.589884217,8985,599,19477,687,616,330,30694,29.27282205,1.95152147,63.45539845,2.238222454,2.006906887,1.07512869,35369,1888,87090,1487,1793,660,3.936449638,3.151919866,4.471427838,2.164483261,2.910714286,2,149400,15200,10.17402945,8.1078446,1032.734943,9130,6007,1145,48,450,297.4522708,195.7060012,37.30370756,1.563823549,14.66084577
2022,Hunedoara,530,619,1149,975,127,130,257,198,229391,94391,359224,26.27636238,3.198561343,0.71543104,4.250384714,0.86315505,3.913992384,8590,745,19218,679,648,283,30163,28.47859961,2.46991347,63.71382157,2.251102344,2.148327421,0.938235587,32449,2891,72731,1073,1711,364,3.777532014,3.880536913,3.784524925,1.580265096,2.640432099,1.286219081,149600,15100,10.09358289,8.776425962,794.853479,9141,6290,1145,48,457,303.0534098,208.5336339,37.96041508,1.591353645,15.15101283
2012,Ialomita,40,43,83,66,18,24,42,29,176823,152738,272221,56.10808865,0.304899328,0.154286407,0.373254611,0.164005814,0.459185735,103599,25327,95586,84960,4039,642,314153,32.97724357,8.06199527,30.42657559,27.04414728,1.285679271,0.204359023,288589,67714,312124,142347,7170,1842,2.785634996,2.67358945,3.26537359,1.67545904,1.775191879,2.869158879,99000,45600,46.06060606,12.58111267,697.8335813,3546,2643,1753,67,660,11.28749367,8.413098076,5.58008359,0.213271877,2.100887147
2013,Ialomita,60,96,156,122,26,18,44,42,175817,151533,270259,56.0695481,0.57722407,0.162806789,0.69390332,0.238884749,0.740030859,101064,22498,87902,62866,38950,1015,314295,32.15577722,7.158243052,27.96799185,20.00222721,12.39281567,0.322945004,454811,96919,537303,146681,106409,2465,4.500227579,4.307894035,6.112523037,2.33323259,2.731938383,2.428571429,97700,43500,44.52405322,12.89429932,599.7952604,3546,2643,1753,67,660,11.28239393,8.409296998,5.577562481,0.21317552,2.099937956
2014,Ialomita,34,58,92,83,16,14,30,26,174166,150296,268353,56.00682683,0.342832016,0.111793049,0.476556848,0.149282868,0.454625065,104771,28515,82478,50015,48925,1899,316603,33.09223223,9.006547632,26.05092182,15.79738663,15.45310689,0.599804803,472223,114890,543088,128773,141846,4395,4.507191876,4.029107487,6.584640753,2.574687594,2.89925396,2.314375987,95800,42600,44.46764092,12.2383728,837.839228,3503,2643,1753,67,440,11.06432978,8.347994176,5.536902683,0.211621494,1.389753098
2015,Ialomita,55,71,126,94,34,35,69,59,171779,148787,266076,55.91898555,0.473548911,0.259324404,0.547214735,0.343464568,0.732873314,104379,22167,89495,49089,49016,6079,320225,32.59551878,6.922320244,27.94753689,15.32953392,15.30673745,1.898352721,526357,101523,471954,107702,136217,13270,5.042748062,4.579916091,5.273523661,2.194014952,2.779031337,2.182924823,90800,37400,41.18942731,12.79813309,644.1746766,3782,2386,1753,67,530,11.81044578,7.451011008,5.4742759,0.209227887,1.655086267
2016,Ialomita,115,140,255,193,23,20,43,34,169257,147380,263588,55.91301577,0.967418851,0.163133375,1.140277802,0.200877955,1.130552225,103576,21221,75714,54203,59073,6319,320106,32.35678182,6.629366522,23.65279001,16.9328285,18.45419955,1.974033601,539668,105061,432887,135316,196476,16443,5.210357612,4.950803449,5.717397047,2.496466985,3.325986491,2.602152239,88700,32800,36.97857948,12.46119995,679.2813636,3696,2601,1764,48,597,11.54617533,8.12543345,5.510674589,0.149950329,1.865007216
2017,Ialomita,93,113,206,156,30,35,65,57,166321,145577,260795,55.82047202,0.789892444,0.249237907,0.937945299,0.342710782,1.039130351,100172,17255,85008,45097,63247,6412,317191,31.58097172,5.439939973,26.800256,14.21761651,19.93972086,2.021494935,600519,93857,711300,140605,203855,21042,5.994878808,5.439408867,8.36744777,3.117834889,3.22315683,3.281659389,88100,32900,37.34392736,12.07400894,684.3665138,3818,2453,1774,43,734,12.03691151,7.733510724,5.59284469,0.135565007,2.314063135
2018,Ialomita,113,138,251,214,38,46,84,74,163482,143340,257922,55.57494126,0.973162429,0.325679857,1.309012613,0.452649221,1.298842286,99253,15040,84190,45269,62757,8945,315454,31.46354144,4.767731587,26.68851877,14.35042827,19.89418426,2.835595681,580541,87143,779148,121017,187367,26494,5.849102798,5.794082447,9.254638318,2.673286355,2.985595232,2.961878144,88200,33300,37.75510204,12.50286255,588.8901341,3852,2483,1739,43,681,12.21097212,7.871195166,5.512689647,0.136311475,2.158793358
2019,Ialomita,88,110,198,165,53,65,118,86,161303,141420,255871,55.27003842,0.773827436,0.461169886,1.022919599,0.533158094,1.234997323,104948,18053,112242,49393,22687,7475,314798,33.33820418,5.734788658,35.65524559,15.69037923,7.206843754,2.374538593,557566,91203,835269,134738,51606,22318,5.312783474,5.051958123,7.441679585,2.72787642,2.274694759,2.985685619,89600,33100,36.94196429,13.35538025,474.9335733,3967,2553,1736,51,726,12.6017319,8.109962579,5.514647488,0.162008653,2.306240827
2020,Ialomita,63,97,160,137,25,34,59,42,159121,140112,253982,55.16611413,0.629965903,0.232299927,0.860980009,0.263950076,0.86226583,102076,15892,127266,43921,21193,6949,317297,32.17049011,5.008556652,40.10942429,13.84223614,6.67923113,2.190061677,166009,25708,302497,59927,42181,14078,1.626327442,1.617669268,2.376887778,1.364427039,1.990326995,2.025903008,88600,31900,36.00451467,13.78445892,484.5277704,4010,2417,1686,67,769,12.63800162,7.617468807,5.313633599,0.211158631,2.423596819
2021,Ialomita,119,115,234,208,39,47,86,73,156952,140276,251703,55.73076205,0.929667108,0.341672527,1.325245935,0.465110352,1.271339634,110092,18739,114255,58572,33780,5568,341006,32.28447593,5.495211228,33.50527557,17.17623737,9.905984059,1.632815845,548544,105863,959009,154710,130420,16492,4.982596374,5.649340947,8.393584526,2.641364474,3.860864417,2.961925287,73900,17500,23.68064953,12.21234512,693.3659535,4142,2474,1698,67,778,12.14641385,7.255004311,4.979384527,0.196477481,2.281484783
2022,Ialomita,154,233,387,315,56,91,147,114,155516,140565,250252,56.16938126,1.546441187,0.587407893,2.02551506,0.733043545,2.13384908,100375,16456,117527,58946,40046,8089,341439,29.39763765,4.819601744,34.42108254,17.26399152,11.72859574,2.369090819,460478,76861,538779,145958,105937,21019,4.587576588,4.670697618,4.584299778,2.476130696,2.64538281,2.598467054,75500,17800,23.57615894,13.34660797,285.1792133,4345,2488,1702,67,763,12.72555273,7.286806721,4.984784984,0.196228316,2.234659778
2012,Iasi,301,377,678,489,3893,2636,6529,5928,523792,417572,774124,53.94122905,0.875828679,8.434049325,0.933576687,11.31746953,9.309878004,31746,3201,100771,27234,1865,5423,170240,18.64779135,1.880286654,59.19349154,15.99741541,1.095512218,3.18550282,70965,6623,137765,29362,2747,4578,2.235399735,2.069040925,1.367109585,1.078137622,1.472922252,0.844182187,287100,96000,33.43782654,10.4815979,551.2248422,3332,2545,1603,230,387,19.57236842,14.94948308,9.416118421,1.351033835,2.273261278
2013,Iasi,285,324,609,467,5012,3426,8438,7755,528344,420049,778383,53.96430806,0.782391188,10.84042175,0.883893827,14.6779371,11.62281293,32053,3461,93946,27055,4899,2476,163890,19.55763012,2.111782293,57.32259442,16.50802367,2.989200073,1.510769419,98154,8971,403905,54389,9473,5253,3.062240664,2.592025426,4.299331531,2.010312327,1.933659931,2.121567044,285800,91400,31.98040588,10.39311727,663.8051913,4035,3148,1683,230,422,24.62017207,19.20800537,10.26908292,1.403380316,2.574897797
2014,Iasi,222,320,542,451,7641,5883,13524,12747,531446,423995,784596,54.03991354,0.690801381,17.23689644,0.848628083,23.9855037,17.92769782,38531,4431,98445,26259,10282,4098,182046,21.16552959,2.434000198,54.07699153,14.42437626,5.648023027,2.251079398,122360,11976,470541,51091,25885,10160,3.175624822,2.702775897,4.779734877,1.945656727,2.517506322,2.479258175,280300,87500,31.21655369,10.20750427,749.3165118,4168,3168,1683,230,439,22.89531217,17.40219505,9.24491612,1.263416939,2.411478418
2015,Iasi,367,462,829,672,4809,3164,7973,7448,531025,425938,788225,54.03761616,1.051730153,10.1151321,1.265477143,14.025705,11.16686225,37787,3804,96869,26633,6064,8395,179552,21.04515683,2.118606309,53.95038763,14.83302887,3.3772946,4.675525753,113838,9270,279856,44005,15252,13774,3.012623389,2.436908517,2.889015062,1.652273495,2.515171504,1.640738535,277400,76200,27.46935833,11.32427216,491.4450107,3957,3340,1880,230,492,22.03818392,18.6018535,10.47050437,1.28096596,2.74015327
2016,Iasi,565,724,1289,1059,3193,2271,5464,5043,528962,425592,789399,53.91342021,1.632887805,6.921721462,2.002034173,9.533766131,8.554609266,38566,3912,100483,25755,5920,5035,179671,21.46478842,2.177312978,55.92610939,14.33453368,3.294911254,2.802344285,139265,12352,365201,40398,11073,7144,3.6110823,3.157464213,3.63445558,1.568549796,1.870439189,1.418867925,276100,65200,23.61463238,10.94669342,747.0411757,3984,3351,1898,233,495,22.17386223,18.6507561,10.56375264,1.296814734,2.755035593
2017,Iasi,702,789,1491,1143,4296,3666,7962,6899,527029,425282,790952,53.76837027,1.885070143,10.06635042,2.168761112,13.09036125,11.95142057,34060,4310,91165,26180,10137,6255,172107,19.79001435,2.504256073,52.96995474,15.21146728,5.88994056,3.634366993,149796,16065,486253,67889,22449,11629,4.398003523,3.72737819,5.333768442,2.59316272,2.214560521,1.859152678,282700,65600,23.20481075,10.56526184,576.8536987,3998,3365,1915,234,500,23.22973499,19.55179046,11.12679903,1.359619307,2.905169459
2018,Iasi,805,1071,1876,1489,4693,3488,8181,7099,525743,424826,793324,53.5501258,2.364733703,10.3123062,2.832182264,13.50279509,12.6770399,34290,3426,90848,25546,11921,4071,170102,20.15849314,2.014085666,53.40795523,15.01804799,7.008148052,2.39326992,142498,13534,590948,60086,23963,10917,4.155672208,3.950379451,6.504799225,2.352070774,2.010150155,2.6816507,287300,66500,23.14653672,10.5601209,574.3454327,4007,3376,1927,235,505,23.55645436,19.84691538,11.32849702,1.381524027,2.968806951
2019,Iasi,862,1063,1925,1480,5785,4539,10324,8601,523143,422994,794935,53.21114305,2.421581639,12.98722537,2.829054389,16.44101135,15.40880701,36018,4787,97584,35196,6082,4830,184497,19.52226865,2.594622135,52.89191694,19.07673296,3.296530567,2.617928747,146955,16881,535020,106362,10606,8850,4.080043312,3.526425736,5.482661092,3.021991135,1.743834265,1.832298137,289300,65700,22.70998963,11.37377548,548.1356421,4016,3386,1937,236,508,21.76729161,18.35260194,10.4988157,1.279153591,2.753432305
2020,Iasi,840,991,1831,1451,3080,2603,5683,4607,519872,422938,796159,53.12230346,2.299791876,7.138021425,2.791071648,8.86179675,9.437813301,39990,4391,97726,35905,6344,5833,190189,21.02645263,2.308756027,51.38362366,18.87858919,3.335629295,3.066949193,121669,11725,225986,65521,10703,8711,3.042485621,2.670234571,2.312444999,1.824843337,1.687105927,1.493399623,288700,63100,21.85659855,11.70813497,559.7982812,4394,3561,2026,275,550,23.10333405,18.72348033,10.6525614,1.445930101,2.891860202
2021,Iasi,1461,1566,3027,2287,5049,4541,9590,7626,500814,425380,781532,54.42899331,3.873161943,12.27077074,4.566565631,15.2272101,16.14393269,48361,5733,106779,44834,9176,4984,219867,21.99557005,2.607485434,48.565269,20.39141845,4.17343212,2.266824944,225452,21828,633817,101669,21855,11050,4.661855627,3.807430665,5.935783253,2.267676317,2.381756757,2.217094703,260100,31100,11.95693964,9.897263845,621.3858865,4292,2632,1844,126,565,19.52089218,11.9708733,8.386888437,0.573073722,2.56973534
2022,Iasi,2473,2480,4953,3778,5323,4711,10034,8168,485369,428916,769973,55.70532993,6.432693094,13.03162578,7.783768638,16.82843362,19.46431888,42019,4298,107075,47034,10065,4551,215042,19.53990383,1.998679328,49.79259866,21.8720064,4.680481022,2.116330763,107631,11684,172735,60539,18955,6200,2.561484091,2.718473709,1.613215036,1.287132713,1.883258818,1.362337948,267400,31400,11.74270755,11.03528468,400.5041055,4435,2717,1865,126,616,20.62387813,12.63474112,8.672724398,0.58593205,2.864556691
2012,Ilfov,21,36,57,43,303,220,523,496,280953,227280,399617,56.87445729,0.142636575,1.308753131,0.15305051,1.765419839,1.451389706,18290,6015,7288,8495,2388,0,42476,43.05961013,14.16093794,17.15792447,19.99952915,5.621998305,0,52046,15364,12538,11502,3221,0,2.845598688,2.554280964,1.720362239,1.353972925,1.348827471,,168400,35500,21.0807601,12.16868993,705.8983071,1243,1196,746,25,197,29.26358414,28.15707694,17.56285903,0.588567662,4.637913174
2013,Ilfov,36,69,105,82,326,254,580,543,290845,233634,412405,56.65159249,0.254604091,1.406384501,0.281937114,1.866973818,1.660988591,19358,7005,10387,8543,4749,6,50048,38.67886829,13.9965633,20.75407609,17.06961317,9.488890665,0.011988491,80805,26058,48989,16560,11461,8,4.174243207,3.719914347,4.71637624,1.938429123,2.413350179,1.333333333,165900,33600,20.25316456,12.4554877,667.8275432,1400,1154,725,12,218,27.97314578,23.05786445,14.48609335,0.239769821,4.355818414
2014,Ilfov,56,77,133,100,246,239,485,445,299059,239048,424388,56.32770012,0.313392462,1.142822134,0.334382179,1.488000696,1.456214596,18343,5952,9799,10248,7634,187,52163,35.16477196,11.41038667,18.78534593,19.64610931,14.63489447,0.358491651,74025,20549,52443,19138,19144,444,4.035599411,3.452452957,5.35187264,1.867486339,2.507728583,2.374331551,170700,32500,19.03925015,11.93338816,929.5860561,1445,1156,726,12,220,27.70162759,22.16130207,13.91791116,0.230048118,4.217548837
2015,Ilfov,77,97,174,145,172,149,321,296,307692,244672,437626,55.9089268,0.397599777,0.733503037,0.471250471,0.962000962,1.131102814,18521,4668,11080,11569,7388,213,53439,34.65820842,8.735193398,20.73392092,21.64898295,13.825109,0.398585303,78412,16655,47324,21093,16167,297,4.233680687,3.567909169,4.271119134,1.823234506,2.188278289,1.394366197,175100,28500,16.27641348,12.66590319,637.1400662,1448,1165,727,12,231,27.09631543,21.80055765,13.60429649,0.2245551,4.322685679
2016,Ilfov,78,136,214,177,246,211,457,407,317506,251600,452460,55.60712549,0.472969986,1.010034036,0.55746978,1.28186554,1.483004022,18374,4555,11233,11347,8022,321,53852,34.11943846,8.458367377,20.85902102,21.07071232,14.89638268,0.59607814,76387,17169,48464,21780,20389,448,4.157341896,3.769264544,4.314430695,1.919450075,2.541635502,1.395638629,185800,24800,13.34768568,12.16837993,738.6068399,1449,1168,730,14,238,26.90707866,21.68907376,13.5556711,0.259971774,4.419520166
2017,Ilfov,114,162,276,207,299,307,606,533,326729,258346,467049,55.31453873,0.590944419,1.297508398,0.633552577,1.63132137,1.888452818,18220,4058,10538,11519,10181,139,54655,33.33638276,7.424755283,19.2809441,21.07583936,18.62775592,0.254322569,83430,16410,65131,28594,22760,234,4.579034029,4.043863972,6.180584551,2.482333536,2.235536784,1.683453237,191100,24900,13.02982732,11.69161425,810.3997115,1452,1169,732,14,240,26.56664532,21.38871101,13.39310219,0.256152228,4.391181045
2018,Ilfov,124,181,305,246,243,259,502,415,334174,263681,479467,54.9946086,0.636123028,1.046995935,0.736143446,1.241868009,1.683118963,17978,3776,10754,10806,11890,146,55350,32.48057814,6.822041554,19.42908762,19.52303523,21.48148148,0.263775971,76811,15306,81913,23410,28478,173,4.272499722,4.053495763,7.616979728,2.166389043,2.395121951,1.184931507,200000,25200,12.6,12.30715139,649.0636099,1454,1174,734,14,242,26.26919603,21.21047877,13.26106594,0.252935863,4.372177055
2019,Ilfov,137,182,319,260,309,338,647,534,337737,266701,486195,54.85473935,0.656115345,1.330741781,0.769829779,1.58111193,1.986857125,19060,3826,11992,10542,7529,135,53084,35.90535755,7.207444804,22.59061111,19.85909125,14.18318137,0.254313918,87661,15881,75520,27886,15701,239,4.599213012,4.150810246,6.297531688,2.645228609,2.085403108,1.77037037,206700,25000,12.09482342,13.07589882,579.27344,1437,1171,736,14,238,27.07030367,22.05937759,13.86481802,0.263732952,4.483460176
2020,Ilfov,127,151,278,215,203,176,379,311,343762,272403,495375,54.98925057,0.561191017,0.765076962,0.625432712,0.904695691,1.326267979,18171,3670,12218,9964,7718,165,51906,35.00751358,7.070473548,23.53870458,19.19623936,14.86918661,0.317882326,60943,10289,45016,20498,17197,557,3.353860547,2.803542234,3.684400065,2.057205941,2.228167919,3.375757576,209500,24000,11.45584726,13.47070794,598.9994899,1428,1168,737,14,239,27.51127037,22.50221554,14.19874388,0.269718337,4.604477324
2021,Ilfov,186,248,434,347,315,322,637,503,361605,288453,524634,54.98175871,0.827243373,1.21417979,0.959610625,1.391020589,2.041423164,23398,3202,15501,11454,10524,104,64183,36.4551361,4.988859978,24.15125501,17.84584703,16.39686521,0.162036676,118042,14927,87554,24119,31975,238,5.044961108,4.661773891,5.648280756,2.105727257,3.038293425,2.288461538,205800,12400,6.02526725,12.01691959,739.4148882,1418,1172,733,14,237,22.09307761,18.26028699,11.42046959,0.218126295,3.692566567
2022,Ilfov,289,301,590,465,317,378,695,579,380083,304247,555220,54.79755772,1.062641836,1.251756061,1.22341699,1.523351478,2.314397896,19107,2942,11818,11353,10362,18,55600,34.36510791,5.291366906,21.25539568,20.41906475,18.63669065,0.032374101,83904,11829,37877,23661,28479,33,4.391270215,4.020734194,3.205026231,2.084118735,2.748407643,1.833333333,212400,12500,5.885122411,13.13697895,351.5091362,1420,1170,733,14,238,25.53956835,21.04316547,13.18345324,0.251798561,4.28057554
2012,Maramures,139,171,310,239,50,28,78,73,327183,202474,475696,42.56373819,0.651676701,0.163970267,0.730478051,0.223116727,0.815646968,2901,236,18080,687,0,0,21904,13.24415632,1.07742878,82.54200146,3.13641344,0,0,6935,462,48910,680,0,0,2.390554981,1.957627119,2.705199115,0.989810771,,,202100,75900,37.55566551,7.498170055,973.4216478,5024,3097,660,19,271,229.3644996,141.3897005,30.13148283,0.867421476,12.37216947
2013,Maramures,164,210,374,292,45,41,86,74,325686,201861,473346,42.64554892,0.790119701,0.181685279,0.896569088,0.227212714,0.97180498,2726,543,18721,682,5,0,22677,12.02099043,2.394496627,82.55501169,3.007452485,0.022048772,0,7508,1301,68536,745,5,0,2.754218635,2.395948435,3.660915549,1.092375367,1,,201100,71700,35.65390353,7.725189764,1016.516315,6351,4633,671,23,221,280.0635005,204.3039203,29.58945187,1.014243507,9.745557172
2014,Maramures,123,150,273,227,65,52,117,104,324001,201293,471651,42.67837872,0.578817812,0.248064777,0.700615122,0.320986664,0.826882589,2734,525,18734,728,0,0,22721,12.03292109,2.310637736,82.45235685,3.204084327,0,0,8733,1339,72546,973,0,0,3.194220922,2.55047619,3.872424469,1.336538462,,,199400,69100,34.65396189,8.769466331,1001.483225,6511,4659,708,23,221,286.5630914,205.0525945,31.16060033,1.012279389,9.726684565
2015,Maramures,139,191,330,288,75,65,140,128,321227,200548,469623,42.70404133,0.702691308,0.298111464,0.896562244,0.398472109,1.000802772,2975,600,18786,757,0,0,23118,12.86876027,2.595380223,81.26135479,3.274504715,0,0,9781,1417,51217,618,0,0,3.287731092,2.361666667,2.726338763,0.816380449,,,195700,59900,30.60807358,8.299616588,967.1549373,8842,5132,817,52,314,382.4725322,221.9915218,35.34042737,2.249329527,13.58248983
2016,Maramures,204,262,466,403,89,80,169,137,317627,199846,466979,42.79550044,0.997903546,0.361900642,1.268783825,0.431323534,1.359804188,3011,631,19525,852,1,0,24020,12.53538718,2.626977519,81.28642798,3.54704413,0.004163197,0,9858,1849,68861,1266,1,0,3.27399535,2.930269414,3.52681178,1.485915493,1,,190000,51400,27.05263158,7.711151678,1098.981797,8842,5132,865,55,314,368.1099084,213.6552873,36.01165695,2.289758535,13.07243963
2017,Maramures,197,285,482,410,106,87,193,174,314034,198876,464464,42.81838851,1.037755348,0.415532743,1.305591114,0.554080131,1.453288091,3081,660,16786,850,14,0,21391,14.4032537,3.085409752,78.47225469,3.973633771,0.065448086,0,12275,2114,102779,2442,34,0,3.984096073,3.203030303,6.122900036,2.872941176,2.428571429,,192700,51900,26.93305656,7.522557484,1155.820171,9778,6092,1016,28,325,457.1081296,284.7926698,47.49661072,1.308961713,15.1933056
2018,Maramures,241,309,550,457,186,144,330,285,310703,197672,462135,42.77364839,1.190128426,0.714077055,1.470858022,0.917274696,1.904205481,3599,700,18810,853,13,0,23975,15.01147028,2.919708029,78.45672576,3.557872784,0.054223149,0,14841,2306,116240,2288,38,1,4.123645457,3.294285714,6.179691653,2.682297773,2.923076923,,194300,52300,26.91713845,8.409020996,1029.855907,10326,6067,1038,55,327,430.6986444,253.0552659,43.29509906,2.294056309,13.63920751
2019,Maramures,210,238,448,376,177,146,323,273,307593,196498,459937,42.72280769,0.974046445,0.702270094,1.222394528,0.887536452,1.676316539,3103,742,18514,1020,11,0,23390,13.26635314,3.172295853,79.1534844,4.360837965,0.047028645,0,12356,2106,87946,3863,24,0,3.981952949,2.838274933,4.750243059,3.787254902,2.181818182,,196600,51900,26.39877925,8.604613148,962.3849468,10365,6082,1032,55,327,443.1380932,260.025652,44.12141941,2.351432236,13.98033348
2020,Maramures,198,195,393,331,91,80,171,141,304196,196462,457151,42.975297,0.859672187,0.374055837,1.088114242,0.463516943,1.233728024,3044,558,18516,1022,0,0,23140,13.15471046,2.411408816,80.01728608,4.416594641,0,0,10523,1402,77006,2508,0,0,3.45696452,2.512544803,4.158889609,2.454011742,,,195200,50000,25.6147541,8.143938654,1123.596659,10838,6253,1060,56,322,468.366465,270.2247191,45.80812446,2.420051858,13.91529818
2021,Maramures,302,360,662,554,153,130,283,245,299897,197563,453425,43.57126316,1.459998897,0.624138501,1.847300907,0.816947152,2.084137399,2997,526,17511,740,0,20,21794,13.75149124,2.413508305,80.34780215,3.395429935,0,0.091768377,13593,1376,82909,2009,0,50,4.535535536,2.615969582,4.734681058,2.714864865,,2.5,172000,24400,14.18604651,7.031726074,1166.374369,11083,5997,1069,47,319,508.534459,275.1674773,49.0501973,2.156556851,14.63705607
2022,Maramures,432,465,897,759,179,147,326,290,297162,198620,451722,43.96952108,1.985734589,0.721682805,2.554162376,0.975898668,2.707417394,2770,501,17959,758,0,8,21996,12.59319876,2.277686852,81.64666303,3.446081106,0,0.036370249,13856,1312,65611,1848,0,22,5.002166065,2.618762475,3.653377137,2.437994723,,2.75,175300,24700,14.0901312,7.630868808,819.1049741,11420,6134,1107,47,335,519.1853064,278.8688853,50.32733224,2.136752137,15.23004183
2012,Mehedinti,33,46,79,65,12,12,24,22,176434,141244,263061,53.69248957,0.300310574,0.091233592,0.368409717,0.12469252,0.391544167,21482,2777,56154,7500,546,0,88459,24.28469687,3.139307476,63.48025639,8.478504166,0.617235103,0,53814,6782,90916,8399,872,0,2.505074015,2.442203817,1.619047619,1.119866667,1.597069597,,108500,50500,46.5437788,11.49729411,714.0824456,3512,2798,1782,26,550,39.70200884,31.63047287,20.1449259,0.293921478,6.217569722
2013,Mehedinti,43,68,111,88,14,18,32,30,174385,140331,260398,53.8909669,0.426270555,0.122888809,0.504630559,0.172033145,0.549159364,41903,4425,56577,7898,1477,0,112280,37.32009263,3.941040257,50.38920556,7.034200214,1.315461347,0,121479,11884,174758,12608,2252,0,2.899052574,2.685649718,3.08885236,1.596353507,1.524712255,,105300,47800,45.39411206,11.31040025,832.0980395,3516,2798,1782,26,550,31.31457072,24.91984325,15.87103669,0.231563947,4.898468115
2014,Mehedinti,32,60,92,68,18,24,42,38,171821,138377,257571,53.7238276,0.357183068,0.163061835,0.395760704,0.221160394,0.520244903,42760,4407,54983,8652,2165,0,112967,37.85176202,3.901139271,48.67173599,7.65887383,1.916488886,0,132742,12831,203701,16552,5374,0,3.10434986,2.911504425,3.704799665,1.91308368,2.48221709,,103200,46000,44.57364341,11.02753668,1215.40518,3519,2798,1782,26,550,31.15069002,24.76829517,15.77451822,0.230155709,4.868678464
2015,Mehedinti,42,61,103,87,25,29,54,51,168924,136914,254406,53.81712695,0.404864665,0.212259145,0.515024508,0.301910919,0.61712381,41740,4224,56113,9275,2627,0,113979,36.62078102,3.705945832,49.23099869,8.137463919,2.304810535,0,128366,12580,157557,13146,5906,0,3.075371346,2.978219697,2.807852013,1.417358491,2.248191854,,99300,39700,39.97985901,11.86261337,757.3174655,3556,2873,1782,26,580,31.19872959,25.20639767,15.63445898,0.228112196,5.088656682
2016,Mehedinti,63,105,168,150,37,40,77,69,166160,136437,251074,54.34134956,0.669125437,0.306682492,0.902744343,0.415262398,0.975807929,43985,4896,57203,22183,5893,155,134315,32.74764546,3.645162491,42.58869076,16.5156535,4.387447418,0.115400365,161045,15960,201282,53393,20246,279,3.661361828,3.259803922,3.518731535,2.406933237,3.435601561,1.8,94100,33900,36.02550478,11.24730042,885.8616129,3562,2875,1782,26,584,26.51974835,21.40490638,13.26731936,0.193574805,4.347987939
2017,Mehedinti,64,84,148,123,44,32,76,63,163196,134366,247254,54.34330688,0.598574745,0.30737622,0.753694944,0.386038874,0.905950965,44609,5017,51411,13959,8430,80,123506,36.11889301,4.062150827,41.62631775,11.30228491,6.825579324,0.064774181,218627,20298,334067,51774,24482,46,4.900961689,4.04584413,6.497967361,3.709004943,2.904151839,0.575,94400,34300,36.33474576,11.30372216,692.174674,3588,2873,1782,26,583,29.05122018,23.26202776,14.42844882,0.210516088,4.720418441
2018,Mehedinti,81,99,180,146,36,38,74,60,160092,130812,243158,53.79711957,0.74025942,0.304328873,0.911975614,0.374784499,1.044588292,44732,5061,51169,13614,8718,69,123363,36.26046708,4.10252669,41.47840114,11.03572384,7.066948761,0.055932492,221606,20438,356178,50357,23468,102,4.954082089,4.038332345,6.960816119,3.698912884,2.691901812,1.47826087,95700,34700,36.25914316,11.35959038,848.0139734,3618,2888,1782,26,584,29.32808054,23.41058502,14.445174,0.210760114,4.733996417
2019,Mehedinti,94,119,213,174,49,41,90,73,157656,129107,240082,53.77620979,0.887196874,0.374871919,1.103668747,0.46303344,1.262068793,44191,5596,51460,18332,6750,42,126371,34.96925719,4.428231161,40.72136804,14.50649279,5.341415356,0.033235473,206034,22863,306762,60667,17681,84,4.662352063,4.085596855,5.961173727,3.309349771,2.619407407,2,95100,34300,36.06729758,12.02423587,792.9549102,3583,2878,1789,26,520,28.35302403,22.77421244,14.156729,0.205743406,4.114868126
2020,Mehedinti,65,79,144,125,25,22,47,37,155613,130822,237704,55.03567462,0.605795443,0.197724902,0.803274791,0.237769338,0.803520345,45749,5862,51468,17348,5712,842,126981,36.0282247,4.61643868,40.5320481,13.66188642,4.498310771,0.663091329,153741,17474,284038,41168,13571,1274,3.360532471,2.980893893,5.518730085,2.373068942,2.37587535,1.513064133,94500,33100,35.02645503,11.79323815,730.1263899,3990,3029,1788,1,501,31.42202377,23.8539624,14.08084674,0.007875194,3.945472157
2021,Mehedinti,122,153,275,231,46,41,87,74,152207,130258,235098,55.40583076,1.169724966,0.370058444,1.517670015,0.486180005,1.539783409,51017,9908,44228,22984,6447,212,134796,37.84756224,7.35036648,32.81106264,17.05095107,4.782782872,0.157274697,193018,32597,150333,47412,20185,405,3.783405531,3.289967703,3.399045853,2.062826314,3.130913603,1.910377358,76900,16000,20.80624187,11.18925108,740.2925381,3995,3029,1788,1,502,29.63737796,22.4709932,13.26448856,0.007418618,3.724146117
2022,Mehedinti,147,163,310,250,35,65,100,82,149009,126905,232616,54.55557657,1.332668432,0.429893043,1.677751008,0.550302331,1.762561475,51619,10129,43003,22988,6382,211,134332,38.42643599,7.540273353,32.01247655,17.11282494,4.750915642,0.157073519,180006,29393,146363,42026,16325,319,3.487204324,2.90186593,3.40355324,1.82817122,2.557975556,1.511848341,79500,16200,20.37735849,11.804282,593.1974766,3993,3030,1800,1,492,29.72486079,22.55605515,13.39963672,0.007444243,3.66256737
2012,Mures,127,172,299,234,72,65,137,106,366976,273629,549704,49.77751663,0.543929096,0.249225037,0.637643879,0.288847227,0.793154134,17253,6973,74587,3006,382,2270,104471,16.51463085,6.674579548,71.39493257,2.877353524,0.365651712,2.172851796,48940,20508,213892,4085,611,2325,2.836608126,2.941058368,2.867684717,1.358948769,1.59947644,1.024229075,235600,71900,30.51782683,8.775468358,718.2681904,6249,5132,2460,259,849,59.81564262,49.12368026,23.54720449,2.479156895,8.126657158
2013,Mures,137,202,339,266,53,61,114,101,365947,273937,548532,49.94002173,0.61801317,0.207827438,0.726881215,0.275996251,0.825840607,23531,7983,70293,3766,1353,1418,108344,21.71878461,7.368197593,64.87945802,3.475965443,1.248800118,1.308794211,86699,22579,296843,8443,3394,1797,3.684458799,2.828385319,4.222938273,2.241901221,2.50849963,1.267277856,233400,67900,29.09168809,8.989858951,801.8534954,6215,5005,2408,259,754,57.36358266,46.19545152,22.22550395,2.390533855,6.959314775
2014,Mures,113,141,254,223,58,53,111,96,363639,274281,547252,50.11968892,0.46413718,0.202831602,0.613245554,0.263998086,0.666968782,24951,7409,70985,5141,2772,1232,112490,22.18063828,6.586363232,63.10338697,4.570184016,2.464219042,1.095208463,99394,22416,333554,11639,7176,1948,3.983567793,3.025509515,4.698936395,2.263956429,2.588744589,1.581168831,230200,65500,28.45351868,9.753489368,714.660061,6210,5006,2409,259,747,55.2049071,44.50173349,21.41523691,2.302426882,6.640590275
2015,Mures,125,153,278,238,75,69,144,109,360293,274093,545224,50.27163148,0.509882177,0.264111631,0.660573478,0.302531551,0.773993808,27306,8055,72352,3704,2763,1914,116094,23.52059538,6.938343067,62.32191155,3.190518028,2.379967957,1.648664014,115422,24302,279036,7721,7125,3214,4.226983081,3.01700807,3.85664529,2.08450324,2.578718784,1.679205852,225500,56700,25.14412417,9.401784069,757.1713328,6823,5312,2781,295,1113,58.77134047,45.75602529,23.95472634,2.541044326,9.587058763
2016,Mures,213,222,435,376,117,91,208,167,356465,273538,542323,50.43820749,0.802105019,0.383535273,1.054802014,0.468489192,1.185640292,27023,7298,72012,4244,3760,3539,117876,22.92493807,6.191251824,61.0913163,3.600393634,3.189792663,3.00230751,111646,24718,328757,9290,11793,7113,4.131517596,3.38695533,4.56530856,2.188972667,3.13643617,2.009889799,222800,48600,21.81328546,8.938509959,896.8284511,6857,6293,2530,277,1109,58.17129865,53.38660966,21.46323255,2.349927042,9.408191659
2017,Mures,184,231,415,345,101,94,195,159,352555,273110,539563,50.61688811,0.769140953,0.36140358,0.978570719,0.450993462,1.130544533,25221,7220,69972,5770,3464,4867,116514,21.64632576,6.196680227,60.05458572,4.952194586,2.973033284,4.177180425,108803,25581,404333,17064,9165,9642,4.313984378,3.543074792,5.778497113,2.957365685,2.645785219,1.981097185,225500,49100,21.77383592,8.827792186,759.9231685,6854,6414,2508,294,1106,58.82554886,55.04917864,21.52531026,2.523301921,9.492421512
2018,Mures,235,276,511,425,92,109,201,163,348883,272496,536814,50.76171635,0.951912581,0.374431367,1.218173428,0.467205338,1.326343948,26190,7463,71611,6923,3636,5237,121060,21.63390055,6.164711713,59.15331241,5.718651908,3.003469354,4.325954072,120595,27146,521379,21146,10659,14980,4.604620084,3.637411229,7.280711064,3.054456161,2.931518152,2.860416269,228200,49500,21.69149869,9.641238806,808.5248734,7002,6437,2531,329,1103,57.83908806,53.17198084,20.90698827,2.717660664,9.111184537
2019,Mures,208,245,453,387,132,144,276,227,345726,271187,534380,50.74796961,0.847711366,0.516486395,1.119383558,0.656589322,1.364197762,27222,7319,71248,9137,3756,4772,123454,22.05031834,5.928523985,57.7121843,7.401137266,3.042428759,3.865407358,126888,23988,497356,23927,10241,12872,4.661229888,3.277496926,6.980631035,2.618693225,2.72657082,2.697401509,229300,49400,21.54382904,9.86324555,717.347613,7010,5567,2640,313,1146,56.78228328,45.09371912,21.38448329,2.535357299,9.282809792
2020,Mures,168,187,355,292,72,70,142,116,342313,270349,531572,50.85839736,0.66783051,0.267132204,0.853020481,0.33887115,0.934962714,29081,7007,71758,8851,3456,6117,126270,23.030807,5.549219926,56.82901719,7.00958264,2.73699216,4.844381088,131420,21647,501825,21580,9507,15500,4.519101819,3.089339232,6.993296915,2.438142583,2.750868056,2.533921857,229000,47500,20.74235808,9.37066708,870.6079342,7039,5489,2622,339,1113,55.74562446,43.47034133,20.76502732,2.684723212,8.814445236
2021,Mures,283,315,598,502,104,101,205,170,335228,270744,524406,51.6286999,1.14033783,0.390918487,1.497488277,0.507117544,1.531256317,26769,6908,70647,6813,4623,4132,119892,22.32759484,5.761852334,58.92553298,5.682614353,3.855970373,3.446435125,130831,22533,472692,20621,14693,11981,4.887407075,3.261870295,6.690899826,3.026713636,3.178239239,2.899564376,202500,23700,11.7037037,8.360897424,853.6895828,7306,5542,2768,398,1049,60.93817769,46.22493578,23.08744537,3.319654356,8.749541254
2022,Mures,362,377,739,630,127,129,256,214,330004,272006,519305,52.3788525,1.423055815,0.492966561,1.909067769,0.648476988,1.916022376,26006,7214,73181,9503,3714,3747,123365,21.08053338,5.847687756,59.32071495,7.703157297,3.010578365,3.037328254,118871,22518,465050,27834,13396,7000,4.570906714,3.121430552,6.354791544,2.928969799,3.606892838,1.868161196,206600,23900,11.56824782,9.089337619,655.4986373,7233,5538,2704,368,1032,58.63089207,44.89117659,21.91869655,2.983017874,8.36541969
2012,Neamt,141,220,361,237,165,152,317,274,299886,298815,466644,64.03489598,0.773609004,0.67931871,0.790300314,0.913680532,1.452927714,23906,5443,56809,9576,2992,1724,100450,23.79890493,5.418616227,56.55450473,9.533101045,2.978596317,1.716276755,77902,13241,200552,17942,5819,2572,3.258679829,2.432665809,3.530285694,1.873642439,1.944852941,1.49187935,192800,85000,44.08713693,8.025858771,660.8003221,2582,2214,1443,36,395,25.70433051,22.04081633,14.3653559,0.358387257,3.932304629
2013,Neamt,134,192,326,241,129,127,256,228,298173,297408,463484,64.16791087,0.703368401,0.552338376,0.80825561,0.76465676,1.255706777,22330,5289,55603,10860,6417,1155,101654,21.96667126,5.202943318,54.69829028,10.68329825,6.312589765,1.136207134,78854,14804,314736,28013,16182,2880,3.53130318,2.799016827,5.660414006,2.57946593,2.52173913,2.493506494,188300,80600,42.80403611,7.976968982,713.8064977,2631,2255,1469,36,422,25.88191316,22.18309166,14.45098078,0.354142483,4.151336888
2014,Neamt,109,180,289,244,180,152,332,299,295392,296331,460834,64.30319811,0.627123867,0.720432954,0.826021016,1.012214278,1.347556821,19990,5052,53702,11727,8311,3026,101808,19.63499921,4.962281942,52.74831055,11.51874116,8.163405626,2.972261512,81372,17613,321851,27490,25607,7606,4.070635318,3.486342043,5.993277718,2.344163043,3.081097341,2.51354924,185400,78100,42.12513484,8.043485976,951.6821431,2674,2342,1496,49,458,26.26512651,23.00408612,14.69432658,0.48129813,4.498664152
2015,Neamt,161,214,375,324,207,211,418,380,291729,294834,457651,64.42332695,0.819401684,0.913359744,1.110619788,1.302578763,1.732761427,21553,5677,56368,11441,4759,4805,104603,20.60457157,5.427186601,53.88755581,10.93754481,4.549582708,4.593558502,85585,20373,232546,23269,12588,5869,3.970908922,3.58869121,4.125496736,2.033825715,2.645093507,1.221436004,178700,67600,37.82876329,8.780367822,634.7623381,2707,2363,1560,45,480,25.87879889,22.59017428,14.9135302,0.430197987,4.588778525
2016,Neamt,277,331,608,519,243,229,472,426,287594,292903,453690,64.56016223,1.34012211,1.040357954,1.804627357,1.481254825,2.380480063,22565,6623,54267,13492,6578,4974,108499,20.7974267,6.104203725,50.01612918,12.43513765,6.062728689,4.58437405,102081,26356,290601,30411,19575,7569,4.523864392,3.979465499,5.355022389,2.254002372,2.975828519,1.521712907,171200,58100,33.93691589,8.301261981,913.4399895,2712,2370,1574,45,468,24.99562208,21.8435193,14.50704615,0.414750366,4.31340381
2017,Neamt,265,313,578,495,232,280,512,460,283121,290574,449485,64.64598374,1.285916104,1.139081393,1.748369072,1.624747016,2.424997497,19491,6639,52242,14078,8781,3872,105103,18.54466571,6.316660799,49.70552696,13.3944797,8.354661618,3.684005214,95214,26861,410563,40863,24518,9397,4.885023857,4.045940654,7.858868343,2.902614008,2.792164901,2.426911157,171500,58600,34.16909621,8.118257188,673.257346,2789,2549,1495,57,481,26.53587433,24.25240003,14.22414203,0.542325148,4.576463089
2018,Neamt,300,403,703,600,673,561,1234,1100,278505,287594,444786,64.65895959,1.580535359,2.774367898,2.154359886,3.949659791,4.354903257,21454,5636,54215,13145,9870,3792,108112,19.84423561,5.213112328,50.14706971,12.15868729,9.129421341,3.507473731,98549,23082,467831,43616,24173,9787,4.593502377,4.095457771,8.629180116,3.318067706,2.449138804,2.580959916,173100,59100,34.14211438,8.163547791,789.7123847,2701,2538,1091,21,464,24.9833506,23.47565488,10.09138671,0.194243007,4.291845494
2019,Neamt,334,438,772,647,917,692,1609,1449,274701,284445,440761,64.53497474,1.751516128,3.650504468,2.355288113,5.274826084,5.402020596,22045,6220,57342,15911,5685,3535,110738,19.90734888,5.616861421,51.78168289,14.36814824,5.133739096,3.192219473,96646,22549,451612,46317,10621,7992,4.38403266,3.625241158,7.875762966,2.911004965,1.86824978,2.260820368,174600,59000,33.79152348,8.80814511,711.7091265,2668,2501,1108,21,471,24.09290397,22.58483989,10.0055988,0.1896368,4.253282523
2020,Neamt,248,311,559,481,346,286,632,570,270751,281716,436609,64.52363556,1.280321752,1.447519405,1.776540068,2.105255382,2.727841158,20180,6456,59836,16253,6482,4166,113373,17.79965247,5.694477521,52.77799829,14.3358648,5.717410671,3.674596244,57029,17458,267849,31044,14605,5341,2.826015857,2.704151177,4.476385454,1.910047376,2.253162604,1.282045127,172300,56400,32.73360418,8.960037074,728.3566553,2515,2507,1118,21,468,22.18341228,22.11284874,9.861254443,0.185229287,4.127966976
2021,Neamt,395,496,891,723,469,430,899,816,275089,286120,443058,64.57845248,2.011023387,2.029079714,2.628240315,2.966312721,4.040103102,22390,5098,61132,18284,6519,2162,115585,19.37102565,4.410606913,52.88921573,15.81866159,5.640005191,1.870484925,108192,23433,381875,46732,17031,5663,4.832157213,4.596508435,6.246728391,2.555895865,2.612517257,2.61933395,143900,27900,19.38846421,7.561157227,748.8925172,2515,2507,1118,21,468,21.75887875,21.68966561,9.672535364,0.181684475,4.048968292
2022,Neamt,606,677,1283,1052,677,506,1183,1067,280518,291301,450791,64.61996801,2.846108285,2.624275995,3.750204978,3.803677482,5.47038428,22120,4696,61608,18236,7087,2823,116570,18.97572274,4.028480741,52.85064768,15.64381916,6.079608819,2.421720854,87843,17161,244350,38654,18097,4209,3.971202532,3.654386712,3.966205688,2.119653433,2.553548751,1.490967056,148800,28100,18.8844086,8.436376198,579.1489962,2723,2672,1202,21,486,23.35935489,22.92184953,10.31140088,0.180149267,4.16916874
2012,Olt,89,106,195,163,20,15,35,33,286812,263341,431048,61.09319612,0.452385813,0.081197454,0.568316528,0.115057947,0.533583267,107401,9439,136165,50438,6709,98,310250,34.61756648,3.042385173,43.88879936,16.25721193,2.162449637,0.031587429,267096,21777,179034,60082,9354,85,2.486904219,2.307129993,1.314831271,1.191205044,1.394246535,0.867346939,167400,80400,48.02867384,12.63482075,604.3490349,6538,6111,3743,41,1250,21.07332796,19.69701853,12.06446414,0.132151491,4.029008864
2013,Olt,103,107,210,178,7,18,25,24,283155,260429,425853,61.15467074,0.49312791,0.058705704,0.628630962,0.084759231,0.551833614,150006,14284,90032,49798,8730,80,312930,47.93596012,4.564599112,28.77065158,15.91346307,2.789761288,0.025564823,414747,34680,402843,92445,11049,143,2.764869405,2.427891347,4.47444242,1.856399855,1.265635739,1.7875,163500,76600,46.85015291,12.43815892,693.1799109,6603,6130,3774,41,1279,21.10056562,19.58904547,12.06020516,0.131019717,4.087176046
2014,Olt,64,98,162,140,17,25,42,41,279351,256812,421003,61.00004038,0.384795358,0.099761759,0.501161621,0.14676876,0.484557117,141652,13807,95082,47182,11072,259,309054,45.83406136,4.467504061,30.76549729,15.26658772,3.582545445,0.083804125,467279,43237,390971,102736,27826,543,3.298781521,3.131527486,4.111934961,2.177440549,2.513186416,2.096525097,160800,74600,46.39303483,11.94379122,949.0282787,6658,6174,3825,39,1318,21.54316074,19.97709138,12.3764779,0.126191539,4.264626894
2015,Olt,70,120,190,168,30,33,63,57,274858,253209,415561,60.93184875,0.457213261,0.151602292,0.611224705,0.207379811,0.608815553,132380,15224,102074,51549,15153,608,316988,41.76183326,4.802705465,32.20121897,16.2621298,4.780307141,0.191805368,454445,54465,302661,84250,35379,736,3.432882611,3.577574882,2.965113545,1.634367301,2.334785191,1.210526316,154600,64800,41.91461837,12.7576143,654.9107839,6664,6169,3853,38,1325,21.02287784,19.46130453,12.15503426,0.119878355,4.179968958
2016,Olt,125,141,266,245,28,41,69,60,270360,250800,410207,61.13986353,0.648453098,0.168207759,0.906199142,0.22192632,0.816660857,138939,13640,100225,71290,17325,2270,343689,40.42579192,3.968704265,29.16153848,20.74258996,5.04089453,0.660480842,440377,43140,291032,91526,43681,3317,3.169570819,3.162756598,2.90378648,1.283854678,2.521269841,1.46123348,147700,55800,37.77928233,12.24936996,741.8397378,6699,6158,3878,36,1304,19.49145885,17.91736134,11.28345685,0.10474586,3.794127831
2017,Olt,106,136,242,207,47,53,100,87,265087,246917,404346,61.0657704,0.598497327,0.247312945,0.780875713,0.32819414,0.845810271,141862,13071,94369,55143,21536,1576,327557,43.30910345,3.990450517,28.80994758,16.83462726,6.574733558,0.481137634,719515,54241,585431,176729,56831,3348,5.071936107,4.149720756,6.203636788,3.204921749,2.63888373,2.124365482,149800,56100,37.44993324,12.02731487,736.8830156,6761,6160,3913,36,1282,20.64068239,18.80588722,11.94601245,0.109904536,3.913822632
2018,Olt,167,191,358,303,46,56,102,86,259365,241209,397707,60.6499257,0.900160168,0.256470216,1.168237812,0.331579049,1.156630384,146963,14065,89885,53223,23835,1773,329744,44.56881702,4.265430152,27.25902518,16.14070309,7.228334708,0.537689844,733581,57989,691534,174276,49784,3156,4.991603329,4.122929257,7.693541748,3.274449016,2.088693098,1.780033841,151700,57300,37.77191826,12.23925519,732.0211169,6793,6178,3929,36,1681,20.60082973,18.73574652,11.91530399,0.109175603,5.097894124
2019,Olt,135,154,289,256,47,60,107,95,254611,236753,392273,60.35414112,0.736731817,0.272769219,1.005455381,0.373118208,1.009501036,144996,15365,93433,75357,10248,1565,340964,42.52531059,4.506340845,27.40259969,22.10116024,3.005595899,0.458992738,752687,66123,492420,230908,23174,3743,5.19108803,4.303481939,5.270300643,3.064187799,2.261319282,2.391693291,152300,57100,37.49179251,13.22692346,591.3787718,6902,6135,3949,36,1653,20.24260626,17.99310191,11.58186788,0.105582994,4.848019146
2020,Olt,109,126,235,207,40,49,89,74,250425,235232,388019,60.62383543,0.605640445,0.229370211,0.826594789,0.295497654,0.835010657,149596,15891,95989,70245,7511,2635,341867,43.75853768,4.6482989,28.07787824,20.54746436,2.19705324,0.770767579,577310,54839,329855,137922,18094,2636,3.859127249,3.450947077,3.436383336,1.963442238,2.409000133,1.000379507,150900,54900,36.38170974,13.17588888,627.5676327,7094,6345,4192,36,1656,20.7507598,18.5598493,12.26207853,0.105304109,4.843989037
2021,Olt,186,214,400,335,60,50,110,97,248019,232967,383938,60.6782866,1.04183488,0.286504592,1.35070297,0.391099069,1.328339471,129661,20291,57547,99124,16119,1352,324094,40.00722013,6.260837905,17.75626824,30.58495375,4.973557054,0.417162922,653954,85043,228346,222337,54845,2059,5.043567457,4.191168498,3.967991381,2.243018845,3.402506359,1.522928994,121700,26800,22.02136401,12.13077274,782.6181024,7094,6345,4192,36,1656,21.8887113,19.5776534,12.934519,0.111078885,5.109628688
2022,Olt,238,255,493,423,60,86,146,125,246181,228924,380253,60.20307532,1.296505222,0.383954893,1.718247956,0.507756488,1.680460115,131016,18968,56108,66736,20188,1920,294936,44.42184067,6.431225757,19.02378821,22.62728185,6.84487482,0.650988689,567052,83492,206792,141985,58750,2718,4.328112597,4.401729228,3.685606331,2.127562335,2.91014464,1.415625,125500,27200,21.67330677,13.01385432,422.5585488,7196,6404,4410,48,1791,24.39851358,21.71318523,14.95239645,0.162747172,6.072503865
2012,Prahova,171,242,413,317,113,62,175,158,514191,386709,759216,50.93530695,0.543982213,0.230500938,0.616502428,0.307278813,0.774483151,37226,4655,59300,12901,937,0,115019,32.36508751,4.047157426,51.55669933,11.21640772,0.814648015,0,81867,9227,125074,18362,1413,0,2.199188739,1.98216971,2.109173693,1.423300519,1.508004269,,288300,65900,22.85813389,9.812065711,836.57492,2635,1777,986,275,296,22.90925847,15.44962137,8.572496718,2.390909328,2.573487859
2013,Prahova,177,232,409,338,92,81,173,139,510991,384954,754576,51.01593478,0.542026251,0.229267827,0.661459791,0.272020447,0.771294078,36639,5489,51844,13617,4922,34,112545,32.55497801,4.877160247,46.0651295,12.09916034,4.373361766,0.030210138,131315,17146,231186,27584,12970,27,3.58402249,3.123701949,4.459262403,2.025703165,2.63510768,0.794117647,289800,62000,21.39406487,9.905785194,795.3069729,2648,1777,986,275,296,23.52836643,15.78923986,8.760940068,2.443467058,2.630059087
2014,Prahova,109,174,283,252,59,81,140,121,505799,382880,750071,51.04583433,0.377297616,0.186648997,0.498221626,0.239225463,0.563946613,38661,7258,51524,11989,9229,81,118742,32.55882502,6.112411784,43.3915548,10.0966802,7.772313082,0.068215122,133173,23715,225314,25680,25759,63,3.444634127,3.267429044,4.372991227,2.141963467,2.791093293,0.777777778,286000,60000,20.97902098,9.796103453,1045.134708,2674,1777,986,275,296,22.51941183,14.96521871,8.303717303,2.315945495,2.492799515
2015,Prahova,188,225,413,362,73,72,145,121,498325,379953,744160,51.0579714,0.554988175,0.19485057,0.726433552,0.242813425,0.749838744,36806,5845,54392,14328,9367,800,121538,30.28353272,4.809195478,44.75308134,11.78890553,7.707054584,0.658230348,136743,20192,185874,29431,23450,449,3.715236646,3.454576561,3.417304015,2.054089894,2.503469627,0.56125,284400,52100,18.31926864,10.30139551,767.1903476,2726,1777,986,275,296,22.4291991,14.6209416,8.112689036,2.26266682,2.435452287
2016,Prahova,286,357,643,561,84,80,164,133,490253,377203,736766,51.19712365,0.872732998,0.222594419,1.144307123,0.271288498,1.095327417,38487,6662,54324,14777,8594,780,123624,31.13230441,5.388921245,43.9429237,11.95318061,6.951724584,0.630945447,157447,25565,209229,36165,28358,1156,4.090913815,3.837436205,3.851502099,2.447384449,3.299744007,1.482051282,284600,45100,15.84680253,9.749191675,950.7816627,2674,1777,986,275,296,21.63010419,14.37423154,7.97579758,2.224487155,2.394357083
2017,Prahova,282,324,606,530,112,113,225,188,481868,374329,729331,51.32498139,0.830898454,0.308501901,1.099886276,0.390148339,1.139400355,33205,5071,49444,18840,13721,754,121035,27.43421324,4.189697195,40.85099351,15.56574545,11.3363903,0.622960301,152335,19938,287216,46082,38471,2082,4.587712694,3.931768882,5.808915136,2.44596603,2.803804387,2.76127321,284500,45300,15.92267135,9.500590789,901.5118088,2674,1777,986,275,296,22.09278308,14.68170364,8.146403933,2.272070062,2.445573594
2018,Prahova,325,437,762,647,126,129,255,210,473349,370792,721951,51.35971832,1.055473294,0.353209567,1.366856167,0.443647288,1.408682861,35688,4225,50090,15214,16221,923,122361,29.16615588,3.452897574,40.93624603,12.43370028,13.25667492,0.754325316,128080,15364,325727,31100,37963,2475,3.588881417,3.636449704,6.502834897,2.044169844,2.34036126,2.681473456,285300,45200,15.84297231,10.07026946,787.0036601,2679,1781,986,275,297,21.894231,14.55529131,8.058123095,2.247448125,2.427243975
2019,Prahova,293,374,667,549,121,143,264,214,466058,367189,715510,51.31850009,0.932202205,0.36896759,1.177964974,0.459170318,1.301169795,36114,6857,53068,17410,7446,721,121616,29.69510591,5.63823839,43.63570583,14.31555059,6.122549665,0.592849625,182654,31422,290357,41886,17960,2359,5.057706153,4.582470468,5.471414035,2.405858702,2.412033306,3.27184466,283900,44900,15.81542797,10.55413975,789.5242201,2685,1787,986,275,297,22.07768715,14.69379029,8.107485857,2.26121563,2.44211288
2020,Prahova,229,270,499,409,78,72,150,118,459098,364413,708245,51.45295766,0.704558451,0.211791117,0.890877329,0.257025733,0.916349568,38630,5406,55120,13962,8446,773,122337,31.57671023,4.418941122,45.05587026,11.41273695,6.903880265,0.63186117,86603,13336,209241,30189,17269,1917,2.241858659,2.466888642,3.796099419,2.162226042,2.044636514,2.479948254,282800,43300,15.31117397,10.7859857,749.9100934,2228,920,557,52,220,18.2119882,7.520210566,4.552997049,0.42505538,1.798311222
2021,Prahova,383,456,839,718,121,128,249,192,450540,363633,699144,52.01117366,1.200038905,0.356149806,1.593643184,0.42615528,1.556188711,36146,5133,49785,15166,12036,908,119174,30.3304412,4.307147532,41.77505161,12.72593015,10.09951835,0.761911155,159230,24187,243413,38240,38018,2936,4.405190063,4.712059225,4.889283921,2.521429513,3.158690595,3.233480176,259900,21700,8.34936514,9.430296287,846.4491929,2245,920,557,52,222,18.83800158,7.719804655,4.673838253,0.436336785,1.862822428
2022,Prahova,539,597,1136,987,131,131,262,218,444568,363883,692986,52.5094302,1.639282756,0.378074016,2.220132803,0.490363679,2.017356772,36743,5185,47815,16492,12764,926,119925,30.63831561,4.323535543,39.87075255,13.75192829,10.64331874,0.77214926,146429,21975,177585,35722,41930,2233,3.985221675,4.238187078,3.714001882,2.166019888,3.28502037,2.411447084,267300,22000,8.230452675,10.41125019,525.7711896,2262,931,557,52,224,18.86178862,7.763185324,4.644569523,0.433604336,1.867834063
2012,Salaj,43,59,102,86,16,18,34,33,145758,135147,222570,60.72112144,0.458282787,0.152760929,0.590019073,0.226402667,0.611043717,5408,921,21509,1690,20,69,29617,18.25978323,3.10970051,72.62383091,5.70618226,0.067528784,0.232974305,13816,2303,48174,2802,39,46,2.554733728,2.500542888,2.239713608,1.657988166,1.95,0.666666667,101900,36100,35.42688911,9.768845288,692.3055807,3187,2795,890,52,393,107.6071175,94.37147584,30.05030894,1.755748388,13.26940608
2013,Salaj,51,69,120,100,24,13,37,29,144472,134140,221132,60.66060091,0.542662301,0.167320876,0.692175646,0.200730937,0.709983177,6154,1544,22618,1610,0,25,31951,19.26074301,4.832399612,70.78964665,5.038965917,0,0.078244812,18125,3418,86478,3268,0,27,2.945238869,2.21373057,3.823414979,2.029813665,,1.08,101300,34400,33.95853899,9.961846651,838.4410589,4698,4500,1021,52,433,147.0376514,140.8406623,31.95518137,1.627492097,13.5520015
2014,Salaj,28,36,64,58,8,19,27,24,143214,133078,219811,60.54201109,0.291159223,0.122832797,0.404988339,0.167581382,0.41399202,5556,1459,21447,2349,52,55,30918,17.9701145,4.718933954,69.36735882,7.59751601,0.168186817,0.177889902,18291,3732,85051,4679,128,143,3.292116631,2.557916381,3.96563622,1.991911452,2.461538462,2.6,100300,33700,33.59920239,10.88764703,760.6929959,4706,4493,1029,52,433,152.2090692,145.3198784,33.28158354,1.681868167,14.00478686
2015,Salaj,24,45,69,64,20,20,40,32,141544,131987,218293,60.46323061,0.316088926,0.183239957,0.45215622,0.22607811,0.499328884,6111,1830,22462,2266,180,228,33077,18.47507331,5.532545273,67.90821417,6.850681743,0.544184781,0.689300723,19455,4225,68430,3567,306,258,3.183603338,2.308743169,3.046478497,1.574139453,1.7,1.131578947,97900,29300,29.92849847,10.4467901,772.2864695,4699,4470,1018,54,428,142.0624603,135.1392206,30.77667261,1.632554343,12.93950479
2016,Salaj,58,74,132,108,24,21,45,36,139511,131281,216707,60.57995358,0.60911738,0.207653652,0.774132506,0.258044169,0.816771032,6497,2127,22594,2932,484,632,35266,18.42284353,6.03130494,64.06737367,8.313956786,1.3724267,1.792094369,21505,5608,84368,5537,1067,1441,3.309989226,2.636577339,3.734088696,1.888472033,2.204545455,2.280063291,97700,25300,25.89559877,9.818179913,946.7797953,4685,4458,1012,55,421,132.8475018,126.4107072,28.69619464,1.559575795,11.93784382
2017,Salaj,52,65,117,101,24,26,50,40,137371,130030,214927,60.4996115,0.544370879,0.232637128,0.735235239,0.291182273,0.777008007,5995,2196,21497,2637,244,937,33506,17.89231779,6.554050021,64.15865815,7.870232197,0.72822778,2.796514057,23922,6327,120703,6762,584,1901,3.990325271,2.881147541,5.614876494,2.564277588,2.393442623,2.028815368,98000,25400,25.91836735,9.822037882,774.0919715,6291,5331,1012,55,429,187.7574166,159.1058318,30.20354563,1.641497045,12.80367695
2018,Salaj,76,90,166,130,30,33,63,55,135317,128115,212824,60.19762809,0.779987219,0.296019246,0.96070708,0.406452996,1.076006465,6315,2088,21375,2819,367,999,33963,18.5937638,6.147866796,62.93613638,8.300209051,1.080587698,2.941436269,24457,6332,137201,7566,824,1845,3.872842439,3.03256705,6.418760234,2.683930472,2.245231608,1.846846847,97900,25900,26.45556691,10.64345084,835.2132513,6297,5339,1012,62,429,185.4076495,157.2004829,29.79713217,1.825516003,12.63139299
2019,Salaj,62,91,153,132,47,29,76,63,133319,126488,210920,59.96965674,0.725393514,0.36032619,0.990106436,0.472550799,1.085719704,6771,2041,21688,4360,201,1001,36062,18.77599689,5.659697188,60.1408685,12.09028895,0.557373412,2.775775054,23761,5444,116833,12014,502,1929,3.509230542,2.667319941,5.386988196,2.755504587,2.497512438,1.927072927,99100,25900,26.13521695,10.88197349,697.8677464,6303,5339,1012,62,429,174.7823193,148.0505796,28.06278077,1.719261272,11.8961788
2020,Salaj,62,68,130,114,16,17,33,28,131719,126247,209645,60.21941854,0.620095876,0.157408953,0.865478784,0.212573737,0.77750483,8508,1659,24701,5293,1134,1189,42484,20.02636287,3.904999529,58.14188871,12.45880802,2.669240185,2.798700687,30702,4024,134703,11170,2870,3127,3.608603667,2.425557565,5.45334197,2.110334404,2.530864198,2.629941127,98700,25600,25.93718338,10.10666759,877.7149457,6305,5364,1016,64,445,148.4088127,126.2592976,23.9148856,1.506449487,10.47453159
2021,Salaj,89,124,213,181,41,39,80,65,132513,127164,210327,60.46014064,1.012708782,0.380360106,1.365903723,0.490517911,1.393068888,8963,1958,24602,4818,1164,2410,43915,20.40988273,4.45861323,56.02186041,10.97119435,2.650574974,5.487874303,32199,5628,131441,9673,2509,5252,3.592435568,2.874361593,5.342695716,2.007679535,2.155498282,2.179253112,85300,12300,14.41969519,9.258116765,877.2997405,7315,5443,1016,64,456,166.5717864,123.9439827,23.13560287,1.457360811,10.38369578
2022,Salaj,124,128,252,213,32,34,66,54,133430,127481,211091,60.39148993,1.193797935,0.312661364,1.596342652,0.404706588,1.5064593,9440,1619,23593,4551,1702,2325,43230,21.83668749,3.745084432,54.57552625,10.52741152,3.937080731,5.378209577,33460,3852,88524,6693,3792,3207,3.544491525,2.379246448,3.752129869,1.470665788,2.227967098,1.379354839,88100,12700,14.415437,10.13530037,590.8060472,7315,5443,1016,64,456,169.2111959,125.9079343,23.50219755,1.480453389,10.5482304
2012,Satu Mare,107,147,254,187,32,29,61,55,237401,187019,342880,54.5435721,0.740783948,0.177904806,0.787696766,0.231675519,0.918688754,37760,2822,54337,11966,1528,3625,112038,33.70285082,2.518788268,48.49872365,10.6803049,1.363822989,3.235509381,121603,7402,170565,22325,2092,4868,3.220418432,2.622962438,3.139021293,1.865702825,1.369109948,1.342896552,150400,57200,38.03191489,10.75423177,720.4577178,6478,4820,2050,50,1136,57.81966833,43.02111784,18.29736339,0.446277156,10.13941698
2013,Satu Mare,114,159,273,200,27,24,51,41,236447,187019,341660,54.73833636,0.799039981,0.149271205,0.845855519,0.173400381,0.948311187,38108,4540,76644,17150,1571,1872,139885,27.24237767,3.245523108,54.79072095,12.26007077,1.123065375,1.338242127,147736,12231,372337,40675,3343,2692,3.876771282,2.694052863,4.858005845,2.371720117,2.127943985,1.438034188,151200,54200,35.84656085,10.80738165,847.9207645,6562,5000,2105,50,1116,46.90996175,35.74364657,15.0480752,0.357436466,7.977981914
2014,Satu Mare,90,128,218,178,44,44,88,65,234858,186982,340592,54.89911683,0.64006201,0.258373655,0.757904777,0.27676298,0.898435665,37263,4949,78649,18026,3001,1736,143624,25.94482816,3.44580293,54.76034646,12.55082716,2.089483652,1.208711636,152407,15329,426638,38535,8426,3595,4.090035692,3.097393413,5.424582639,2.137745479,2.807730756,2.070852535,149400,52600,35.20749665,11.93277447,776.5212116,7377,6558,2112,58,1161,51.3632819,45.66089233,14.70506322,0.403832229,8.083607197
2015,Satu Mare,148,262,410,241,60,40,100,87,232535,186732,339176,55.05460292,1.208811944,0.294832182,1.036403122,0.374137227,1.503644126,37417,4853,76197,17372,3618,2144,141601,26.42424842,3.427235683,53.81106066,12.26827494,2.555066702,1.514113601,159479,17792,266963,30491,9335,4446,4.262207018,3.666185864,3.50358938,1.755180751,2.580154782,2.07369403,145300,45500,31.31452168,11.38418188,710.6467721,7377,6558,2112,58,1161,52.09708971,46.31323225,14.9151489,0.409601627,8.199094639
2016,Satu Mare,186,261,447,334,61,63,124,104,229899,186435,337456,55.2472026,1.324617135,0.367455313,1.452811887,0.452372564,1.692072448,38897,5136,74904,20305,5784,8469,153495,25.34089058,3.34603733,48.79898368,13.22844392,3.768200919,5.517443565,163376,19142,361313,43877,14189,22775,4.200221097,3.727024922,4.823680978,2.160896331,2.453146611,2.689219506,140900,39300,27.89212207,10.79320428,915.9602795,7290,6528,2098,50,1161,47.49340369,42.52907261,13.66819766,0.32574351,7.563764292
2017,Satu Mare,180,253,433,302,69,75,144,117,227154,185994,335661,55.41126315,1.289991986,0.429004263,1.329494528,0.515069072,1.718996249,37011,5527,71481,18637,14947,9537,157140,23.55288278,3.517245768,45.48873616,11.86012473,9.511900216,6.069110347,174384,23659,464520,66118,45033,24525,4.711680311,4.280622399,6.498510094,3.547673982,3.012845387,2.571563385,143000,39700,27.76223776,10.66777704,918.2199561,7386,6607,2116,50,1129,47.00267278,42.04530991,13.46569938,0.318187603,7.184676085
2018,Satu Mare,218,261,479,338,73,76,149,126,224660,185214,333697,55.50364552,1.435433942,0.446512854,1.504495682,0.560847503,1.881946796,39403,5403,74286,19721,16012,9040,163865,24.04601349,3.297226375,45.3336588,12.03490678,9.771458213,5.516736338,186370,22635,592892,70598,47870,24329,4.729842905,4.189339256,7.981207765,3.579838751,2.989632775,2.691261062,142600,39900,27.98036466,11.65616862,803.2345384,7450,6619,2121,50,1251,45.46425411,40.39300644,12.94358161,0.305129222,7.63433314
2019,Satu Mare,218,281,499,373,84,74,158,117,222572,184357,332151,55.50397259,1.50232876,0.475687263,1.675862193,0.525672591,1.978016023,37197,5275,73936,32518,16252,9072,174250,21.34691535,3.027259684,42.43098996,18.66169297,9.326829268,5.206312769,129015,21743,537586,96728,38840,23986,3.468424873,4.121895735,7.270964077,2.974598684,2.38985971,2.643959436,142700,39500,27.68044849,11.96983611,710.675332,7654,5124,1639,62,1210,43.92539455,29.40602582,9.406025825,0.355810617,6.944045911
2020,Satu Mare,134,150,284,220,50,68,118,94,220514,184078,330611,55.67812323,0.85901558,0.356914924,0.997669082,0.42627679,1.215930504,39721,4940,75154,34395,14616,10797,179623,22.1135378,2.750204595,41.83985347,19.14843867,8.137042584,6.010922877,137878,15310,511857,84159,40011,26172,3.47116135,3.099190283,6.810775208,2.446838203,2.737479475,2.424006669,140600,37200,26.45803698,11.13866483,878.4718154,7669,5124,1635,62,1213,42.69497781,28.52641366,9.1023978,0.345167378,6.753032741
2021,Satu Mare,229,281,510,411,90,75,165,134,219055,184656,330052,55.94754766,1.545211058,0.499921225,1.876241127,0.611718518,2.045132282,47942,4246,86504,38267,20476,11658,209093,22.92855332,2.030675345,41.37106455,18.30142568,9.792771638,5.575509462,199991,11537,571767,103683,65650,27489,4.171519753,2.717145549,6.60971747,2.709462461,3.206192616,2.357951621,123200,19200,15.58441558,10.14867303,913.6359687,7512,5140,1635,62,1135,35.92659726,24.58236287,7.819487023,0.296518774,5.428206587
2022,Satu Mare,287,322,609,498,99,106,205,151,218400,185473,330618,56.09888149,1.842004973,0.620050935,2.28021978,0.691391941,2.462055907,44397,4080,81132,36578,18386,9845,194418,22.83584853,2.09857112,41.73070395,18.81410157,9.456943287,5.063831538,174731,11070,223230,66552,57033,14883,3.935648805,2.713235294,2.751442094,1.819454317,3.101979767,1.511731844,125900,19300,15.32962669,11.10687021,572.2342561,7918,6275,1635,62,982,40.72668169,32.27581808,8.40971515,0.318900513,5.050972647
2012,Sibiu,229,300,529,416,107,101,208,176,276335,135116,399488,33.82229253,1.32419497,0.520666453,1.505419147,0.636908101,1.844861423,5749,1266,25815,766,182,396,34174,16.82273073,3.704570726,75.53988412,2.241470123,0.532568619,1.158775677,15115,2680,73004,847,178,223,2.629152896,2.116903633,2.827968236,1.105744125,0.978021978,0.563131313,184800,29200,15.8008658,8.75465194,848.7917644,2860,2523,949,103,314,83.68935448,73.82805642,27.76964944,3.013987242,9.188271786
2013,Sibiu,193,316,509,429,68,47,115,101,276160,135927,400317,33.95484079,1.271492342,0.287272337,1.553447277,0.365730012,1.558764679,6611,1299,23462,1173,482,313,33340,19.82903419,3.896220756,70.37192561,3.518296341,1.445710858,0.938812238,21286,2912,105935,1631,1312,372,3.219785206,2.241724403,4.515173472,1.390451833,2.721991701,1.188498403,185000,27700,14.97297297,8.706255042,997.7288451,2872,2531,949,116,321,86.14277145,75.91481704,28.46430714,3.479304139,9.628074385
2014,Sibiu,165,190,355,312,96,87,183,159,274825,136570,400303,34.11665663,0.886828228,0.457153706,1.135267898,0.578549986,1.343981934,6347,1604,23626,425,588,417,33007,19.2292544,4.859575242,71.57875602,1.287605659,1.781440301,1.263368376,23471,4442,117135,735,1398,571,3.697967544,2.769326683,4.957885381,1.729411765,2.37755102,1.369304556,182600,26600,14.56736035,9.387461787,946.5290141,3052,2611,949,125,328,92.46523465,79.10443239,28.75147696,3.787075469,9.93728603
2015,Sibiu,205,297,502,425,103,104,207,174,272944,137174,400210,34.27550536,1.254341471,0.517228455,1.557095961,0.637493405,1.771569926,5975,1421,26074,275,486,419,34650,17.24386724,4.101010101,75.24963925,0.793650794,1.402597403,1.209235209,21354,3561,90066,459,1074,790,3.573891213,2.505981703,3.454245609,1.669090909,2.209876543,1.885441527,186600,23300,12.48660236,9.09073075,955.2704199,4869,2684,1108,131,358,140.5194805,77.46031746,31.97691198,3.780663781,10.33189033
2016,Sibiu,309,396,705,623,106,109,215,171,270829,137957,399950,34.4935617,1.76272034,0.537567196,2.300344498,0.631394718,2.300287536,5903,1529,26182,615,763,499,35491,16.63238568,4.308134457,73.77081514,1.732833676,2.149840805,1.405990251,21022,4175,107282,1078,2194,949,3.561240047,2.730542838,4.097547934,1.752845528,2.875491481,1.901803607,190900,20100,10.52907281,8.577752155,1161.59979,5194,3082,1130,137,354,146.3469612,86.83891691,31.83905779,3.860133555,9.974359697
2017,Sibiu,305,384,689,584,112,138,250,204,268772,138710,399973,34.67984089,1.722616277,0.62504219,2.172845386,0.759007635,2.347658467,5493,1679,24823,387,523,645,33550,16.37257824,5.004470939,73.9880775,1.153502235,1.558867362,1.922503726,21100,5504,143662,822,1241,1128,3.841252503,3.278141751,5.787455183,2.124031008,2.372848948,1.748837209,192500,20500,10.64935065,8.415053658,939.3259325,5354,3136,1159,128,340,159.5827124,93.47242921,34.54545455,3.815201192,10.13412817
2018,Sibiu,358,445,803,667,139,153,292,245,267125,139433,400601,34.80595405,2.004488256,0.728904821,2.496958353,0.917173608,2.733393077,5486,1369,24104,584,508,445,32496,16.88207779,4.212826194,74.17528311,1.797144264,1.563269325,1.369399311,20520,4283,150754,1479,999,896,3.740430186,3.128560993,6.254314637,2.532534247,1.966535433,2.013483146,192700,20700,10.74208614,9.265809432,996.9748971,5338,3190,1165,135,353,164.2663712,98.16592811,35.85056622,4.154357459,10.86287543
2019,Sibiu,352,376,728,617,137,135,272,215,265473,139771,401266,34.83250512,1.814257874,0.67785459,2.324153492,0.809875204,2.492112464,4973,1371,25243,611,398,434,33030,15.05600969,4.150772025,76.42446261,1.849833485,1.204965183,1.313957009,16731,3484,137632,1454,742,639,3.364367585,2.541210795,5.452283801,2.379705401,1.864321608,1.47235023,193000,20500,10.62176166,9.509411356,892.5712423,5561,3195,1262,128,318,168.3620951,96.73024523,38.20768998,3.875264911,9.627611262
2020,Sibiu,278,324,602,513,86,97,183,142,263425,140350,400919,35.00707125,1.501550188,0.456451303,1.947423365,0.539052861,1.958001492,6427,1234,24777,794,1226,1928,36386,17.66338702,3.39141428,68.09487165,2.182157973,3.369427802,5.298741274,21234,3322,130656,1775,3686,2493,3.30387428,2.692058347,5.273277637,2.235516373,3.006525285,1.293049793,191100,19800,10.3610675,9.037244714,1025.729128,5621,3256,1317,129,258,154.4824933,89.48496675,36.19523993,3.545319628,7.090639257
2021,Sibiu,450,527,977,825,131,152,283,216,255593,141448,394693,35.83747368,2.475341595,0.71701297,3.227787928,0.845093567,3.192354564,6868,998,27324,1449,2012,1453,40104,17.12547377,2.488529822,68.13285458,3.613105925,5.016955915,3.623079992,26187,3589,151921,3029,5437,3363,3.812900408,3.596192385,5.559983897,2.090407177,2.702286282,2.314521679,180700,10200,5.644714997,8.047819718,996.2244239,5746,3320,1052,132,289,143.2774786,82.78475962,26.23179733,3.29144225,7.206263714
2022,Sibiu,556,602,1158,965,182,190,372,282,249140,142927,390264,36.62315766,2.967222188,0.95320091,3.873324235,1.131893714,3.920423098,6464,753,27477,2216,982,1374,39266,16.46207915,1.917689604,69.97657006,5.643559313,2.500891356,3.499210513,24541,2328,125709,5022,2547,2189,3.796565594,3.091633466,4.57506278,2.266245487,2.593686354,1.593158661,187100,10600,5.665419562,8.855197409,745.3058841,5986,3426,1115,130,301,152.44741,87.25105689,28.39606784,3.310752305,7.665664952
2012,Suceava,609,463,1072,800,382,216,598,546,411657,372027,632985,58.77343065,1.693563039,0.944730128,1.943365472,1.326346934,2.638293167,12953,5591,39637,1203,486,894,60764,21.31689816,9.201171746,65.23105786,1.979790666,0.79981568,1.471265881,31308,11720,135814,1817,803,1183,2.417046244,2.096226078,3.426444988,1.51039069,1.652263374,1.323266219,237900,110100,46.27994956,6.89011175,778.2080712,5143,3893,1039,216,601,84.63893095,64.06753999,17.09894016,3.554736357,9.890724771
2013,Suceava,368,392,760,577,544,275,819,750,412474,372316,632041,58.906938,1.202453638,1.295802013,1.39887605,1.818296426,2.498255651,14094,5953,37326,1754,1226,1369,61722,22.83464567,9.644859207,60.47438515,2.841774408,1.986325783,2.218009786,38646,13478,145381,3044,2373,1969,2.74201788,2.264068537,3.894898998,1.735461802,1.935562806,1.438276114,233600,104000,44.52054795,6.852005005,830.5166346,5152,3905,1049,219,607,83.4710476,63.26755452,16.99556074,3.54816759,9.834418846
2014,Suceava,108,145,253,209,1367,592,1959,1883,411590,372723,631587,59.01372258,0.400578226,3.101710453,0.507786875,4.574941082,3.502288679,15261,6099,36900,1329,1701,967,62257,24.51290618,9.796488748,59.27044348,2.134699712,2.732222883,1.553238993,49709,16549,151772,2572,4003,2221,3.25725706,2.713395639,4.113062331,1.935289691,2.353321576,2.296794209,230000,100100,43.52173913,7.30392826,997.8338644,4651,3114,901,56,328,74.70645871,50.01847182,14.47226818,0.899497245,5.268483865
2015,Suceava,169,176,345,288,993,499,1492,1386,409471,372678,630621,59.09698535,0.547079783,2.365921845,0.703346513,3.384855094,2.913001629,17246,5046,38120,1523,1148,2044,65127,26.48056873,7.747938643,58.53179173,2.338507839,1.762709782,3.138483271,46051,8658,89681,2693,2585,3165,2.670242375,1.715814507,2.352597062,1.768220617,2.25174216,1.548434442,222400,86500,38.89388489,7.755597201,745.7006382,6269,4136,1066,57,498,96.25808037,63.50668693,16.36801941,0.875213045,7.646598185
2016,Suceava,233,306,539,451,1048,652,1700,1580,406585,372400,629115,59.19426496,0.856759098,2.702208658,1.10923915,3.886026292,3.558967756,18183,5379,39181,3032,1698,1963,69436,26.1867043,7.746701999,56.42750158,4.36661098,2.445417363,2.827063771,58732,11958,123646,4108,4546,3159,3.230050047,2.223089794,3.155764273,1.354881266,2.677267373,1.609271523,217400,74300,34.17663293,7.238829642,928.7565042,7397,5124,1291,80,622,106.529754,73.79457342,18.59266087,1.1521401,8.957889279
2017,Suceava,233,297,530,428,3966,2108,6074,5539,403590,371995,627975,59.23723078,0.843982643,9.672359568,1.060482173,13.72432419,10.51634221,19065,4900,37563,3043,1542,2362,68475,27.8422782,7.155896313,54.85651698,4.443957649,2.251916758,3.4494341,76296,13362,203505,7490,3782,4678,4.001888277,2.726938776,5.417698267,2.461386789,2.452658885,1.980524979,217100,74800,34.45416859,7.244947491,752.9694944,7511,5159,1320,80,640,109.6896678,75.34136546,19.27710843,1.168309602,9.346476816
2018,Suceava,298,360,658,547,4220,2256,6476,6048,400609,371248,626799,59.22919469,1.049778318,10.33186077,1.365421146,15.09701479,11.38163909,24823,5584,40877,4782,3126,3331,82523,30.08009888,6.766598403,49.53406929,5.794748131,3.788034851,4.036450444,94329,15947,299892,13050,6871,8175,3.800064456,2.855838109,7.336448369,2.728983689,2.198016635,2.454217953,219700,75500,34.36504324,7.285166885,908.7257398,7609,5161,1325,24,683,92.20459751,62.54014032,16.05612981,0.290828012,8.276480496
2019,Suceava,311,380,691,553,2209,1621,3830,3443,397794,370172,625804,59.1514276,1.104179583,6.120127069,1.39016677,8.655233613,7.224306652,21307,4687,37759,5207,2763,3271,74994,28.41160626,6.24983332,50.34936128,6.943222124,3.684294744,4.361682268,80461,14266,213450,12022,6087,7460,3.776270709,3.043737999,5.652956911,2.308815057,2.203040174,2.28064812,220600,74700,33.86219402,7.939380993,806.7088053,7661,5191,1334,24,686,102.1548391,69.21887084,17.78808971,0.320025602,9.147398459
2020,Suceava,263,306,569,469,711,640,1351,1160,394642,369371,624143,59.18050831,0.911650055,2.164568056,1.188418871,2.9393729,3.07621811,20835,4595,37913,6161,2157,2613,74274,28.0515389,6.186552495,51.04478014,8.294961898,2.904111802,3.51805477,73536,12102,190890,17745,6704,4652,3.529445644,2.633732318,5.034948435,2.880214251,3.108020399,1.780329124,218100,71800,32.92067859,7.754473137,889.5922488,7686,5394,1345,18,678,103.4817029,72.62299055,18.10862482,0.242345908,9.128362549
2021,Suceava,476,568,1044,820,891,726,1617,1358,398213,379161,631842,60.00883132,1.652311812,2.5591841,2.059199474,3.410235226,4.211495912,21848,5312,39695,7334,2544,2619,79352,27.53301744,6.694223208,50.02394395,9.242363141,3.205968344,3.30048392,83648,13248,201601,14910,7162,6260,3.8286342,2.493975904,5.078750472,2.032997,2.815251572,2.390225277,181000,34900,19.28176796,6.428943981,862.7654502,7786,5513,1425,19,698,98.11977014,69.47524952,17.95795947,0.23943946,8.796249622
2022,Suceava,626,664,1290,1043,522,649,1171,987,403497,390083,641647,60.79401914,2.010451229,1.824991,2.584901499,2.446114841,3.835442229,19765,5283,45069,10018,2007,2982,85124,23.21906865,6.206240308,52.94511536,11.76871388,2.357736948,3.503124853,71691,14697,247382,20770,4676,4499,3.627169239,2.781942078,5.48896137,2.073268117,2.329845541,1.508718981,185500,35300,19.0296496,7.252826113,682.2724855,7678,5708,1498,19,647,90.19782905,67.05511959,17.59785724,0.223203797,7.60067666
2012,Teleorman,139,165,304,270,12,10,22,17,235164,254288,375168,67.779768,0.810303651,0.058640396,1.148134919,0.072289976,0.868944046,178898,26859,79726,85695,14931,1064,387173,46.20621789,6.937208948,20.59182846,22.13351654,3.856415607,0.274812551,432909,70455,121131,106650,24119,60,2.419864951,2.623143081,1.519341244,1.244530019,1.615364008,0.056390977,158300,88500,55.90650663,12.85167518,595.1407777,7518,6378,4447,139,1482,19.41767634,16.47325614,11.48582158,0.359012638,3.827746253
2013,Teleorman,168,160,328,290,17,17,34,32,231062,250764,369779,67.81455951,0.887016299,0.091946811,1.255074396,0.138490968,0.97896311,168513,27919,72886,90135,23758,265,383476,43.9435584,7.280507776,19.00666535,23.50473041,6.195433352,0.069104716,524572,81470,291936,183297,47165,520,3.112946776,2.918084459,4.005378262,2.033582959,1.985226029,1.962264151,154300,83800,54.30978613,12.81233635,659.6776318,7257,5924,4244,117,1473,18.92426123,15.44816364,11.06718543,0.30510384,3.841179109
2014,Teleorman,110,119,229,203,20,23,43,39,226461,246729,364484,67.69268336,0.628285467,0.117975,0.896401588,0.172215083,0.746260467,160126,34284,68751,87485,30758,633,382037,41.91374134,8.973999901,17.99590092,22.89961444,8.051052647,0.165690758,542534,110724,316258,196099,77972,1418,3.388169317,3.229611481,4.600049454,2.241515688,2.535015281,2.240126382,150100,80900,53.89740173,12.25471513,904.3051894,7258,5874,4277,117,1460,18.99815986,15.3754741,11.19525072,0.306253059,3.821619372
2015,Teleorman,122,144,266,240,24,45,69,64,221122,242485,358556,67.6282087,0.74186459,0.192438559,1.085373685,0.289432983,0.934303149,151074,29326,74784,82077,26535,896,364692,41.42509296,8.041306088,20.50607088,22.50584054,7.276002764,0.245686771,522410,99616,231463,144565,60385,874,3.457974238,3.396849212,3.095087184,1.761333869,2.275673639,0.975446429,140600,69600,49.50213371,13.16929677,589.2847582,7295,5888,4291,117,1497,20.00318077,16.14513069,11.76609303,0.320818663,4.104833668
2016,Teleorman,200,203,403,359,35,45,80,68,215912,238772,352558,67.72559409,1.143074331,0.226913019,1.662714439,0.314943125,1.36998735,160966,30176,72832,48448,32895,876,346193,46.49602967,8.716525175,21.03797593,13.99450595,9.501925227,0.253038045,580409,105870,263332,96575,86501,1176,3.605786315,3.508417285,3.615608524,1.993374339,2.629609363,1.342465753,132700,59900,45.13941221,12.64504502,684.4078001,7124,6053,4374,198,997,20.57811683,17.48446676,12.63457089,0.571935308,2.879896474
2017,Teleorman,175,204,379,326,61,69,130,122,209891,234003,345646,67.70019037,1.096497573,0.376107347,1.55318713,0.581254079,1.472604919,158153,25686,68423,57418,57159,868,367707,43.01060355,6.985453092,18.60802215,15.61515011,15.54471359,0.236057513,807624,113777,423773,174459,161232,1200,5.106599306,4.429533598,6.19342911,3.038402592,2.820763134,1.382488479,132400,60400,45.61933535,12.07276732,794.0734784,6894,5812,4328,210,1028,18.74862322,15.80606298,11.77024098,0.571106887,2.795704188
2018,Teleorman,224,226,450,389,58,71,129,110,203572,227973,337930,67.46160447,1.33163673,0.381735862,1.910871829,0.54034936,1.713372592,163385,23071,65749,63568,59166,2055,376994,43.33888603,6.119726043,17.44033062,16.86180682,15.69414898,0.545101514,781749,103871,494914,228300,142477,5393,4.784704838,4.50223224,7.527323609,3.59142965,2.408089105,2.6243309,132400,60700,45.84592145,12.56271999,706.5936521,6429,5632,2675,210,1242,17.0533218,14.9392298,7.095603644,0.557038043,3.29448214
2019,Teleorman,193,222,415,371,90,69,159,145,198613,223103,331743,67.25175814,1.25096837,0.479286677,1.867954263,0.730062987,1.730255047,163766,26002,74890,88123,27599,1134,381514,42.92529239,6.815477283,19.62968594,23.09823493,7.234072668,0.297236799,823526,118128,565361,233509,58192,2264,5.028675061,4.543035151,7.549218854,2.649807655,2.108482191,1.996472663,131600,60300,45.82066869,13.54696219,569.7946247,6477,5632,2675,210,1209,16.97709652,14.76223677,7.01153824,0.550438516,3.168953171
2020,Teleorman,162,171,333,272,54,66,120,100,194471,220424,326829,67.44321954,1.018881433,0.367164481,1.398666125,0.514215487,1.386045914,169263,26645,76194,85182,19112,1429,377825,44.79931185,7.052206709,20.16647919,22.5453583,5.05842652,0.378217429,711853,112504,309939,186789,52392,1791,4.205603115,4.222330644,4.067761241,2.192822427,2.741314357,1.253324003,130300,58000,44.51266309,13.58319025,605.669319,6505,5232,2701,210,1228,17.21696553,13.8476808,7.148812281,0.555812876,3.250181963
2021,Teleorman,198,233,431,352,57,93,150,122,194222,218786,323413,67.64910501,1.332661334,0.463803248,1.812359053,0.628147172,1.796464582,157081,24046,67961,79853,29164,198,358303,43.84026927,6.711079729,18.96746608,22.28644471,8.139479714,0.055260492,776283,115120,288776,179998,98062,153,4.94192805,4.787490643,4.249142891,2.25411694,3.362433137,0.772727273,99800,29000,29.05811623,12.42465847,751.4383392,6574,5218,2684,210,1245,18.34759966,14.56309325,7.490866669,0.586096125,3.474712743
2022,Teleorman,255,266,521,436,110,107,217,179,194576,216368,320248,67.56263895,1.62686418,0.67759986,2.240769674,0.919949017,2.30446404,160051,25752,61217,80812,41792,63,369687,43.29365112,6.965892769,16.55914328,21.8595731,11.3046983,0.017041443,699248,114645,163881,173934,122864,137,4.368907411,4.451887232,2.677050493,2.152328862,2.939892802,2.174603175,101400,29300,28.89546351,13.38784019,357.7466582,6463,5201,2664,225,1230,17.4823567,14.06865808,7.206095968,0.60862297,3.327138904
2012,Timis,416,593,1009,724,171,156,327,285,500807,263942,688343,38.34454625,1.465838979,0.475053861,1.445666694,0.569081502,1.94089284,111042,14410,193852,30513,2100,3000,354917,31.28675155,4.060104193,54.61896725,8.597221322,0.591687634,0.845268049,457997,53545,522345,58570,4186,4842,4.124538463,3.715822346,2.69455564,1.919509717,1.993333333,1.614,334200,75400,22.56134051,12.07414534,684.014079,10530,8431,5448,62,1411,29.66890851,23.75484973,15.35006776,0.17468873,3.975577389
2013,Timis,428,534,962,727,136,121,257,208,502103,267373,692072,38.63369707,1.390028783,0.371348646,1.44791009,0.414257632,1.761377429,141064,34644,169352,44748,6308,4181,400297,35.23983442,8.654573979,42.30658736,11.17869982,1.575829946,1.044474478,627736,148183,748248,125325,17170,4747,4.450008507,4.277306316,4.418300345,2.800683829,2.721940393,1.135374312,334400,71200,21.29186603,12.21813367,836.3573176,10541,8431,5448,62,1411,26.33294779,21.06186157,13.60989465,0.154884998,3.524882775
2014,Timis,262,337,599,531,172,129,301,258,501100,270151,694564,38.89504783,0.862411527,0.433365392,1.059668729,0.514867292,1.295776919,146559,24978,179064,37387,9472,4665,402125,36.44612993,6.211501399,44.52943736,9.297357787,2.355486478,1.160087038,582080,95866,801549,125556,27804,11283,3.97164282,3.838017455,4.4763269,3.358279616,2.935388514,2.418649518,336200,68600,20.40452112,12.61156373,920.9799271,10592,8431,5448,62,1433,26.34006839,20.9661175,13.54802611,0.154180914,3.563568542
2015,Timis,343,496,839,715,182,203,385,325,498598,273110,696336,39.22100825,1.204878105,0.552894005,1.434020995,0.651827725,1.75777211,138938,20072,175000,46000,10051,7591,397652,34.93959543,5.047629586,44.00832889,11.56790359,2.527586935,1.908955569,657714,94062,700009,101200,20115,10064,4.733866905,4.686229574,4.000051429,2.2,2.001293404,1.32578053,341200,60000,17.58499414,12.60524339,654.5355859,9767,8431,5448,62,1433,24.56167704,21.20195548,13.70042147,0.155915222,3.603653446
2016,Timis,568,755,1323,1144,232,265,497,417,495439,277073,697593,39.71843181,1.896521324,0.71244981,2.309063275,0.841677785,2.608971134,142909,16552,174787,46785,8887,3451,393371,36.32931762,4.207732649,44.43311785,11.89335259,2.259190433,0.87728887,660891,69422,1136174,139780,29030,8952,4.624558285,4.19417593,6.500334693,2.987709736,3.266569146,2.594030716,344100,51900,15.08282476,11.868631,931.0878181,10591,8431,5448,62,1432,26.9236929,21.43269331,13.84952119,0.157612025,3.640329358
2017,Timis,546,739,1285,1046,255,248,503,416,493026,281538,699991,40.2202314,1.835737888,0.718580667,2.121591965,0.843768888,2.554318556,127280,18048,167519,73451,25213,25047,436558,29.15534706,4.134158577,38.372679,16.82502669,5.775406704,5.737381974,686736,75005,871372,161889,80316,40364,5.395474544,4.155862145,5.20163086,2.204040789,3.185499544,1.611530323,346300,52600,15.18914236,12.13007403,591.6316521,10600,8444,5448,62,1440,24.28085157,19.34221799,12.47944145,0.142020075,3.298530779
2018,Timis,630,777,1407,1145,292,294,586,468,491512,286079,703493,40.66550769,2.000019901,0.832986256,2.329546379,0.952163935,2.833006156,137098,5658,159767,80368,27339,31062,441292,31.06741115,1.282144249,36.20437261,18.21197756,6.195217679,7.038876753,702361,33191,1505730,204816,80251,55336,5.123057959,5.86620714,9.424536982,2.548477006,2.935403636,1.781469319,348900,52700,15.1046145,12.77580123,761.6118478,10625,8444,5448,62,1440,24.07702836,19.13472259,12.34556711,0.140496542,3.263145491
2019,Timis,608,819,1427,1183,264,303,567,451,488663,288478,706042,40.85847584,2.021126222,0.803068373,2.420891289,0.922926434,2.824194595,133604,13601,165643,78242,16312,21200,428602,31.17204306,3.173340302,38.64727649,18.25516446,3.805861849,4.94631383,735018,70148,1726089,276105,43551,59352,5.501467022,5.157561944,10.42053694,3.52885918,2.669874939,2.799622642,347800,52400,15.06612996,12.98214274,690.5117982,11088,8444,5491,62,1467,25.8701546,19.70126131,12.81141945,0.144656348,3.422755843
2020,Timis,507,571,1078,856,209,191,400,340,484159,293044,706647,41.46964467,1.525514153,0.566053489,1.768014227,0.702248641,2.091567643,131524,14388,111718,43099,24784,20663,346176,37.99339065,4.156267332,32.27202348,12.45002542,7.159364023,5.9689291,620978,68811,742329,121862,76933,45140,4.721404459,4.782527106,6.644667824,2.827490197,3.104139768,2.184581135,346700,50500,14.56590712,12.31122296,803.8772463,11133,8457,5505,73,1476,32.15994176,24.42976983,15.90231559,0.210875393,4.263727121
2021,Timis,783,894,1677,1344,338,355,693,556,455066,301868,679468,44.42711062,2.468107402,1.019915581,2.953417746,1.221800794,3.488022983,111530,12679,117658,28308,33525,17674,321374,34.70411421,3.945247593,36.61092683,8.808428809,10.43177108,5.499511473,616798,71178,696561,69667,104208,30675,5.530332646,5.613849673,5.92021792,2.46103575,3.10836689,1.735600317,324600,26700,8.225508318,11.79845594,774.3369,5328,2536,1247,15,669,16.57881471,7.891117514,3.88021433,0.046674591,2.081686757
2022,Timis,1087,1222,2309,1835,405,397,802,644,429066,310865,655478,47.42569545,3.522620134,1.223534581,4.276731319,1.500934588,4.746154715,135334,13829,107667,30483,38708,16407,342428,39.52188489,4.038513206,31.44223019,8.902017358,11.30398215,4.791372201,742402,71282,247239,62236,120627,19878,5.485702041,5.154530335,2.296330352,2.041662566,3.116332541,1.211556043,333700,26900,8.061132754,12.56933082,505.9246484,5574,2551,1338,17,746,16.27787447,7.449741259,3.907390751,0.049645473,2.178560164
2012,Tulcea,67,81,148,115,24,20,44,41,143409,112543,211117,53.30835508,0.701033076,0.208415239,0.801902252,0.285895585,0.909448315,91405,23112,60914,57678,6510,1904,241523,37.84525697,9.569274976,25.22078643,23.88095544,2.69539547,0.788330718,112178,25217,80371,51489,5509,2300,1.227263279,1.091078228,1.319417539,0.892697389,0.846236559,1.207983193,84400,31600,37.44075829,12.87188886,608.0243414,2683,2024,1183,117,424,11.10867288,8.380154271,4.89808424,0.484425914,1.755526389
2013,Tulcea,85,98,183,151,16,14,30,28,142078,111655,209257,53.35783271,0.874522716,0.14336438,1.062796492,0.197074846,1.017887096,88659,24012,60707,56871,9643,1674,241566,36.70177094,9.940140583,25.13060613,23.54263431,3.991869717,0.692978316,263296,63134,268973,80846,17324,3406,2.969760543,2.629268699,4.43067521,1.42156811,1.796536348,2.034647551,82900,29900,36.06755127,12.7989403,539.6586078,2679,2024,1183,117,416,11.09013686,8.37866256,4.897212356,0.484339684,1.722096653
2014,Tulcea,72,75,147,132,17,22,39,37,139668,110596,207198,53.3769631,0.709466308,0.188225755,0.945098376,0.264913939,0.897692063,81052,20380,48120,55377,18487,894,224310,36.1339218,9.085640408,21.45245419,24.68770897,8.24171905,0.39855557,296435,66056,225648,101419,38432,1864,3.657343434,3.241216879,4.689276808,1.83142821,2.07886623,2.085011186,82500,29100,35.27272727,12.62341089,676.605159,2683,2026,1190,118,422,11.96112523,9.032143016,5.30515804,0.526057688,1.881324952
2015,Tulcea,59,101,160,151,16,22,38,35,136596,109292,204708,53.38921781,0.78160111,0.185630264,1.105449647,0.256230051,0.967231373,79294,20157,51226,51130,14165,3787,219759,36.08225374,9.172320588,23.31008059,23.26639637,6.445697332,1.72325138,294902,68098,157101,78800,34324,9144,3.719096022,3.378379719,3.066821536,1.541169568,2.423155665,2.414576182,80900,25600,31.64400494,12.78645503,568.4097536,2612,1945,1155,112,368,11.88574757,8.850604526,5.255757443,0.509649207,1.674561679
2016,Tulcea,133,152,285,248,35,24,59,54,133753,108093,202049,53.4984088,1.410548926,0.292008374,1.854164019,0.403729262,1.7025573,88351,24999,50360,57670,22696,3239,247315,35.72407658,10.10816166,20.36269535,23.31844005,9.176960556,1.309665811,359148,90422,162751,104335,63319,6696,4.065013412,3.617024681,3.23175139,1.80917288,2.789874868,2.067304724,79600,22400,28.14070352,12.49993841,620.0652387,2820,1945,1155,112,638,11.40246245,7.864464347,4.670157491,0.452863757,2.579706043
2017,Tulcea,124,166,290,253,35,24,59,53,130931,106775,199321,53.569368,1.45493952,0.296004937,1.932315494,0.404793364,1.750944456,83979,23218,43314,51884,25161,4201,231757,36.2357987,10.01825188,18.68940312,22.38724181,10.85663,1.812674482,395241,98227,274807,143812,61930,11829,4.706426607,4.230640021,6.344530637,2.771798628,2.461348913,2.815758153,80500,22600,28.07453416,12.20826405,538.8228635,3047,2300,1203,140,721,13.14739145,9.924187835,5.190781724,0.604080999,3.111017143
2018,Tulcea,146,158,304,257,40,38,78,69,127901,105033,196188,53.53691357,1.54953412,0.397577834,2.009366619,0.539479754,1.947111954,84559,23085,48758,52394,27773,3829,240398,35.17458548,9.602825315,20.28219869,21.79469047,11.55292473,1.592775314,388001,91773,430068,180811,61999,11679,4.588523989,3.975438596,8.820460232,3.450986754,2.232347964,3.050143641,79100,22500,28.44500632,12.46240344,532.7796752,3031,2284,1203,140,531,12.60825797,9.500910989,5.004201366,0.582367574,2.208837012
2019,Tulcea,145,168,313,280,36,68,104,95,125030,103161,193397,53.341572,1.618432551,0.537753947,2.239462529,0.759817644,2.156186497,88582,23904,51065,58931,10317,3724,236523,37.45174888,10.10641671,21.58986652,24.91554733,4.361943659,1.574476901,328759,81487,182465,127084,15148,8254,3.711352193,3.408927376,3.573191031,2.156488096,1.468256276,2.216433942,79900,22300,27.90988736,13.56057877,344.0806089,2943,2277,1206,140,532,12.44276455,9.626970739,5.098869877,0.591908609,2.249252715
2020,Tulcea,101,145,246,214,23,29,52,39,122397,102037,191063,53.40489786,1.287533431,0.272161538,1.748408866,0.318635261,1.55969497,85888,22169,46256,50963,16371,2960,224607,38.23923564,9.870128714,20.59419341,22.68985383,7.288730983,1.317857413,135764,35353,59948,59712,20091,4106,1.580709762,1.594704317,1.296004843,1.171673567,1.227231079,1.387162162,80200,21400,26.68329177,13.6751797,430.695013,2916,2186,1161,119,511,12.98267641,9.732555085,5.16902857,0.529814298,2.275084926
2021,Tulcea,176,202,378,320,33,42,75,61,121936,102603,191265,53.64442005,1.976315583,0.392126108,2.624327516,0.500262433,2.368441691,76732,20552,36977,44848,9754,4113,192976,39.76245751,10.65002902,19.16145013,23.24019567,5.054514551,2.131353122,363564,84700,152351,109343,24718,10347,4.738101444,4.121253406,4.120155773,2.438079736,2.53413984,2.515681984,70200,11400,16.23931624,12.2006737,641.9276703,2986,2195,1170,124,618,15.47342675,11.37447144,6.062930105,0.642566951,3.202470774
2022,Tulcea,207,249,456,396,46,55,101,86,121981,102943,191877,53.65051569,2.37652246,0.526378878,3.246407227,0.705027832,2.902901338,76719,17190,36197,40859,12799,4437,188201,40.76439551,9.133851574,19.23316029,21.7102991,6.800707754,2.357585773,246493,52881,100710,76134,20924,7694,3.212932911,3.076265271,2.782274774,1.863334883,1.63481522,1.734054541,70700,11700,16.54879774,13.1340365,267.9304947,3092,1927,1050,47,626,16.4292432,10.23905293,5.57914145,0.249732998,3.326230998
2012,Valcea,63,92,155,104,47,26,73,52,243698,205053,368828,55.59583329,0.420250089,0.197924236,0.426757708,0.213378854,0.618174325,10259,137,48004,147,0,0,58547,17.52267409,0.234000034,81.99224555,0.251080329,0,0,25317,301,59656,121,0,0,2.467784384,2.197080292,1.242729773,0.823129252,,,170600,59200,34.7010551,9.439594397,853.3199319,2844,2653,733,43,160,48.57635746,45.31402121,12.51985584,0.734452662,2.732847114
2013,Valcea,51,64,115,99,40,27,67,60,241247,203445,366604,55.49448451,0.313689976,0.182758508,0.410367797,0.248707756,0.496448484,11599,251,44446,132,0,0,56428,20.55539803,0.444814631,78.76586092,0.23392642,0,0,37505,906,229116,211,0,0,3.233468402,3.609561753,5.154929577,1.598484848,,,166100,56000,33.71462974,9.205070581,1042.835649,3842,2393,775,35,265,68.08676544,42.40802439,13.7343163,0.620259446,4.696250089
2014,Valcea,36,62,98,86,27,14,41,39,238572,201980,364535,55.40757403,0.26883564,0.112472053,0.360478178,0.163472662,0.381307693,12572,272,45826,312,50,0,59032,21.2969237,0.460767042,77.62908253,0.528526901,0.084699824,0,41170,836,193018,302,75,0,3.274737512,3.073529412,4.211975734,0.967948718,1.5,,161100,54000,33.51955307,9.317836119,1168.313136,3893,2483,1461,7,244,65.94728283,42.06193251,24.74928852,0.118579753,4.133351403
2015,Valcea,45,79,124,107,36,44,80,72,234945,200203,361643,55.35929079,0.34287958,0.221212632,0.455425738,0.306454702,0.564092212,9152,321,48379,51,0,0,57903,15.80574409,0.554375421,83.55180215,0.088078338,0,0,30212,1064,128064,35,0,0,3.301136364,3.314641745,2.647098948,0.68627451,,,157900,46500,29.44901837,9.594291087,1000.595492,4028,2508,1461,7,251,69.56461669,43.31381794,25.23185327,0.120891836,4.334835846
2016,Valcea,108,152,260,216,51,55,106,94,231162,198697,358331,55.45068666,0.72558612,0.29581588,0.934409635,0.40664123,1.021402,9672,411,45144,1294,201,20,56742,17.04557471,0.724331183,79.5601142,2.280497691,0.354234958,0.03524726,30122,1422,167753,1165,392,20,3.114350703,3.459854015,3.715953394,0.900309119,1.950248756,1,154400,39800,25.77720207,9.067432189,1130.664972,4337,2755,1481,12,271,76.43368228,48.5531,26.10059568,0.211483557,4.776003666
2017,Valcea,93,135,228,199,54,46,100,90,227263,196752,355002,55.42278635,0.642249903,0.281688554,0.875637477,0.39601695,0.923938457,10236,412,39788,1171,751,30,52388,19.53882569,0.786439643,75.94869054,2.235244713,1.433534397,0.057265023,41233,1630,245578,3158,1951,60,4.028233685,3.95631068,6.172162461,2.696840307,2.597869507,2,153400,40300,26.27118644,9.057485516,942.6240959,4718,2849,1487,12,353,90.05879209,54.38268306,28.38436283,0.22906009,6.738184317
2018,Valcea,100,146,246,215,42,71,113,90,222999,194282,351727,55.23658974,0.699406073,0.321271896,0.964129884,0.403589254,1.020677969,10281,395,42100,1531,751,0,55058,18.67303571,0.717425261,76.46481892,2.780703985,1.364016128,0,38955,1541,288765,4501,1953,0,3.789028305,3.901265823,6.859026128,2.939908556,2.600532623,,154600,40800,26.39068564,9.349296656,1035.705725,5040,3001,1323,8,317,91.53983072,54.50615714,24.02920557,0.145301319,5.75756475
2019,Valcea,114,158,272,231,51,58,109,97,219269,192353,349389,55.05410874,0.778501899,0.311973187,1.053500495,0.442378996,1.090475087,9961,430,41981,1550,751,0,54673,18.2192307,0.786494248,76.7856163,2.835037404,1.373621349,0,47750,1693,261392,5114,1802,0,4.793695412,3.937209302,6.226435769,3.299354839,2.399467377,,156700,40300,25.71793235,9.795272999,970.5139483,5486,3302,1202,6,308,100.3420335,60.39544199,21.98525781,0.109743383,5.633493681
2020,Valcea,81,104,185,160,28,34,62,53,215966,192002,347370,55.27305179,0.532573337,0.178484037,0.740857357,0.245409,0.711057374,9112,415,42027,1556,751,0,53861,16.91762128,0.770501847,78.02862925,2.88891777,1.394329849,0,32733,1561,173424,3442,1727,0,3.592295874,3.761445783,4.126490113,2.212082262,2.299600533,,156300,39100,25.01599488,9.736912417,989.660795,5470,3233,1240,3,315,101.5577134,60.02487885,23.02222387,0.055698929,5.848387516
2021,Valcea,151,171,322,280,48,56,104,93,216167,190408,343932,55.36210646,0.936231581,0.302385355,1.295294841,0.430222929,1.238616936,8704,402,41458,1132,148,2,51846,16.78818038,0.775373221,79.96373876,2.183389268,0.285460788,0.003857578,34199,1520,170798,2778,146,3,3.929113051,3.781094527,4.119783878,2.454063604,0.986486486,1.5,134200,19100,14.23248882,8.767975196,989.8669282,5912,3279,1198,3,306,114.030012,63.24499479,23.10689349,0.057863673,5.902094665
2022,Valcea,185,239,424,368,47,58,105,95,217244,187997,341376,55.0703623,1.242032246,0.30757874,1.693947819,0.437296312,1.549610986,7975,695,40411,1170,379,0,50630,15.75153071,1.37270393,79.81631444,2.310882876,0.748568043,0,25812,2563,149291,2237,428,0,3.23661442,3.687769784,3.694315904,1.911965812,1.129287599,,138400,19500,14.08959538,9.413766239,746.916838,6486,3524,1260,3,362,128.1058661,69.60300217,24.88643097,0.059253407,7.14991112
2012,Vaslui,101,138,239,179,1793,1008,2801,2761,248470,240243,392306,61.23867593,0.609218314,7.139834721,0.720408902,11.11200547,7.749053035,74566,3642,111909,62674,2390,107,255288,29.20858011,1.426624048,43.83637304,24.5503118,0.936197549,0.041913447,148100,5275,136153,70534,3253,148,1.986159912,1.448380011,1.216640306,1.125410856,1.361087866,1.38317757,142800,70600,49.43977591,10.96403246,581.5384678,3543,2944,1541,62,523,13.87844317,11.53207358,6.036319764,0.242862963,2.048666604
2013,Vaslui,114,184,298,238,3130,2309,5439,5397,248460,238037,390174,61.00790929,0.763761809,13.93993449,0.957900668,21.72180633,14.7036963,45496,4461,79161,30741,6725,50,166634,27.30295138,2.677124716,47.50591116,18.44821585,4.035791015,0.030005881,147416,9098,266915,56897,13158,61,3.24019694,2.039453037,3.371799245,1.850850655,1.956579926,1.22,139100,67000,48.16678648,10.92322326,681.0852515,3543,2904,1547,62,524,21.26216738,17.42741577,9.283819629,0.372072926,3.144616345
2014,Vaslui,111,149,260,199,4107,3377,7484,7399,248238,235798,389992,60.46226589,0.666680342,19.19013723,0.801650029,29.8060732,19.85681758,44591,6081,80055,32719,11196,122,174764,25.5149802,3.479549564,45.80748896,18.72181914,6.406353711,0.069808427,148776,16027,332325,63263,30484,196,3.33645803,2.635586252,4.151208544,1.933524863,2.722758128,1.606557377,135200,64700,47.85502959,10.76915269,653.1919852,3556,2906,1621,69,521,20.34743998,16.62813852,9.275365636,0.394818155,2.981163169
2015,Vaslui,141,170,311,254,2073,1433,3506,3402,246361,233142,388872,59.95340369,0.799749018,9.015820116,1.031007343,13.80900386,9.815569133,51409,5847,92664,41077,2812,391,194200,26.47219361,3.010813594,47.71575695,21.15190525,1.447991761,0.201338826,143977,11334,245338,59835,4972,369,2.800618569,1.938429964,2.647608564,1.456654576,1.768136558,0.943734015,130300,56300,43.20798158,11.70523174,497.3016723,3564,2906,1621,69,521,18.35221421,14.96395469,8.347064882,0.355303811,2.682801236
2016,Vaslui,233,294,527,455,3535,2378,5913,5709,243245,230304,385828,59.6908467,1.365893611,15.32548182,1.870542046,23.47016383,16.69137543,45675,5564,92197,44440,8541,933,197350,23.14416012,2.819356473,46.71750697,22.51836838,4.327843932,0.472764125,167527,14434,235456,54159,19761,892,3.667805145,2.594176851,2.553835808,1.21869937,2.313663505,0.956055734,123000,48400,39.3495935,11.29248527,703.2655068,3690,3027,1664,66,450,18.69774512,15.33823157,8.431720294,0.334431214,2.28021282
2017,Vaslui,239,305,544,435,5354,4169,9523,9002,239737,226882,382062,59.38355555,1.423852673,24.92527391,1.814488377,37.54948131,26.34912658,35126,6574,79357,38013,13850,712,173632,20.23014191,3.786168448,45.70413288,21.89285385,7.976640251,0.410062661,142353,18040,417976,122156,31185,956,4.052639071,2.744143596,5.267033784,3.213532213,2.251624549,1.342696629,123400,48800,39.54619125,10.82626789,602.9187973,3796,3076,1701,82,480,21.86232952,17.71562846,9.796581275,0.472263177,2.764467379
2018,Vaslui,352,403,755,604,6213,4743,10956,10088,235606,222900,377245,59.0862702,2.001351907,29.04213442,2.563601946,42.81724574,31.04348633,37066,6218,82162,37941,15382,342,179111,20.69442971,3.471590243,45.87211282,21.18295359,8.587970588,0.190943046,139820,20218,504729,148580,25520,522,3.772190147,3.251527822,6.143095348,3.91608023,1.659082044,1.526315789,123100,49400,40.12997563,10.93093838,552.2535026,3794,3121,1744,82,476,21.18239527,17.42494877,9.736978745,0.457816661,2.657569887
2019,Vaslui,421,490,911,711,6575,5913,12488,10776,231945,219430,373812,58.70063026,2.43705392,33.40716724,3.065381879,46.45928992,35.84422116,36687,6148,82687,50806,11856,620,188804,19.43126205,3.256286943,43.79515265,26.90938751,6.279527976,0.328382873,141878,16263,353625,113778,17961,614,3.867255431,2.645250488,4.276669851,2.239459906,1.51492915,0.990322581,123500,49000,39.67611336,11.77687741,505.0026692,3885,3117,1734,84,473,20.57689456,16.50918413,9.184127455,0.444905828,2.505243533
2020,Vaslui,428,441,869,697,2005,1836,3841,2806,228395,216958,371336,58.42633087,2.340198634,10.34373182,3.051730555,12.28573305,12.68393046,40867,5613,82589,51202,10898,2092,193261,21.14601497,2.904362494,42.73443685,26.4937054,5.639006318,1.08247396,97958,6952,152675,78239,14297,1688,2.396995131,1.238553358,1.848611801,1.528045779,1.31189209,0.806883365,121400,47300,38.96210873,12.26056937,486.0446957,4128,3264,1810,67,518,21.35971562,16.88907747,9.365572982,0.346681431,2.680313152
2021,Vaslui,751,758,1509,1128,3246,3005,6251,5036,229244,217209,371205,58.51456742,4.065139209,16.83975162,4.920521366,21.96785957,20.90489083,61338,6319,90501,48143,10822,1041,218164,28.1155461,2.896444876,41.48301278,22.06734383,4.96048844,0.477163968,268673,18849,462847,105193,24672,1934,4.380204767,2.982908688,5.11427498,2.18501132,2.279800407,1.857829011,96800,23700,24.48347107,10.4328483,623.0698266,4218,3101,1862,60,553,19.33407895,14.21407748,8.534863681,0.27502246,2.534790341
2022,Vaslui,1263,1257,2520,1925,5925,4274,10199,9105,231737,217590,372269,58.44966946,6.769298545,27.3968555,8.306830588,39.29022987,34.16615404,63224,6862,89192,47089,8064,905,215336,29.36062711,3.186647843,41.4199205,21.86768585,3.744845265,0.420273433,171259,14520,146966,56328,13941,1534,2.708765659,2.116001166,1.647748677,1.196202935,1.728794643,1.695027624,99400,24000,24.14486922,11.53759491,349.7864848,4252,3216,1825,80,533,19.7458855,14.93479957,8.475127243,0.371512427,2.475201545
2012,Vrancea,63,98,161,113,65,51,116,99,218495,215969,338483,63.80497691,0.475651658,0.342705542,0.517174306,0.453099613,0.8183572,21694,2437,64353,10786,1085,9,100364,21.61532023,2.428161492,64.11960464,10.74688135,1.081064924,0.008967359,43880,5758,75499,10437,1521,17,2.022679082,2.362741075,1.173200939,0.967643241,1.401843318,1.888888889,145500,65700,45.15463918,10.02288455,729.4639724,3422,2459,1042,518,274,34.09589096,24.50081703,10.38220876,5.161213184,2.730062572
2013,Vrancea,86,92,178,138,61,67,128,119,217633,214679,336557,63.78681769,0.528885152,0.380321907,0.634095013,0.546792077,0.909207059,28830,4017,56643,14595,3159,0,107244,26.8826228,3.745664093,52.81694081,13.60915296,2.945619335,0,92527,11636,203139,34548,5369,0,3.209399931,2.896689071,3.586303692,2.367112025,1.699588477,,141900,62100,43.76321353,10.03386143,806.4528649,3422,2459,1042,518,274,31.908545,22.92902167,9.716161277,4.830107046,2.554921487
2014,Vrancea,64,107,171,153,64,92,156,138,215732,213481,334823,63.75935942,0.510717603,0.465917813,0.709213283,0.639682569,0.976635416,26106,3526,57021,13424,3848,25,103950,25.11399711,3.392015392,54.85425685,12.91390091,3.701779702,0.024050024,80113,8897,218281,22922,9159,52,3.06875814,2.523255814,3.828080882,1.707538737,2.380197505,2.08,137800,59900,43.46879536,9.836953299,923.2855349,4698,3006,1087,518,301,45.19480519,28.91774892,10.45695046,4.983164983,2.895622896
2015,Vrancea,95,117,212,179,98,109,207,180,212913,211974,332467,63.7579068,0.637657271,0.622618185,0.840718979,0.845415733,1.260275456,26762,3098,56702,13738,2649,26,102975,25.98883224,3.008497208,55.06385045,13.34110221,2.572469046,0.025248847,80569,6131,160128,18091,6471,52,3.010574695,1.979018722,2.824027371,1.316858349,2.442808607,2,134400,52000,38.69047619,10.60200428,713.0448344,4756,3056,1110,560,302,46.18596747,29.67710609,10.77931537,5.438213159,2.932750668
2016,Vrancea,138,194,332,280,78,70,148,142,209793,210365,329602,63.82394524,1.007275441,0.449026402,1.334648916,0.676857664,1.456301843,24856,3407,57546,14590,3506,143,104048,23.88897432,3.274450254,55.30716592,14.02237429,3.369598647,0.137436568,85497,7518,205916,19716,8275,192,3.43969263,2.206633402,3.578285198,1.351336532,2.360239589,1.342657343,130900,44900,34.30099312,10.30913289,861.1786774,5425,2860,1020,329,294,52.1393972,27.48731355,9.803167769,3.162002153,2.825618945
2017,Vrancea,132,184,316,258,82,125,207,186,206354,208331,326345,63.83765647,0.968300418,0.634298059,1.250278647,0.901363676,1.602598477,23776,3840,54522,6940,3518,200,92796,25.62179404,4.138109401,58.7546877,7.478770637,3.791111686,0.215526531,106350,9338,317381,17119,8525,329,4.472997981,2.431770833,5.821154763,2.466714697,2.423251848,1.645,130400,45400,34.81595092,9.893755958,788.4080433,5640,3275,1141,356,331,60.77848183,35.2924695,12.29578861,3.836372257,3.566964093
2018,Vrancea,185,228,413,325,128,105,233,198,202946,205722,322690,63.752208,1.279866125,0.722055223,1.601411213,0.975628985,2.001921349,23690,3745,54561,7236,1906,139,91277,25.95396431,4.102895582,59.77518981,7.927517337,2.08814926,0.152283708,106837,10629,381769,15891,3421,174,4.509793162,2.838184246,6.997104159,2.196102819,1.794858342,1.251798561,130400,45800,35.12269939,10.11243911,680.8953802,5812,3387,1177,373,345,63.67431007,37.10682866,12.89481468,4.086462088,3.77970354
2019,Vrancea,167,217,384,323,97,123,220,183,199849,202905,319360,63.53488226,1.20240481,0.688877756,1.616220246,0.915691347,1.891282565,24614,4157,54707,7805,890,139,92312,26.66392235,4.503206517,59.26315105,8.455022099,0.964121674,0.150576306,103193,14693,268803,19780,1237,169,4.19245145,3.534520087,4.913502842,2.534272902,1.38988764,1.215827338,131400,45600,34.70319635,10.83639236,656.2160547,5878,3439,1236,377,352,63.67536182,37.25409481,13.38937516,4.083976081,3.813155386
2020,Vrancea,120,142,262,228,78,63,141,116,196682,200737,316244,63.47535447,0.828474216,0.445858261,1.159231653,0.589784525,1.274332477,24848,3222,55533,6841,1264,47,91755,27.08081303,3.511525257,60.52313225,7.455724484,1.377581603,0.051223367,31425,5177,81659,7255,1986,54,1.264689311,1.606765984,1.470459006,1.060517468,1.571202532,1.14893617,130700,43800,33.51185922,11.1998182,654.6035304,5886,3447,1242,377,352,64.14909269,37.56743502,13.53604708,4.108767915,3.836303199
2021,Vrancea,219,231,450,381,83,82,165,131,203151,212269,324380,65.43837475,1.387261853,0.50866268,1.87545225,0.644840537,1.895924533,26392,3268,28878,5998,2239,59,66834,39.4888829,4.889726786,43.20854655,8.97447407,3.350091271,0.088278421,116395,13882,165954,15139,3332,103,4.410237951,4.247858017,5.746727613,2.524008003,1.488164359,1.745762712,108000,21800,20.18518519,9.767447335,727.8102059,5970,3530,1247,382,356,89.32579226,52.81742826,18.658168,5.715653709,5.326630158
2022,Vrancea,324,371,695,599,87,124,211,186,210837,224169,333711,67.17459119,2.082640368,0.632283623,2.84105731,0.882198096,2.714923991,26405,2923,44380,8608,1772,35,84123,31.38856199,3.474673989,52.75608335,10.23263555,2.10643938,0.041605744,36249,3444,34966,8876,1999,28,1.37280818,1.178241533,0.787877422,1.031133829,1.128103837,0.8,110900,21900,19.74752029,10.8330238,414.5687337,6101,3573,1277,385,358,72.52475542,42.47352092,15.18015287,4.576631837,4.25567324
